kata,person,person_as_written,person_id,in_dataset,role,era,disputed
Aoyagi,Kenwa Mabuni,"Kenwa Mabuni and Yasuhiro Konishi, with advice from Morihei Ueshiba",Q453505,yes,originated,c. 1935-1940,
Aoyagi,Kenwa Mabuni,Kenwa Mabuni,Q453505,yes,created,c. 1935-1940,
Aoyagi,Yasuhiro Konishi,Yasuhiro Konishi,Q4351940,yes,created,c. 1935-1940,
Chinto (Wado-ryu),Sokon Matsumura,attributed to Sokon Matsumura (folklore); Wado adaptation by Hironori Otsuka,Q715769,yes,originated,"Wado version 1930s (declared among the nine official kata, 1977)",
Chinto (Wado-ryu),Sokon Matsumura,Sokon Matsumura,Q715769,yes,created,"Wado version 1930s (declared among the nine official kata, 1977)",
Chinto (Wado-ryu),Hironori Otsuka,Hironori Otsuka,Q386415,yes,standardised,"Wado version 1930s (declared among the nine official kata, 1977)",
Empi,Tomari-te lineage attributed to the Chinese envoy Wang Ji,Tomari-te lineage attributed to the Chinese envoy Wang Ji (Wanshu); renamed by Gichin Funakoshi,,"group or body, not an individual",originated,renamed 1935 (Wanshu lineage traditionally dated 1683),
Empi,Gichin Funakoshi,Gichin Funakoshi,Q41105,yes,renamed,renamed 1935 (Wanshu lineage traditionally dated 1683),
Gankaku,Sokon Matsumura from the teachings of the shipwrecked Chinese sailor Chinto,attributed to Sokon Matsumura from the teachings of the shipwrecked Chinese sailor Chinto (folklore); renamed by Gichin Funakoshi,,NO — person missing,originated,renamed 1935 (Chinto lineage mid-19th century),
Gankaku,Sokon Matsumura,Sokon Matsumura,Q715769,yes,created,renamed 1935 (Chinto lineage mid-19th century),
Gankaku,Gichin Funakoshi,Gichin Funakoshi,Q41105,yes,renamed,renamed 1935 (Chinto lineage mid-19th century),
Hangetsu,old Okinawan/Chinese lineage,old Okinawan/Chinese lineage (creator unknown); renamed by Gichin Funakoshi,,"group or body, not an individual",originated,renamed 1935 (Seisan among the oldest kata on Okinawa),
Hangetsu,Gichin Funakoshi,Gichin Funakoshi,Q41105,yes,renamed,renamed 1935 (Seisan among the oldest kata on Okinawa),
Heian,Anko Itosu,Anko Itosu (created the Pinan series); Gichin Funakoshi (Japanese renaming),Q527422,yes,originated,originals c. 1904; renamed 1935 (Karate-do Kyohan),
Heian,Anko Itosu,Anko Itosu,Q527422,yes,created,originals c. 1904; renamed 1935 (Karate-do Kyohan),
Heian,Gichin Funakoshi,Gichin Funakoshi,Q41105,yes,renamed,originals c. 1904; renamed 1935 (Karate-do Kyohan),
Junro,Tetsuhiko Asai,Tetsuhiko Asai,Q709520,yes,created,c. 1990s-2000s,
Kihon Kumite (Wado-ryu),Hironori Otsuka,Hironori Otsuka,Q386415,yes,created,1930s-1940s (refined from an original set of 36),
Kyoku series,Kanken Toyama,Kanken Toyama and senior students of the Shudokan,Q3772405,yes,originated,c. 1930s-1950s,
Kyoku series,Kanken Oyadomari,Kanken Oyadomari,,NO — person missing,created,c. 1930s-1950s,
Matsukaze,Tomari-te lineage,Tomari-te lineage (Matsumora line); renamed and arranged by Kenwa Mabuni,,"group or body, not an individual",originated,renamed c. 1930s-1940s,
Matsukaze,Kosaku Matsumora,Kosaku Matsumora,Q3028499,yes,standardised,renamed c. 1930s-1940s,
Matsukaze,Kenwa Mabuni,Kenwa Mabuni,Q453505,yes,renamed,renamed c. 1930s-1940s,
Meikyo,Rohai lineage from Tomari-te,"Rohai lineage from Tomari-te (Matsumora line), arranged by Anko Itosu; renamed and reworked for Shotokan",,"group or body, not an individual",originated,renamed 1935; Shotokan version reworked late 1930s-40s,
Meikyo,Anko Itosu,Anko Itosu,Q527422,yes,standardised,renamed 1935; Shotokan version reworked late 1930s-40s,
Meikyo,Gichin Funakoshi,Gichin Funakoshi,Q41105,yes,renamed,renamed 1935; Shotokan version reworked late 1930s-40s,
Meikyo,Gigo Funakoshi,Gigo Funakoshi,Q628761,yes,standardised,renamed 1935; Shotokan version reworked late 1930s-40s,
Seishan (Wado-ryu),old Okinawan lineage,old Okinawan lineage; Wado adaptation by Hironori Otsuka,,"group or body, not an individual",originated,Wado version 1930s (style founded 1934),
Seishan (Wado-ryu),Hironori Otsuka,Hironori Otsuka,Q386415,yes,standardised,Wado version 1930s (style founded 1934),
Shihohai,disputed: learned by Tsuyoshi Chitose from Hanashiro Chomo,disputed: learned by Tsuyoshi Chitose from Hanashiro Chomo (per Chitose's Kempo Karate-do) or from Aragaki Seisho,,NO — person missing,originated,19th-century Okinawa; fixed in Chito-ryu from 1946,
Shihohai,Chomo Hanashiro,Chomo Hanashiro,Q705617,yes,brought,19th-century Okinawa; fixed in Chito-ryu from 1946,
Shihohai,Tsuyoshi Chitose,Tsuyoshi Chitose,Q135222893,yes,standardised,19th-century Okinawa; fixed in Chito-ryu from 1946,
Sochin (Shotokan),Yoshitaka,"Yoshitaka (Gigo) Funakoshi, reworking the Aragaki-line Sochin",,NO — person missing,originated,late 1930s-early 1940s,
Sochin (Shotokan),Gigo Funakoshi,Gigo Funakoshi,Q628761,yes,created,late 1930s-early 1940s,
Taikyoku,Gichin Funakoshi,Gichin Funakoshi with his son Yoshitaka (Gigo) Funakoshi,Q41105,yes,originated,"c. 1940 (published in Karate-do Nyumon, 1943)",
Taikyoku,Gichin Funakoshi,Gichin Funakoshi,Q41105,yes,created,"c. 1940 (published in Karate-do Nyumon, 1943)",
Taikyoku,Gigo Funakoshi,Gigo Funakoshi,Q628761,yes,created,"c. 1940 (published in Karate-do Nyumon, 1943)",
Tekki,old Shuri-te lineage,old Shuri-te lineage (creator unknown); Anko Itosu (three-kata arrangement); Gichin Funakoshi (renaming),,"group or body, not an individual",originated,renamed 1935 (Naihanchi originals 19th century or earlier),
Tekki,Anko Itosu,Anko Itosu,Q527422,yes,standardised,renamed 1935 (Naihanchi originals 19th century or earlier),
Tekki,Gichin Funakoshi,Gichin Funakoshi,Q41105,yes,renamed,renamed 1935 (Naihanchi originals 19th century or earlier),
Ten no Kata,Gichin Funakoshi,Gichin Funakoshi with Yoshitaka (Gigo) Funakoshi,Q41105,yes,originated,"early 1940s (published in Karate-do Nyumon, 1943)",
Ten no Kata,Gichin Funakoshi,Gichin Funakoshi,Q41105,yes,created,"early 1940s (published in Karate-do Nyumon, 1943)",
Ten no Kata,Gigo Funakoshi,Gigo Funakoshi,Q628761,yes,created,"early 1940s (published in Karate-do Nyumon, 1943)",
Tenshin,Tsuyoshi Chitose,Tsuyoshi Chitose (probable creation),Q135222893,yes,originated,mid-20th century (after 1946),
Tenshin,Tsuyoshi Chitose,Tsuyoshi Chitose,Q135222893,yes,created,mid-20th century (after 1946),
Wankan (Shotokan),Tomari-te lineage,Tomari-te lineage (Matsumora line); Shotokan version by Yoshitaka (Gigo) Funakoshi,,"group or body, not an individual",originated,Shotokan version late 1930s-1940s,
Wankan (Shotokan),Gigo Funakoshi,Gigo Funakoshi,Q628761,yes,created,Shotokan version late 1930s-1940s,
Akamine no Nunchaku,Eisuke Akamine,Akamine Eisuke,C00035,yes,originated,second half of the 20th century,
Akamine no Nunchaku,Eisuke Akamine,Eisuke Akamine,C00035,yes,created,second half of the 20th century,
Chatan Yara no Kon,Chatan Yara,Chatan Yara,Q542989,yes,created,early 18th century (traditional attribution),
Chatan Yara no Kon,Shinken Taira,Shinken Taira,Q723832,yes,standardised,early 18th century (traditional attribution),
Chatan Yara no Sai,Chatan Yara,Chatan Yara,Q542989,yes,created,early 18th century (traditional attribution),
Chatan Yara no Sai,Moden Yabiku,Moden Yabiku,C00373,yes,brought,early 18th century (traditional attribution),
Chatan Yara no Sai,Shinken Taira,Shinken Taira,Q723832,yes,standardised,early 18th century (traditional attribution),
Chinen Shikiyanaka no Kon,"Chinen Shikiyanaka, bo master of the Chinen family","Chinen Shikiyanaka, bo master of the Chinen family",,NO — person missing,originated,19th century,
Chinen Shikiyanaka no Kon,Sanda Chinen,Sanda Chinen,C00449,yes,brought,19th century,
Chinen Shikiyanaka no Kon,Shinken Taira,Shinken Taira,Q723832,yes,standardised,19th century,
Hamahiga no Sai,Hamahiga Pechin of Hamahiga Island,Hamahiga Pechin of Hamahiga Island,,NO — person missing,originated,17th to 18th century (traditional attribution),
Hamahiga no Sai,Peechin Higa,Higa Peechin,Q1909096,yes,created,17th to 18th century (traditional attribution),
Hamahiga no Sai,Shinken Taira,Shinken Taira,Q723832,yes,standardised,17th to 18th century (traditional attribution),
Hamahiga no Tonfa,Hamahiga Pechin of Hamahiga Island,Hamahiga Pechin of Hamahiga Island,,NO — person missing,originated,17th to 18th century (traditional attribution),
Hamahiga no Tonfa,Peechin Higa,Higa Peechin,Q1909096,yes,created,17th to 18th century (traditional attribution),
Hamahiga no Tonfa,Shinken Taira,Shinken Taira,Q723832,yes,standardised,17th to 18th century (traditional attribution),
Hantagwa no Sai,Tsuken Hantagwa of Tsuken Island,Tsuken Hantagwa of Tsuken Island,,NO — person missing,originated,19th century (traditional attribution),
Hantagwa no Sai,Tsuken Hantaka,Tsuken Hantaka,C00627,yes,created,19th century (traditional attribution),
Hantagwa no Sai,Shinken Taira,Shinken Taira,Q723832,yes,standardised,19th century (traditional attribution),
Jigen no Sai,Shinken Taira,Shinken Taira,Q723832,yes,standardised,19th to 20th century (transmission unclear),
Kama nu Ti,Shinko Matayoshi,Matayoshi Shinko,Q1908088,yes,originated,early to mid 20th century (methods older),
Kama nu Ti,Shinko Matayoshi,Shinko Matayoshi,Q1908088,yes,created,early to mid 20th century (methods older),
Kama nu Ti,Shinpo Matayoshi,Shinpo Matayoshi,Q1908090,yes,standardised,early to mid 20th century (methods older),
Kanegawa no Nichogama,Kanegawa,"Kanegawa (Kanigawa), biographical details lost",,NO — person missing,originated,19th century (traditional attribution),
Kanegawa no Nichogama,Shinken Taira,Shinken Taira,Q723832,yes,standardised,19th century (traditional attribution),
Kanegawa no Tinbe,Kanegawa,"Kanegawa (Kanigawa), biographical details lost",,NO — person missing,originated,19th century (traditional attribution),
Kanegawa no Tinbe,Shinken Taira,Shinken Taira,Q723832,yes,standardised,19th century (traditional attribution),
Kojo no Sai,Kojo family of Kume,"Kojo family of Kume (Kuninda), Naha",,NO — person missing,originated,19th century (family tradition older),
Kojo no Sai,Shinken Taira,Shinken Taira,Q723832,yes,standardised,19th century (family tradition older),
Kongo no Kon,Shinken Taira,Taira Shinken,Q723832,yes,originated,mid 20th century (c. 1950s),
Kongo no Kon,Shinken Taira,Shinken Taira,Q723832,yes,created,mid 20th century (c. 1950s),
Kusanku Sai,Tatsuo Shimabuku,Shimabuku Tatsuo,Q27363,yes,originated,c. 1950s-1960s,
Kusanku Sai,Tatsuo Shimabuku,Tatsuo Shimabuku,Q27363,yes,created,c. 1950s-1960s,
Kuwa nu Ti,Shinko Matayoshi,Matayoshi Shinko,Q1908088,yes,originated,early 20th century (methods older),
Kuwa nu Ti,Shinko Matayoshi,Shinko Matayoshi,Q1908088,yes,created,early 20th century (methods older),
Kuwa nu Ti,Shinpo Matayoshi,Shinpo Matayoshi,Q1908090,yes,standardised,early 20th century (methods older),
Kyan no Sai,the circle of Kyan Chotoku,attributed to the circle of Kyan Chotoku; assembled by Shimabuku Tatsuo,,NO — person missing,originated,first half of the 20th century; fixed c. 1956,
Kyan no Sai,Chotoku Kyan,Chotoku Kyan,Q2393877,yes,brought,first half of the 20th century; fixed c. 1956,
Kyan no Sai,Tatsuo Shimabuku,Tatsuo Shimabuku,Q27363,yes,standardised,first half of the 20th century; fixed c. 1956,
Maezato no Nunchaku,Shinken Taira,Taira Shinken (born Maezato Shinken),Q723832,yes,originated,mid 20th century (c. 1930s-1950s),
Maezato no Nunchaku,Shinken Taira,Shinken Taira,Q723832,yes,created,mid 20th century (c. 1930s-1950s),
Maezato no Tekko,Shinken Taira,Taira Shinken (born Maezato Shinken),Q723832,yes,originated,mid 20th century (c. 1930s-1950s),
Maezato no Tekko,Shinken Taira,Shinken Taira,Q723832,yes,created,mid 20th century (c. 1930s-1950s),
Manji no Sai,Shinken Taira,Taira Shinken,Q723832,yes,originated,mid 20th century (c. 1950s),
Manji no Sai,Shinken Taira,Shinken Taira,Q723832,yes,created,mid 20th century (c. 1950s),
Matayoshi no Nunchaku,Shinko Matayoshi,Matayoshi Shinko,Q1908088,yes,originated,early to mid 20th century,
Matayoshi no Nunchaku,Shinko Matayoshi,Shinko Matayoshi,Q1908088,yes,created,early to mid 20th century,
Matayoshi no Nunchaku,Shinpo Matayoshi,Shinpo Matayoshi,Q1908090,yes,standardised,early to mid 20th century,
Matayoshi no Sai,Shinko Matayoshi,Matayoshi Shinko,Q1908088,yes,originated,early to mid 20th century,
Matayoshi no Sai,Shinko Matayoshi,Shinko Matayoshi,Q1908088,yes,created,early to mid 20th century,
Matayoshi no Sai,Shinpo Matayoshi,Shinpo Matayoshi,Q1908090,yes,standardised,early to mid 20th century,
Matayoshi no Tunkua,Shinko Matayoshi,Matayoshi Shinko,Q1908088,yes,originated,early to mid 20th century,
Matayoshi no Tunkua,Shinko Matayoshi,Shinko Matayoshi,Q1908088,yes,created,early to mid 20th century,
Matayoshi no Tunkua,Shinpo Matayoshi,Shinpo Matayoshi,Q1908090,yes,standardised,early to mid 20th century,
Nunti,Shinko Matayoshi,Matayoshi Shinko,Q1908088,yes,originated,early 20th century (methods older),
Nunti,Shinko Matayoshi,Shinko Matayoshi,Q1908088,yes,created,early 20th century (methods older),
Nunti,Shinpo Matayoshi,Shinpo Matayoshi,Q1908090,yes,standardised,early 20th century (methods older),
Sakugawa no Kon,Sakugawa Kanga,Sakugawa Kanga (Tode Sakugawa),,NO — person missing,originated,late 18th to early 19th century,
Sakugawa no Kon,Kanga Sakukawa,Kanga Sakukawa,Q921673,yes,created,late 18th to early 19th century,
Sakugawa no Kon,Moden Yabiku,Moden Yabiku,C00373,yes,brought,late 18th to early 19th century,
Sakugawa no Kon,Shinken Taira,Shinken Taira,Q723832,yes,standardised,late 18th to early 19th century,
Sansetsukon Dai Ichi,Shinko Matayoshi,"Matayoshi Shinko (from Kingai-ryu, Fuzhou)",Q1908088,yes,originated,learned c. 1911-1934; codified mid 20th century,
Sansetsukon Dai Ichi,Shinko Matayoshi,Shinko Matayoshi,Q1908088,yes,brought,learned c. 1911-1934; codified mid 20th century,
Sansetsukon Dai Ichi,Shinpo Matayoshi,Shinpo Matayoshi,Q1908090,yes,standardised,learned c. 1911-1934; codified mid 20th century,
Sesoko no Kon,"Sesoko, biographical details lost","Sesoko, biographical details lost",,NO — person missing,originated,19th century (traditional attribution),
Sesoko no Kon,Shinken Taira,Shinken Taira,Q723832,yes,standardised,19th century (traditional attribution),
Shirotaru no Kon,Shirotaru,"Shirotaru (Shirataru), biographical details uncertain",W0010,yes,originated,18th to 19th century (traditional attribution),
Shirotaru no Kon,Shinken Taira,Shinken Taira,Q723832,yes,standardised,18th to 19th century (traditional attribution),
Shirotaru no Kon,Sanda Chinen,Sanda Chinen,C00449,yes,brought,18th to 19th century (traditional attribution),
Shoun no Kon,Shoun,"Shoun (Choun), identity uncertain, possibly a Chinese settler",KN010,yes,originated,19th century (traditional attribution),
Shoun no Kon,Shinko Matayoshi,Shinko Matayoshi,Q1908088,yes,brought,19th century (traditional attribution),
Shoun no Kon,Shinken Taira,Shinken Taira,Q723832,yes,standardised,19th century (traditional attribution),
Shushi no Kon Dai,Shushi,"Shushi (Zhou), a Chinese settler in Okinawa (traditional attribution)",KN002,yes,originated,19th century (traditional attribution),
Shushi no Kon Dai,Moden Yabiku,Moden Yabiku,C00373,yes,brought,19th century (traditional attribution),
Shushi no Kon Dai,Shinken Taira,Shinken Taira,Q723832,yes,standardised,19th century (traditional attribution),
Shushi no Kon Sho,Shushi,"Shushi (Zhou), a Chinese settler in Okinawa (traditional attribution)",KN002,yes,originated,19th century (traditional attribution),
Shushi no Kon Sho,Moden Yabiku,Moden Yabiku,C00373,yes,brought,19th century (traditional attribution),
Shushi no Kon Sho,Shinken Taira,Shinken Taira,Q723832,yes,standardised,19th century (traditional attribution),
Soeishi no Kon,Soeishi Ryotoku,Soeishi Ryotoku (Soeishi Uekata) of Shuri,KN003,yes,originated,18th century (traditional attribution),
Soeishi no Kon,Soeishi,Soeishi,B0030,yes,created,18th century (traditional attribution),
Soeishi no Kon,Shinken Taira,Shinken Taira,Q723832,yes,standardised,18th century (traditional attribution),
Soeishi no Kon,Tatsuo Shimabuku,Tatsuo Shimabuku,Q27363,yes,renamed,18th century (traditional attribution),
Sueyoshi no Kon,Sueyoshi,"Sueyoshi (Shuri), biographical details lost",KN008,yes,originated,19th century (traditional attribution),
Sueyoshi no Kon,Shinken Taira,Shinken Taira,Q723832,yes,standardised,19th century (traditional attribution),
Sunakake no Kon,Shinken Taira,Shinken Taira,Q723832,yes,standardised,19th century (traditional attribution); fixed 20th century,
Tawada no Sai,Tawada Shinboku,Tawada Shinboku (Tawada Pechin) of Shuri,KN011,yes,originated,19th century,
Tawada no Sai,Shinken Taira,Shinken Taira,Q723832,yes,standardised,19th century,
Tinbe (Matayoshi),Shinko Matayoshi,Matayoshi Shinko,Q1908088,yes,originated,early 20th century,
Tinbe (Matayoshi),Shinko Matayoshi,Shinko Matayoshi,Q1908088,yes,brought,early 20th century,
Tinbe (Matayoshi),Shinpo Matayoshi,Shinpo Matayoshi,Q1908090,yes,standardised,early 20th century,
Tokumine no Kun,Tokumine Pechin of Shuri,Tokumine Pechin of Shuri,,NO — person missing,originated,late 19th century,
Tokumine no Kun,Chotoku Kyan,Chotoku Kyan,Q2393877,yes,brought,late 19th century,
Tokumine no Kun,Tatsuo Shimabuku,Tatsuo Shimabuku,Q27363,yes,standardised,late 19th century,
Tsuken Shitahaku no Sai,"Tsuken Shitahaku, biographical details uncertain","Tsuken Shitahaku, biographical details uncertain",,NO — person missing,originated,late 18th to 19th century (traditional attribution),
Tsuken Shitahaku no Sai,Moden Yabiku,Moden Yabiku,C00373,yes,brought,late 18th to 19th century (traditional attribution),
Tsuken Shitahaku no Sai,Shinken Taira,Shinken Taira,Q723832,yes,standardised,late 18th to 19th century (traditional attribution),
Tsuken Sunakake no Eku,"Tsuken Akachu, oarsman of Tsuken Island","Tsuken Akachu, oarsman of Tsuken Island (legendary)",,NO — person missing,originated,19th century (traditional attribution),
Tsuken Sunakake no Eku,Tsuken Akachu,Tsuken Akachu,C00626,yes,created,19th century (traditional attribution),
Tsuken Sunakake no Eku,Shinken Taira,Shinken Taira,Q723832,yes,standardised,19th century (traditional attribution),
Tsuken no Kon,Tsuken Seisoku,Tsuken Seisoku (Shosoku) Oyakata of Tsuken Island,,NO — person missing,originated,18th century (traditional attribution),
Tsuken no Kon,Tsuken Shosoku Oyakata,Tsuken Shosoku Oyakata,A0025,yes,created,18th century (traditional attribution),
Tsuken no Kon,Shinken Taira,Shinken Taira,Q723832,yes,standardised,18th century (traditional attribution),
Ufuchiku no Sai,Sanda Kanagusuku,Kanagusuku Sanda (Kinjo Ufuchiku),C00450,yes,originated,late 19th century,
Ufuchiku no Sai,Sanda Kanagusuku,Sanda Kanagusuku,C00450,yes,created,late 19th century,
Ufuchiku no Sai,Shosei Kina,Shosei Kina,C00527,yes,standardised,late 19th century,
Ufuchiku no Sai,Kaishu Isa,Kaishu Isa,A0127,yes,standardised,late 19th century,
Urashi no Kon,Uhugushiku,"Uhugushiku (Ufugusuku), bushi associated with Urasoe (traditional attribution)",A0221,yes,originated,19th century (traditional attribution),
Urashi no Kon,Uhugushiku,Uhugushiku,A0221,yes,created,19th century (traditional attribution),
Urashi no Kon,Shinken Taira,Shinken Taira,Q723832,yes,standardised,19th century (traditional attribution),
Yaka no Sai,Yaka,"Yaka (Kin district), biographical details lost",,NO — person missing,originated,19th century (traditional attribution),
Yaka no Sai,Shinken Taira,Shinken Taira,Q723832,yes,standardised,19th century (traditional attribution),
Yaraguwa no Tonfa,Yaraguwa,"Yaraguwa ('young Yara'), traditionally of the Chatan Yara line",,NO — person missing,originated,18th to 19th century (traditional attribution),
Yaraguwa no Tonfa,Chatan Yara,Chatan Yara,Q542989,yes,created,18th to 19th century (traditional attribution),
Yaraguwa no Tonfa,Shinken Taira,Shinken Taira,Q723832,yes,standardised,18th to 19th century (traditional attribution),
Yonegawa no Kon,Yonegawa,"Yonegawa (Yunigawa), biographical details lost",,NO — person missing,originated,19th century (traditional attribution),
Yonegawa no Kon,Moden Yabiku,Moden Yabiku,C00373,yes,brought,19th century (traditional attribution),
Yonegawa no Kon,Shinken Taira,Shinken Taira,Q723832,yes,standardised,19th century (traditional attribution),
Bassai,Attributed variously to Sokon Matsumura and Oyadomari lineages,Attributed variously to Sokon Matsumura and Oyadomari lineages (origin uncertain),,"group or body, not an individual",originated,Passai 18th-19th century; in Korea from mid-1940s,
Bassai,Sokon Matsumura,Sokon Matsumura,Q715769,yes,standardised,Passai 18th-19th century; in Korea from mid-1940s,
Bassai,Won Kuk Lee,Won Kuk Lee,Q9096235,yes,brought,Passai 18th-19th century; in Korea from mid-1940s,
Bassai,Hwang Kee,Hwang Kee,A0001,yes,brought,Passai 18th-19th century; in Korea from mid-1940s,
Bassai,Byung Jick Ro,Byung Jick Ro,A0151,yes,brought,Passai 18th-19th century; in Korea from mid-1940s,
Chil Sung series,Hwang Kee,Hwang Kee,A0001,yes,created,Created from 1952,
Choi-Yong,Choi Hong-hi,Choi Hong-hi and his pattern team,Q356335,yes,originated,By 1972 (ITF canon),
Choi-Yong,Choi Hong-hi,Choi Hong-hi,Q356335,yes,created,By 1972 (ITF canon),
Chon-Ji,Choi Hong-hi,Choi Hong-hi and his pattern team,Q356335,yes,originated,c. 1955-1962,
Chon-Ji,Choi Hong-hi,Choi Hong-hi,Q356335,yes,created,c. 1955-1962,
Chon-Ji,Nam Tae-hi,Nam Tae-hi,A0003,yes,created,c. 1955-1962,
Chonkwon,KTA/Kukkiwon poomsae committee,KTA/Kukkiwon poomsae committee,,"group or body, not an individual",originated,1967 (yudanja set),
Chonkwon,Lee Chong-woo,Lee Chong-woo,A0176,yes,created,1967 (yudanja set),
Chonkwon,Lee Kyo-yoon,Lee Kyo-yoon,A0172,yes,created,1967 (yudanja set),
Choong-Jang,Choi Hong-hi,Choi Hong-hi and his pattern team,Q356335,yes,originated,By 1972 (ITF canon),
Choong-Jang,Choi Hong-hi,Choi Hong-hi,Q356335,yes,created,By 1972 (ITF canon),
Choong-Moo,Choi Hong-hi,Choi Hong-hi with Nam Tae-hi,Q356335,yes,originated,1955 (among the first tul created),
Choong-Moo,Choi Hong-hi,Choi Hong-hi,Q356335,yes,created,1955 (among the first tul created),
Choong-Moo,Nam Tae-hi,Nam Tae-hi,A0003,yes,created,1955 (among the first tul created),
Chul Ki series,Unknown Okinawan/Chinese origin,Unknown Okinawan/Chinese origin; standardised by Anko Itosu,,"group or body, not an individual",originated,Naihanchi 19th century or earlier; in Korea from mid-1940s,
Chul Ki series,Anko Itosu,Anko Itosu,Q527422,yes,standardised,Naihanchi 19th century or earlier; in Korea from mid-1940s,
Chul Ki series,Won Kuk Lee,Won Kuk Lee,Q9096235,yes,brought,Naihanchi 19th century or earlier; in Korea from mid-1940s,
Chul Ki series,Hwang Kee,Hwang Kee,A0001,yes,brought,Naihanchi 19th century or earlier; in Korea from mid-1940s,
Chul Ki series,Byung Jick Ro,Byung Jick Ro,A0151,yes,brought,Naihanchi 19th century or earlier; in Korea from mid-1940s,
Dan Kwon / Jang Kwon / Palgi Kwon,Yoon Byung-in,Yoon Byung-in,A0154,yes,brought,Taught in Korea 1946-1950s,
Dan Kwon / Jang Kwon / Palgi Kwon,Park Chul-hee,Park Chul-hee,A0174,yes,standardised,Taught in Korea 1946-1950s,
Dan-Gun,Choi Hong-hi,Choi Hong-hi and his pattern team,Q356335,yes,originated,c. 1955-1962,
Dan-Gun,Choi Hong-hi,Choi Hong-hi,Q356335,yes,created,c. 1955-1962,
Dan-Gun,Nam Tae-hi,Nam Tae-hi,A0003,yes,created,c. 1955-1962,
Do-San,Choi Hong-hi,Choi Hong-hi and his pattern team,Q356335,yes,originated,c. 1955-1962,
Do-San,Choi Hong-hi,Choi Hong-hi,Q356335,yes,created,c. 1955-1962,
Do-San,Nam Tae-hi,Nam Tae-hi,A0003,yes,created,c. 1955-1962,
Eui-Am,Choi Hong-hi,Choi Hong-hi and his pattern team,Q356335,yes,originated,By 1972 (ITF canon),
Eui-Am,Choi Hong-hi,Choi Hong-hi,Q356335,yes,created,By 1972 (ITF canon),
Ge-Baek,Choi Hong-hi,Choi Hong-hi and his pattern team,Q356335,yes,originated,By the mid-1960s,
Ge-Baek,Choi Hong-hi,Choi Hong-hi,Q356335,yes,created,By the mid-1960s,
Hansu,KTA/Kukkiwon poomsae committee,KTA/Kukkiwon poomsae committee,,"group or body, not an individual",originated,1967 (yudanja set),
Hansu,Lee Chong-woo,Lee Chong-woo,A0176,yes,created,1967 (yudanja set),
Hansu,Lee Kyo-yoon,Lee Kyo-yoon,A0172,yes,created,1967 (yudanja set),
Hwa Sun,Hwang Kee,Hwang Kee,A0001,yes,created,Late 20th century (after 1957),
Hwa-Rang,Choi Hong-hi,Choi Hong-hi with Nam Tae-hi,Q356335,yes,originated,1955 (among the first tul created),
Hwa-Rang,Choi Hong-hi,Choi Hong-hi,Q356335,yes,created,1955 (among the first tul created),
Hwa-Rang,Nam Tae-hi,Nam Tae-hi,A0003,yes,created,1955 (among the first tul created),
Ilyeo,KTA/Kukkiwon poomsae committee,KTA/Kukkiwon poomsae committee,,"group or body, not an individual",originated,1967 (yudanja set),
Ilyeo,Lee Chong-woo,Lee Chong-woo,A0176,yes,created,1967 (yudanja set),
Ilyeo,Lee Kyo-yoon,Lee Kyo-yoon,A0172,yes,created,1967 (yudanja set),
Ji On,Unknown,Unknown; Tomari-te temple-kata tradition,,"group or body, not an individual",originated,19th century; in Korea from mid-1940s,
Ji On,Won Kuk Lee,Won Kuk Lee,Q9096235,yes,brought,19th century; in Korea from mid-1940s,
Ji On,Hwang Kee,Hwang Kee,A0001,yes,brought,19th century; in Korea from mid-1940s,
Jin Do,"Sokon Matsumura, from the sailor Chintō","Attributed to Sokon Matsumura, from the sailor Chintō (folklore)",,NO — person missing,originated,Chintō mid-19th century; in Korea from mid-1940s,
Jin Do,Sokon Matsumura,Sokon Matsumura,Q715769,yes,created,Chintō mid-19th century; in Korea from mid-1940s,
Jin Do,Hwang Kee,Hwang Kee,A0001,yes,brought,Chintō mid-19th century; in Korea from mid-1940s,
Jin Do,Won Kuk Lee,Won Kuk Lee,Q9096235,yes,brought,Chintō mid-19th century; in Korea from mid-1940s,
Jitae,KTA/Kukkiwon poomsae committee,KTA/Kukkiwon poomsae committee,,"group or body, not an individual",originated,1967 (yudanja set),
Jitae,Lee Chong-woo,Lee Chong-woo,A0176,yes,created,1967 (yudanja set),
Jitae,Lee Kyo-yoon,Lee Kyo-yoon,A0172,yes,created,1967 (yudanja set),
Joong-Gun,Choi Hong-hi,Choi Hong-hi and his pattern team,Q356335,yes,originated,c. 1955-1962,
Joong-Gun,Choi Hong-hi,Choi Hong-hi,Q356335,yes,created,c. 1955-1962,
Joong-Gun,Nam Tae-hi,Nam Tae-hi,A0003,yes,created,c. 1955-1962,
Juche,Choi Hong-hi,Choi Hong-hi with the ITF technical committee,Q356335,yes,originated,c. 1986,
Juche,Choi Hong-hi,Choi Hong-hi,Q356335,yes,created,c. 1986,
Keumgang,KTA/Kukkiwon poomsae committee,KTA/Kukkiwon poomsae committee,,"group or body, not an individual",originated,1967 (yudanja set),
Keumgang,Lee Chong-woo,Lee Chong-woo,A0176,yes,created,1967 (yudanja set),
Keumgang,Lee Kyo-yoon,Lee Kyo-yoon,A0172,yes,created,1967 (yudanja set),
Kicho Hyung,Gichin Funakoshi,Gichin Funakoshi and Gigo Funakoshi (Taikyoku model); adapted by Hwang Kee and Won Kuk Lee,Q41105,yes,originated,Taikyoku c. 1936-1940; Korean versions mid-1940s,
Kicho Hyung,Gichin Funakoshi,Gichin Funakoshi,Q41105,yes,created,Taikyoku c. 1936-1940; Korean versions mid-1940s,
Kicho Hyung,Hwang Kee,Hwang Kee,A0001,yes,standardised,Taikyoku c. 1936-1940; Korean versions mid-1940s,
Kicho Hyung,Won Kuk Lee,Won Kuk Lee,Q9096235,yes,brought,Taikyoku c. 1936-1940; Korean versions mid-1940s,
Ko-Dang,Choi Hong-hi,Choi Hong-hi and his pattern team,Q356335,yes,originated,By 1972; removed from the official 24 c. 1986,
Ko-Dang,Choi Hong-hi,Choi Hong-hi,Q356335,yes,created,By 1972; removed from the official 24 c. 1986,
Kong Sang Koon,"Kata attributed to Tode Sakugawa, after the envoy Kusanku","Kata attributed to Tode Sakugawa, after the envoy Kusanku",,NO — person missing,originated,Kata c. 1760s-1800s; in Korea from mid-1940s,
Kong Sang Koon,Kusanku,Kusanku,Q1929108,yes,created,Kata c. 1760s-1800s; in Korea from mid-1940s,
Kong Sang Koon,Won Kuk Lee,Won Kuk Lee,Q9096235,yes,brought,Kata c. 1760s-1800s; in Korea from mid-1940s,
Kong Sang Koon,Hwang Kee,Hwang Kee,A0001,yes,brought,Kata c. 1760s-1800s; in Korea from mid-1940s,
Koryo,KTA/Kukkiwon poomsae committee,KTA/Kukkiwon poomsae committee,,"group or body, not an individual",originated,Original version 1965-1967; current version 1972,
Koryo,Lee Chong-woo,Lee Chong-woo,A0176,yes,created,Original version 1965-1967; current version 1972,
Koryo,Lee Kyo-yoon,Lee Kyo-yoon,A0172,yes,created,Original version 1965-1967; current version 1972,
Kwang-Gae,Choi Hong-hi,Choi Hong-hi and his pattern team,Q356335,yes,originated,By the mid-1960s,
Kwang-Gae,Choi Hong-hi,Choi Hong-hi,Q356335,yes,created,By the mid-1960s,
Moon-Moo,Choi Hong-hi,Choi Hong-hi and his pattern team,Q356335,yes,originated,By 1972 (ITF canon),
Moon-Moo,Choi Hong-hi,Choi Hong-hi,Q356335,yes,created,By 1972 (ITF canon),
O Sip Sa Bo,Anko Itosu,Shuri-te transmission via Sokon Matsumura and Anko Itosu,Q527422,yes,originated,19th century; in Korea from mid-1940s,
O Sip Sa Bo,Anko Itosu,Anko Itosu,Q527422,yes,standardised,19th century; in Korea from mid-1940s,
O Sip Sa Bo,Hwang Kee,Hwang Kee,A0001,yes,brought,19th century; in Korea from mid-1940s,
Palgwae series,Korea Taekwondo Association poomsae committee,Korea Taekwondo Association poomsae committee,,"group or body, not an individual",originated,"Created 1965-1967, adopted 1967; superseded 1971-1972",
Palgwae series,Lee Chong-woo,Lee Chong-woo,A0176,yes,created,"Created 1965-1967, adopted 1967; superseded 1971-1972",
Palgwae series,Lee Kyo-yoon,Lee Kyo-yoon,A0172,yes,created,"Created 1965-1967, adopted 1967; superseded 1971-1972",
Po-Eun,Choi Hong-hi,Choi Hong-hi and his pattern team,Q356335,yes,originated,By the mid-1960s,
Po-Eun,Choi Hong-hi,Choi Hong-hi,Q356335,yes,created,By the mid-1960s,
Pyongwon,KTA/Kukkiwon poomsae committee,KTA/Kukkiwon poomsae committee,,"group or body, not an individual",originated,1967 (yudanja set),
Pyongwon,Lee Chong-woo,Lee Chong-woo,A0176,yes,created,1967 (yudanja set),
Pyongwon,Lee Kyo-yoon,Lee Kyo-yoon,A0172,yes,created,1967 (yudanja set),
Pyung Ahn series,Anko Itosu,Anko Itosu,Q527422,yes,created,Created c. 1904-1907; in Korea from mid-1940s,
Pyung Ahn series,Won Kuk Lee,Won Kuk Lee,Q9096235,yes,brought,Created c. 1904-1907; in Korea from mid-1940s,
Pyung Ahn series,Byung Jick Ro,Byung Jick Ro,A0151,yes,brought,Created c. 1904-1907; in Korea from mid-1940s,
Pyung Ahn series,Hwang Kee,Hwang Kee,A0001,yes,brought,Created c. 1904-1907; in Korea from mid-1940s,
Ro Hai,Kosaku Matsumora,Tomari-te kata associated with Kosaku Matsumora; three versions standardised by Anko Itosu,Q3028499,yes,originated,19th century; in Korea from mid-1940s,
Ro Hai,Anko Itosu,Anko Itosu,Q527422,yes,standardised,19th century; in Korea from mid-1940s,
Ro Hai,Hwang Kee,Hwang Kee,A0001,yes,brought,19th century; in Korea from mid-1940s,
Ro Hai,Yun Kwae-byung,Yun Kwae-byung,A0152,yes,brought,19th century; in Korea from mid-1940s,
Saju Jirugi / Saju Makgi,Choi Hong-hi,Choi Hong-hi and early Oh Do Kwan instructors,Q356335,yes,originated,c. 1955-1960s,
Saju Jirugi / Saju Makgi,Choi Hong-hi,Choi Hong-hi,Q356335,yes,created,c. 1955-1960s,
Saju Jirugi / Saju Makgi,Nam Tae-hi,Nam Tae-hi,A0003,yes,created,c. 1955-1960s,
Sam-Il,Choi Hong-hi,Choi Hong-hi and his pattern team,Q356335,yes,originated,By 1972 (ITF canon),
Sam-Il,Choi Hong-hi,Choi Hong-hi,Q356335,yes,created,By 1972 (ITF canon),
Se-Jong,Choi Hong-hi,Choi Hong-hi and his pattern team,Q356335,yes,originated,By 1972 (ITF canon),
Se-Jong,Choi Hong-hi,Choi Hong-hi,Q356335,yes,created,By 1972 (ITF canon),
Sip Soo,Unknown,Unknown; Tomari-te kata standardised through Itosu,,"group or body, not an individual",originated,Jitte 19th century; in Korea from mid-1940s,
Sip Soo,Anko Itosu,Anko Itosu,Q527422,yes,standardised,Jitte 19th century; in Korea from mid-1940s,
Sip Soo,Hwang Kee,Hwang Kee,A0001,yes,brought,Jitte 19th century; in Korea from mid-1940s,
Sip Soo,Won Kuk Lee,Won Kuk Lee,Q9096235,yes,brought,Jitte 19th century; in Korea from mid-1940s,
Sipjin,KTA/Kukkiwon poomsae committee,KTA/Kukkiwon poomsae committee,,"group or body, not an individual",originated,1967 (yudanja set),
Sipjin,Lee Chong-woo,Lee Chong-woo,A0176,yes,created,1967 (yudanja set),
Sipjin,Lee Kyo-yoon,Lee Kyo-yoon,A0172,yes,created,1967 (yudanja set),
So-San,Choi Hong-hi,Choi Hong-hi and his pattern team,Q356335,yes,originated,By 1972 (ITF canon),
So-San,Choi Hong-hi,Choi Hong-hi,Q356335,yes,created,By 1972 (ITF canon),
Songahm series,Haeng Ung Lee,Haeng Ung Lee,,NO — person missing,created,"Introduced 1983, completed through the 1990s",
Taebaek,KTA/Kukkiwon poomsae committee,KTA/Kukkiwon poomsae committee,,"group or body, not an individual",originated,1967 (yudanja set),
Taebaek,Lee Chong-woo,Lee Chong-woo,A0176,yes,created,1967 (yudanja set),
Taebaek,Lee Kyo-yoon,Lee Kyo-yoon,A0172,yes,created,1967 (yudanja set),
Taegeuk Chil Jang,KTA/Kukkiwon poomsae committee,KTA/Kukkiwon poomsae committee,,"group or body, not an individual",originated,1971-1972,
Taegeuk Chil Jang,Lee Chong-woo,Lee Chong-woo,A0176,yes,created,1971-1972,
Taegeuk Chil Jang,Lee Kyo-yoon,Lee Kyo-yoon,A0172,yes,created,1971-1972,
Taegeuk Ee Jang,KTA/Kukkiwon poomsae committee,KTA/Kukkiwon poomsae committee,,"group or body, not an individual",originated,1971-1972,
Taegeuk Ee Jang,Lee Chong-woo,Lee Chong-woo,A0176,yes,created,1971-1972,
Taegeuk Ee Jang,Lee Kyo-yoon,Lee Kyo-yoon,A0172,yes,created,1971-1972,
Taegeuk Il Jang,KTA/Kukkiwon poomsae committee,KTA/Kukkiwon poomsae committee,,"group or body, not an individual",originated,1971-1972,
Taegeuk Il Jang,Lee Chong-woo,Lee Chong-woo,A0176,yes,created,1971-1972,
Taegeuk Il Jang,Lee Kyo-yoon,Lee Kyo-yoon,A0172,yes,created,1971-1972,
Taegeuk Oh Jang,KTA/Kukkiwon poomsae committee,KTA/Kukkiwon poomsae committee,,"group or body, not an individual",originated,1971-1972,
Taegeuk Oh Jang,Lee Chong-woo,Lee Chong-woo,A0176,yes,created,1971-1972,
Taegeuk Oh Jang,Lee Kyo-yoon,Lee Kyo-yoon,A0172,yes,created,1971-1972,
Taegeuk Pal Jang,KTA/Kukkiwon poomsae committee,KTA/Kukkiwon poomsae committee,,"group or body, not an individual",originated,1971-1972,
Taegeuk Pal Jang,Lee Chong-woo,Lee Chong-woo,A0176,yes,created,1971-1972,
Taegeuk Pal Jang,Lee Kyo-yoon,Lee Kyo-yoon,A0172,yes,created,1971-1972,
Taegeuk Sa Jang,KTA/Kukkiwon poomsae committee,KTA/Kukkiwon poomsae committee,,"group or body, not an individual",originated,1971-1972,
Taegeuk Sa Jang,Lee Chong-woo,Lee Chong-woo,A0176,yes,created,1971-1972,
Taegeuk Sa Jang,Lee Kyo-yoon,Lee Kyo-yoon,A0172,yes,created,1971-1972,
Taegeuk Sam Jang,KTA/Kukkiwon poomsae committee,KTA/Kukkiwon poomsae committee,,"group or body, not an individual",originated,1971-1972,
Taegeuk Sam Jang,Lee Chong-woo,Lee Chong-woo,A0176,yes,created,1971-1972,
Taegeuk Sam Jang,Lee Kyo-yoon,Lee Kyo-yoon,A0172,yes,created,1971-1972,
Taegeuk Yuk Jang,KTA/Kukkiwon poomsae committee,KTA/Kukkiwon poomsae committee,,"group or body, not an individual",originated,1971-1972,
Taegeuk Yuk Jang,Lee Chong-woo,Lee Chong-woo,A0176,yes,created,1971-1972,
Taegeuk Yuk Jang,Lee Kyo-yoon,Lee Kyo-yoon,A0172,yes,created,1971-1972,
Toi-Gye,Choi Hong-hi,Choi Hong-hi and his pattern team,Q356335,yes,originated,c. 1955-1962,
Toi-Gye,Choi Hong-hi,Choi Hong-hi,Q356335,yes,created,c. 1955-1962,
Toi-Gye,Nam Tae-hi,Nam Tae-hi,A0003,yes,created,c. 1955-1962,
Tong-Il,Choi Hong-hi,Choi Hong-hi and his pattern team,Q356335,yes,originated,By 1972 (ITF canon),
Tong-Il,Choi Hong-hi,Choi Hong-hi,Q356335,yes,created,By 1972 (ITF canon),
U-Nam,Choi Hong-hi,Choi Hong-hi and his pattern team,Q356335,yes,originated,Published 1959; dropped in the 1960s,
U-Nam,Choi Hong-hi,Choi Hong-hi,Q356335,yes,created,Published 1959; dropped in the 1960s,
Ul-Ji,Choi Hong-hi,Choi Hong-hi and his pattern team,Q356335,yes,originated,c. 1960 (Choi aged 42); in canon by 1972,
Ul-Ji,Choi Hong-hi,Choi Hong-hi,Q356335,yes,created,c. 1960 (Choi aged 42); in canon by 1972,
Won-Hyo,Choi Hong-hi,Choi Hong-hi and his pattern team,Q356335,yes,originated,c. 1955-1962,
Won-Hyo,Choi Hong-hi,Choi Hong-hi,Q356335,yes,created,c. 1955-1962,
Won-Hyo,Nam Tae-hi,Nam Tae-hi,A0003,yes,created,c. 1955-1962,
Yon-Gae,Choi Hong-hi,Choi Hong-hi and his pattern team,Q356335,yes,originated,By 1972 (ITF canon),
Yon-Gae,Choi Hong-hi,Choi Hong-hi,Q356335,yes,created,By 1972 (ITF canon),
Yoo-Sin,Choi Hong-hi,Choi Hong-hi and his pattern team,Q356335,yes,originated,By 1972 (ITF canon),
Yoo-Sin,Choi Hong-hi,Choi Hong-hi,Q356335,yes,created,By 1972 (ITF canon),
Yuk Ro series,Hwang Kee,Hwang Kee,A0001,yes,created,"Created from 1958, after Hwang Kee's 1957 discovery of the Muye Dobo Tongji",
Yul-Gok,Choi Hong-hi,Choi Hong-hi and his pattern team,Q356335,yes,originated,c. 1955-1962,
Yul-Gok,Choi Hong-hi,Choi Hong-hi,Q356335,yes,created,c. 1955-1962,
Yul-Gok,Nam Tae-hi,Nam Tae-hi,A0003,yes,created,c. 1955-1962,
Yun Bi,linked to the envoy Wang Ji,Traditionally linked to the envoy Wang Ji; Tomari-te transmission,,NO — person missing,originated,Wanshu 17th-19th century tradition; in Korea from mid-1940s,
Yun Bi,Won Kuk Lee,Won Kuk Lee,Q9096235,yes,brought,Wanshu 17th-19th century tradition; in Korea from mid-1940s,
Yun Bi,Hwang Kee,Hwang Kee,A0001,yes,brought,Wanshu 17th-19th century tradition; in Korea from mid-1940s,
Ashihara kata series,Hideyuki Ashihara,Hideyuki Ashihara,Q919033,yes,created,"1980s (style founded 1980; kata published in Fighting Karate, 1985)",
Enshin kata series,Joko Ninomiya,Joko Ninomiya,Q562887,yes,created,1988 onwards,
Garyu,Masutatsu,Masutatsu (Mas) Oyama,,NO — person missing,originated,c. 1950s-1960s,
Garyu,Mas Oyama,Mas Oyama,Q294548,yes,created,c. 1950s-1960s,
Pinan sono ichi-go,Anko Itosu,Anko Itosu (originals); Kyokushin adaptation by Mas Oyama,Q527422,yes,originated,originals c. 1904; Kyokushin versions 1950s-60s,
Pinan sono ichi-go,Anko Itosu,Anko Itosu,Q527422,yes,created,originals c. 1904; Kyokushin versions 1950s-60s,
Pinan sono ichi-go,Mas Oyama,Mas Oyama,Q294548,yes,standardised,originals c. 1904; Kyokushin versions 1950s-60s,
Sanchin (Kyokushin),Fujian Chinese lineage via Kanryo Higaonna,Fujian Chinese lineage via Kanryo Higaonna; closed-fist version by Chojun Miyagi; brought into Kyokushin by Mas Oyama,,"group or body, not an individual",originated,Qing-era China and Meiji Okinawa; in Kyokushin from the 1950s,
Sanchin (Kyokushin),Chojun Miyagi,Chojun Miyagi,Q221121,yes,standardised,Qing-era China and Meiji Okinawa; in Kyokushin from the 1950s,
Sanchin (Kyokushin),Mas Oyama,Mas Oyama,Q294548,yes,brought,Qing-era China and Meiji Okinawa; in Kyokushin from the 1950s,
Sushiho,Shuri-te lineage,Shuri-te lineage (Matsumura/Itosu line); Kyokushin version by Mas Oyama,,"group or body, not an individual",originated,19th-century Okinawa; Kyokushin version 1950s-60s,
Sushiho,Mas Oyama,Mas Oyama,Q294548,yes,renamed,19th-century Okinawa; Kyokushin version 1950s-60s,
Taikyoku sono ichi-san,Gigo Funakoshi,adapted by Mas Oyama from the Shotokan Taikyoku of Gichin and Gigo Funakoshi,Q628761,yes,originated,1950s-1964 (Kyokushinkaikan syllabus),
Taikyoku sono ichi-san,Gichin Funakoshi,Gichin Funakoshi,Q41105,yes,created,1950s-1964 (Kyokushinkaikan syllabus),
Taikyoku sono ichi-san,Gigo Funakoshi,Gigo Funakoshi,Q628761,yes,created,1950s-1964 (Kyokushinkaikan syllabus),
Taikyoku sono ichi-san,Mas Oyama,Mas Oyama,Q294548,yes,standardised,1950s-1964 (Kyokushinkaikan syllabus),
Tensho (Kyokushin),Chojun Miyagi,"Chojun Miyagi (created 1921, drawing on the Chinese Rokkishu); brought into Kyokushin by Mas Oyama",Q221121,yes,originated,1921; in Kyokushin from the 1950s-60s,
Tensho (Kyokushin),Chojun Miyagi,Chojun Miyagi,Q221121,yes,created,1921; in Kyokushin from the 1950s-60s,
Tensho (Kyokushin),Mas Oyama,Mas Oyama,Q294548,yes,brought,1921; in Kyokushin from the 1950s-60s,
Tsuki no Kata,"Seigo Tada, founder of Seigokan Goju-ryu","Seigo Tada, founder of Seigokan Goju-ryu",,NO — person missing,originated,mid-20th century (Seigokan founded 1945); in Kyokushin by the 1960s-70s,
Tsuki no Kata,Seigo Tada,Seigo Tada,Q7446692,yes,created,mid-20th century (Seigokan founded 1945); in Kyokushin by the 1960s-70s,
Tsuki no Kata,Tadashi Nakamura,Tadashi Nakamura,Q706955,yes,brought,mid-20th century (Seigokan founded 1945); in Kyokushin by the 1960s-70s,
Yantsu,uncertain,uncertain; plausibly adapted by Mas Oyama from the kata Ansan/Hansan of Motobu-ha Shito-ryu,,NO — person missing,originated,Kyokushin form standardised 1950s-60s,
Yantsu,Mas Oyama,Mas Oyama,Q294548,yes,standardised,Kyokushin form standardised 1950s-60s,
Anan,Ryu Ryu Ko,Ryu Ryu Ko (transmitted; ultimate creator unknown),Q954330,yes,originated,Qing-era China; brought to Okinawa c. 1840s,
Anan,Norisato Nakaima,Norisato Nakaima,C00244,yes,brought,Qing-era China; brought to Okinawa c. 1840s,
Anan,Kenko Nakaima,Kenko Nakaima,C00232,yes,standardised,Qing-era China; brought to Okinawa c. 1840s,
Anan,Teruo Hayashi,Teruo Hayashi,C00586,yes,brought,Qing-era China; brought to Okinawa c. 1840s,
Anan,Tsuguo Sakumoto,Tsuguo Sakumoto,C00625,yes,standardised,Qing-era China; brought to Okinawa c. 1840s,
Chikan,Kaho Kojo,Kaho Kojo,C00108,yes,brought,"imported in the 4th family generation (Kaho Kojo, 1849-1925)",
Gekisai dai ichi,Chojun Miyagi,Chojun Miyagi,Q221121,yes,created,1940,
Gekisai dai ni,Chojun Miyagi,Chojun Miyagi,Q221121,yes,created,1940,
Hakkaku,Kojo family tradition ascribes the animal kata to the lineage of Kojo Uekata,Kojo family tradition ascribes the animal kata to the lineage of Kojo Uekata (Cai Zhaogong),,"group or body, not an individual",originated,undocumented; family tradition reaches back to the 18th century,
Hakkaku,Kojo UEKATA,Kojo UEKATA,C00269,yes,brought,undocumented; family tradition reaches back to the 18th century,
Hakko,Kojo family tradition ascribes the animal kata to the lineage of Kojo Uekata,Kojo family tradition ascribes the animal kata to the lineage of Kojo Uekata (Cai Zhaogong),,"group or body, not an individual",originated,undocumented; family tradition reaches back to the 18th century,
Hakko,Kojo UEKATA,Kojo UEKATA,C00269,yes,brought,undocumented; family tradition reaches back to the 18th century,
Hakuryu,Kojo family tradition ascribes the animal kata to the lineage of Kojo Uekata,Kojo family tradition ascribes the animal kata to the lineage of Kojo Uekata (Cai Zhaogong),,"group or body, not an individual",originated,undocumented; family tradition reaches back to the 18th century,
Hakuryu,Kojo UEKATA,Kojo UEKATA,C00269,yes,brought,undocumented; family tradition reaches back to the 18th century,
Heiku,Ryu Ryu Ko,Ryu Ryu Ko (transmitted; ultimate creator unknown),Q954330,yes,originated,Qing-era China; brought to Okinawa c. 1840s,
Heiku,Norisato Nakaima,Norisato Nakaima,C00244,yes,brought,Qing-era China; brought to Okinawa c. 1840s,
Heiku,Kenko Nakaima,Kenko Nakaima,C00232,yes,standardised,Qing-era China; brought to Okinawa c. 1840s,
Heiku,Teruo Hayashi,Teruo Hayashi,C00586,yes,brought,Qing-era China; brought to Okinawa c. 1840s,
Kukan,Kaho Kojo,Kaho Kojo,C00108,yes,brought,"imported in the 4th family generation (Kaho Kojo, 1849-1925)",
Kururunfa,Kanryo Higaonna,Kanryo Higaonna,Q699236,yes,brought,late 19th to early 20th century,
Kururunfa,Chojun Miyagi,Chojun Miyagi,Q221121,yes,standardised,late 19th to early 20th century,
Nepai,Gokenki,Gokenki (Wu Xianhui),C00084,yes,originated,brought to Okinawa c. 1910s-1920s,
Nepai,Gokenki,Gokenki,C00084,yes,brought,brought to Okinawa c. 1910s-1920s,
Nepai,Juhatsu Kyoda,Juhatsu Kyoda,A0012,yes,standardised,brought to Okinawa c. 1910s-1920s,
Nepai,Kenwa Mabuni,Kenwa Mabuni,Q453505,yes,renamed,brought to Okinawa c. 1910s-1920s,
Niseishi (Ryuei-ryu),Ryu Ryu Ko,Ryu Ryu Ko (transmitted; ultimate creator unknown),Q954330,yes,originated,Qing-era China; brought to Okinawa c. 1840s,
Niseishi (Ryuei-ryu),Norisato Nakaima,Norisato Nakaima,C00244,yes,brought,Qing-era China; brought to Okinawa c. 1840s,
Niseishi (Ryuei-ryu),Kenko Nakaima,Kenko Nakaima,C00232,yes,standardised,Qing-era China; brought to Okinawa c. 1840s,
Ohan,Ryu Ryu Ko,Ryu Ryu Ko (transmitted; ultimate creator unknown),Q954330,yes,originated,Qing-era China; brought to Okinawa c. 1840s,
Ohan,Norisato Nakaima,Norisato Nakaima,C00244,yes,brought,Qing-era China; brought to Okinawa c. 1840s,
Ohan,Kenko Nakaima,Kenko Nakaima,C00232,yes,standardised,Qing-era China; brought to Okinawa c. 1840s,
Pachu,Ryu Ryu Ko,Ryu Ryu Ko (transmitted; ultimate creator unknown),Q954330,yes,originated,Qing-era China; brought to Okinawa c. 1840s,
Pachu,Norisato Nakaima,Norisato Nakaima,C00244,yes,brought,Qing-era China; brought to Okinawa c. 1840s,
Pachu,Kenko Nakaima,Kenko Nakaima,C00232,yes,standardised,Qing-era China; brought to Okinawa c. 1840s,
Pachu,Teruo Hayashi,Teruo Hayashi,C00586,yes,brought,Qing-era China; brought to Okinawa c. 1840s,
Paiho,Ryu Ryu Ko,Ryu Ryu Ko (transmitted; ultimate creator unknown),Q954330,yes,originated,Qing-era China; brought to Okinawa c. 1840s,
Paiho,Norisato Nakaima,Norisato Nakaima,C00244,yes,brought,Qing-era China; brought to Okinawa c. 1840s,
Paiho,Kenko Nakaima,Kenko Nakaima,C00232,yes,standardised,Qing-era China; brought to Okinawa c. 1840s,
Paiku,Ryu Ryu Ko,Ryu Ryu Ko (transmitted; ultimate creator unknown),Q954330,yes,originated,Qing-era China; brought to Okinawa c. 1840s,
Paiku,Norisato Nakaima,Norisato Nakaima,C00244,yes,brought,Qing-era China; brought to Okinawa c. 1840s,
Paiku,Kenko Nakaima,Kenko Nakaima,C00232,yes,standardised,Qing-era China; brought to Okinawa c. 1840s,
Paiku,Teruo Hayashi,Teruo Hayashi,C00586,yes,brought,Qing-era China; brought to Okinawa c. 1840s,
Saifa,Kanryo Higaonna,Kanryo Higaonna,Q699236,yes,brought,late 19th to early 20th century,
Saifa,Chojun Miyagi,Chojun Miyagi,Q221121,yes,standardised,late 19th to early 20th century,
Sanchin,Ryu Ryu Ko,"Ryu Ryu Ko (transmitted the Higaonna line; ultimate creator unknown, Fujian tradition)",Q954330,yes,originated,Qing-era China; taught in Naha from c. 1880s,
Sanchin,Kanryo Higaonna,Kanryo Higaonna,Q699236,yes,brought,Qing-era China; taught in Naha from c. 1880s,
Sanchin,Chojun Miyagi,Chojun Miyagi,Q221121,yes,standardised,Qing-era China; taught in Naha from c. 1880s,
Sanchin,Kanbun Uechi,Kanbun Uechi,Q2473562,yes,brought,Qing-era China; taught in Naha from c. 1880s,
Sanseiru,Ryu Ryu Ko,Ryu Ryu Ko (transmitted; ultimate creator unknown),Q954330,yes,originated,Qing-era China; Okinawa from c. 1880s,
Sanseiru,Kanryo Higaonna,Kanryo Higaonna,Q699236,yes,brought,Qing-era China; Okinawa from c. 1880s,
Sanseiru,Chojun Miyagi,Chojun Miyagi,Q221121,yes,standardised,Qing-era China; Okinawa from c. 1880s,
Sanseiru,Norisato Nakaima,Norisato Nakaima,C00244,yes,brought,Qing-era China; Okinawa from c. 1880s,
Seiyunchin,Kanryo Higaonna,Kanryo Higaonna,Q699236,yes,brought,late 19th to early 20th century,
Seiyunchin,Chojun Miyagi,Chojun Miyagi,Q221121,yes,standardised,late 19th to early 20th century,
Sepai,Kanryo Higaonna,Kanryo Higaonna,Q699236,yes,brought,late 19th to early 20th century,
Sepai,Chojun Miyagi,Chojun Miyagi,Q221121,yes,standardised,late 19th to early 20th century,
Sesan,Ryu Ryu Ko,Ryu Ryu Ko (transmitted; ultimate creator unknown),Q954330,yes,originated,Qing-era China; Okinawa from c. 1880s,
Sesan,Kanryo Higaonna,Kanryo Higaonna,Q699236,yes,brought,Qing-era China; Okinawa from c. 1880s,
Sesan,Juhatsu Kyoda,Juhatsu Kyoda,A0012,yes,standardised,Qing-era China; Okinawa from c. 1880s,
Sesan,Norisato Nakaima,Norisato Nakaima,C00244,yes,brought,Qing-era China; Okinawa from c. 1880s,
Shisochin,Kanryo Higaonna,Kanryo Higaonna,Q699236,yes,brought,late 19th to early 20th century,
Shisochin,Chojun Miyagi,Chojun Miyagi,Q221121,yes,standardised,late 19th to early 20th century,
Suparinpei,Ryu Ryu Ko,Ryu Ryu Ko (transmitted; ultimate creator unknown),Q954330,yes,originated,Qing-era China; Okinawa from c. 1880s,
Suparinpei,Kanryo Higaonna,Kanryo Higaonna,Q699236,yes,brought,Qing-era China; Okinawa from c. 1880s,
Suparinpei,Chojun Miyagi,Chojun Miyagi,Q221121,yes,standardised,Qing-era China; Okinawa from c. 1880s,
Suparinpei,Juhatsu Kyoda,Juhatsu Kyoda,A0012,yes,standardised,Qing-era China; Okinawa from c. 1880s,
Tenkan,Kaho Kojo,Kaho Kojo,C00108,yes,brought,"imported in the 4th family generation (Kaho Kojo, 1849-1925)",
Tensho,Chojun Miyagi,Chojun Miyagi,Q221121,yes,created,1921,
Ananku,Chotoku Kyan,Chotoku Kyan,Q2393877,yes,created,c. 1930s (some accounts say as early as 1895),
Channan,Anko Itosu,Anko Itosu (as recorded; possibly reworking older Chinese material),Q527422,yes,originated,c. 1900-1905,
Channan,Anko Itosu,Anko Itosu,Q527422,yes,created,c. 1900-1905,
Chatan Yara no Kusanku,Chatan Yara,Chatan Yara,Q542989,yes,created,early-to-mid 18th century (attribution partly folklore),
Chatan Yara no Kusanku,Chotoku Kyan,Chotoku Kyan,Q2393877,yes,standardised,early-to-mid 18th century (attribution partly folklore),
Chinte,Anko Itosu,Anko Itosu,Q527422,yes,standardised,19th century,
Chinte,Gichin Funakoshi,Gichin Funakoshi,Q41105,yes,renamed,19th century,
Chinto,Chinto,Chintō (shipwrecked Chinese sailor; folklore),KN001,yes,originated,mid-19th century,
Chinto,Sokon Matsumura,Sokon Matsumura,Q715769,yes,standardised,mid-19th century,
Chinto,Kosaku Matsumora,Kosaku Matsumora,Q3028499,yes,standardised,mid-19th century,
Chinto,Gichin Funakoshi,Gichin Funakoshi,Q41105,yes,renamed,mid-19th century,
Gojushiho,Sokon Matsumura,Sokon Matsumura,Q715769,yes,standardised,19th century,
Gojushiho,Anko Itosu,Anko Itosu,Q527422,yes,standardised,19th century,
Gojushiho,Gichin Funakoshi,Gichin Funakoshi,Q41105,yes,renamed,19th century,
Hakutsuru,Sokon Matsumura,Sokon Matsumura (traditional attribution),Q715769,yes,originated,claimed mid-19th century; made public mid-20th century,
Hakutsuru,Sokon Matsumura,Sokon Matsumura,Q715769,yes,created,claimed mid-19th century; made public mid-20th century,
Hakutsuru,Nabe Matsumura,Nabe Matsumura,Q6956791,yes,standardised,claimed mid-19th century; made public mid-20th century,
Hakutsuru,Hohan Soken,Hohan Soken,Q3139173,yes,brought,claimed mid-19th century; made public mid-20th century,
Jiin,Anko Itosu,Anko Itosu,Q527422,yes,standardised,19th century,
Jiin,Gichin Funakoshi,Gichin Funakoshi,Q41105,yes,renamed,19th century,
Jitte,Anko Itosu,Anko Itosu,Q527422,yes,standardised,19th century,
Juroku,Kenwa Mabuni,Kenwa Mabuni,Q453505,yes,created,1941,
Kusanku,Kanga Sakukawa,"Kanga Sakukawa (attributed), after the envoy Kūsankū",Q921673,yes,originated,c. 1760s,
Kusanku,Kusanku,Kusanku,Q1929108,yes,brought,c. 1760s,
Kusanku,Kanga Sakukawa,Kanga Sakukawa,Q921673,yes,created,c. 1760s,
Kusanku,Anko Itosu,Anko Itosu,Q527422,yes,standardised,c. 1760s,
Kusanku,Gichin Funakoshi,Gichin Funakoshi,Q41105,yes,renamed,c. 1760s,
Kusanku Sho,Anko Itosu,Anko Itosu,Q527422,yes,created,late 19th century,
Kusanku Sho,Gichin Funakoshi,Gichin Funakoshi,Q41105,yes,renamed,late 19th century,
Matsumura no Passai,Sokon Matsumura,Sokon Matsumura,Q715769,yes,created,mid-19th century,
Matsumura no Passai,Hohan Soken,Hohan Soken,Q3139173,yes,standardised,mid-19th century,
Myojo,Kenwa Mabuni,Kenwa Mabuni,Q453505,yes,created,c. 1940s,
Naihanchi,Sokon Matsumura,Sokon Matsumura,Q715769,yes,standardised,19th century or earlier; Nidan and Sandan c. 1900,
Naihanchi,Anko Itosu,Anko Itosu,Q527422,yes,created,19th century or earlier; Nidan and Sandan c. 1900,
Naihanchi,Choki Motobu,Choki Motobu,Q1147708,yes,standardised,19th century or earlier; Nidan and Sandan c. 1900,
Naihanchi,Gichin Funakoshi,Gichin Funakoshi,Q41105,yes,renamed,19th century or earlier; Nidan and Sandan c. 1900,
Nidanbu,Soko Kishimoto,Soko Kishimoto,C00550,yes,created,late 19th-early 20th century,
Nidanbu,Seitoku Higa,Seitoku Higa,C00494,yes,brought,late 19th-early 20th century,
Nidanbu,Kiyohiko Higa,Kiyohiko Higa,C00253,yes,standardised,late 19th-early 20th century,
Niseishi,Seisho Arakaki,Seisho Arakaki,Q584466,yes,created,19th century,
Niseishi,Kenwa Mabuni,Kenwa Mabuni,Q453505,yes,standardised,19th century,
Niseishi,Gichin Funakoshi,Gichin Funakoshi,Q41105,yes,renamed,19th century,
Passai,Anko Itosu,Anko Itosu,Q527422,yes,standardised,by the mid-19th century; origins unknown,
Passai,Gichin Funakoshi,Gichin Funakoshi,Q41105,yes,renamed,by the mid-19th century; origins unknown,
Passai Sho,Anko Itosu,Anko Itosu,Q527422,yes,created,late 19th century,
Passai Sho,Gichin Funakoshi,Gichin Funakoshi,Q41105,yes,renamed,late 19th century,
Pinan,Anko Itosu,Anko Itosu,Q527422,yes,created,1904-1907 (introduced into Okinawan school physical education),
Pinan,Gichin Funakoshi,Gichin Funakoshi,Q41105,yes,renamed,1904-1907 (introduced into Okinawan school physical education),
"Rohai Shodan, Nidan, Sandan",Anko Itosu,Anko Itosu,Q527422,yes,created,c. 1900s,
"Rohai Shodan, Nidan, Sandan",Kenwa Mabuni,Kenwa Mabuni,Q453505,yes,standardised,c. 1900s,
"Rohai Shodan, Nidan, Sandan",Gichin Funakoshi,Gichin Funakoshi,Q41105,yes,renamed,c. 1900s,
Seisan,Sokon Matsumura,Sokon Matsumura,Q715769,yes,standardised,19th century or earlier,
Seisan,Chotoku Kyan,Chotoku Kyan,Q2393877,yes,standardised,19th century or earlier,
Seisan,Gichin Funakoshi,Gichin Funakoshi,Q41105,yes,renamed,19th century or earlier,
Shiho Kusanku,Anko Itosu,Anko Itosu (attributed),Q527422,yes,originated,c. 1900s,
Shiho Kusanku,Anko Itosu,Anko Itosu,Q527422,yes,created,c. 1900s,
Shiho Kusanku,Kenwa Mabuni,Kenwa Mabuni,Q453505,yes,standardised,c. 1900s,
Shinpa,Kenwa Mabuni,Kenwa Mabuni,Q453505,yes,created,c. 1930s-1940s,
Shinsei,Kenwa Mabuni,Kenwa Mabuni,Q453505,yes,created,c. 1940s,
Shiro Kuma,Choki Motobu,Choki Motobu (attributed),Q1147708,yes,originated,early 20th century (c. 1920s-1940s),
Shiro Kuma,Choki Motobu,Choki Motobu,Q1147708,yes,created,early 20th century (c. 1920s-1940s),
Sochin,Seisho Arakaki,Seisho Arakaki,Q584466,yes,created,mid-to-late 19th century; Shotokan version 1930s,
Sochin,Kenwa Mabuni,Kenwa Mabuni,Q453505,yes,standardised,mid-to-late 19th century; Shotokan version 1930s,
Sochin,Gigo Funakoshi,Gigo Funakoshi,Q628761,yes,standardised,mid-to-late 19th century; Shotokan version 1930s,
Sunsu,Tatsuo Shimabuku,Tatsuo Shimabuku,Q27363,yes,created,c. 1947-1956,
Tachimura no Kusanku,Kusanku,Kusanku,Q1929108,yes,brought,19th century (Kusanku tradition c. 1750s),
Tachimura no Kusanku,Tachimura no Peichin,Tachimura no Peichin,A0018,yes,standardised,19th century (Kusanku tradition c. 1750s),
Tachimura no Kusanku,Soko Kishimoto,Soko Kishimoto,C00550,yes,brought,19th century (Kusanku tradition c. 1750s),
Tachimura no Kusanku,Kiyohiko Higa,Kiyohiko Higa,C00253,yes,standardised,19th century (Kusanku tradition c. 1750s),
Tachimura no Naihanchi,Tachimura no Peichin,Tachimura no Peichin,A0018,yes,standardised,19th century,
Tachimura no Naihanchi,Soko Kishimoto,Soko Kishimoto,C00550,yes,brought,19th century,
Tachimura no Naihanchi,Seitoku Higa,Seitoku Higa,C00494,yes,brought,19th century,
Tachimura no Naihanchi,Kiyohiko Higa,Kiyohiko Higa,C00253,yes,standardised,19th century,
Tachimura no Passai,Tachimura no Peichin,Tachimura no Peichin,A0018,yes,standardised,19th century,
Tachimura no Passai,Soko Kishimoto,Soko Kishimoto,C00550,yes,brought,19th century,
Tachimura no Passai,Seitoku Higa,Seitoku Higa,C00494,yes,brought,19th century,
Tachimura no Passai,Kiyohiko Higa,Kiyohiko Higa,C00253,yes,standardised,19th century,
Unsu,Seisho Arakaki,Seisho Arakaki,Q584466,yes,created,19th century,
Unsu,Kenwa Mabuni,Kenwa Mabuni,Q453505,yes,standardised,19th century,
"Kasshindi (Ichi, Ni, San)",Seikichi Uehara,Seikichi Uehara,C00478,yes,created,20th century,
Mekata (Anji-kata no Mekata),Choyu Motobu,Choyu Motobu,Q706389,yes,brought,claimed Ryukyu Kingdom era; documented 20th century,
Mekata (Anji-kata no Mekata),Seikichi Uehara,Seikichi Uehara,C00478,yes,standardised,claimed Ryukyu Kingdom era; documented 20th century,
Mekata (Anji-kata no Mekata),Seitoku Higa,Seitoku Higa,C00494,yes,standardised,claimed Ryukyu Kingdom era; documented 20th century,
Motode Ichi and Ni,Choyu Motobu,Choyu Motobu,Q706389,yes,brought,formalised 20th century; tradition claims 17th-century palace roots,
Motode Ichi and Ni,Seikichi Uehara,Seikichi Uehara,C00478,yes,standardised,formalised 20th century; tradition claims 17th-century palace roots,
Rinkan,Seiyu Nakasone,Seiyu Nakasone,C00293,yes,brought,19th-early 20th century (documentation 20th century),
Rinkan,Iken Tokashiki,Tokashiki Iken,A0212,yes,standardised,19th-early 20th century (documentation 20th century),
Tomari Chinto,Chinto,"Chintō (shipwrecked Chinese sailor, per folklore)",KN001,yes,originated,mid 19th century,
Tomari Chinto,Kosaku Matsumora,Kosaku Matsumora,Q3028499,yes,standardised,mid 19th century,
Tomari Chinto,Chotoku Kyan,Chotoku Kyan,Q2393877,yes,brought,mid 19th century,
Tomari Chinto,Shoshin Nagamine,Shoshin Nagamine,Q1963468,yes,standardised,mid 19th century,
Tomari Chinto,Tatsuo Shimabuku,Tatsuo Shimabuku,Q27363,yes,standardised,mid 19th century,
Tomari Kusanku,Kusanku,"Kusanku (Chinese envoy, per tradition)",Q1929108,yes,originated,19th century (Kusanku tradition c. 1750s),
Tomari Kusanku,Kusanku,Kusanku,Q1929108,yes,brought,19th century (Kusanku tradition c. 1750s),
Tomari Kusanku,Kosaku Matsumora,Kosaku Matsumora,Q3028499,yes,standardised,19th century (Kusanku tradition c. 1750s),
Tomari Kusanku,Kodatsu Iha,Kodatsu Iha,C00261,yes,brought,19th century (Kusanku tradition c. 1750s),
Tomari Kusanku,Iken Tokashiki,Tokashiki Iken,A0212,yes,standardised,19th century (Kusanku tradition c. 1750s),
Tomari Naihanchi,Karyu Uku,Karyu Uku,C00206,yes,brought,early 19th century,
Tomari Naihanchi,Kosaku Matsumora,Kosaku Matsumora,Q3028499,yes,standardised,early 19th century,
Tomari Naihanchi,Iken Tokashiki,Tokashiki Iken,A0212,yes,standardised,early 19th century,
Tomari Passai,Kishin Teruya,Kishin Teruya,C00251,yes,brought,early-to-mid 19th century,
Tomari Passai,Kosaku Matsumora,Kosaku Matsumora,Q3028499,yes,standardised,early-to-mid 19th century,
Tomari Passai,Kokan Oyadomari,Kokan Oyadomari,Q6426547,yes,standardised,early-to-mid 19th century,
Tomari Passai,Chotoku Kyan,Chotoku Kyan,Q2393877,yes,brought,early-to-mid 19th century,
Tomari Rohai,Kosaku Matsumora,Kosaku Matsumora,Q3028499,yes,standardised,19th century,
Tomari Rohai,Kodatsu Iha,Kodatsu Iha,C00261,yes,brought,19th century,
Tomari Rohai,Shoshin Nagamine,Shoshin Nagamine,Q1963468,yes,standardised,19th century,
Wando,Kosaku Matsumora,Kosaku Matsumora,Q3028499,yes,brought,19th century (attributed),
Wankan,Kosaku Matsumora,Kosaku Matsumora,Q3028499,yes,standardised,19th century,
Wankan,Kodatsu Iha,Kodatsu Iha,C00261,yes,brought,19th century,
Wankan,Shoshin Nagamine,Shoshin Nagamine,Q1963468,yes,standardised,19th century,
Wankan,Kenwa Mabuni,Kenwa Mabuni,Q453505,yes,renamed,19th century,
Wanshu,Wang Ji,"Wang Ji (Wanshū), per folklore",C00641,yes,originated,folklore origin 1683; documented transmission 19th century,
Wanshu,Kishin Teruya,Kishin Teruya,C00251,yes,brought,folklore origin 1683; documented transmission 19th century,
Wanshu,Kosaku Matsumora,Kosaku Matsumora,Q3028499,yes,standardised,folklore origin 1683; documented transmission 19th century,
Wanshu,Maeda Pechin,Maeda Pechin,C00195,yes,brought,folklore origin 1683; documented transmission 19th century,
Wanshu,Chotoku Kyan,Chotoku Kyan,Q2393877,yes,brought,folklore origin 1683; documented transmission 19th century,
Wanshu,Gichin Funakoshi,Gichin Funakoshi,Q41105,yes,renamed,folklore origin 1683; documented transmission 19th century,
Wansu,Wang Ji,Wang Ji (Wanshū; folklore attribution),C00641,yes,originated,folklore places the source visit in 1683; kata documented from the 19th century,
Wansu,Kosaku Matsumora,Kosaku Matsumora,Q3028499,yes,standardised,folklore places the source visit in 1683; kata documented from the 19th century,
Wansu,Chotoku Kyan,Chotoku Kyan,Q2393877,yes,standardised,folklore places the source visit in 1683; kata documented from the 19th century,
Wansu,Gichin Funakoshi,Gichin Funakoshi,Q41105,yes,renamed,folklore places the source visit in 1683; kata documented from the 19th century,
Kanchin,Kanei Uechi,Kanei Uechi,Q1728269,yes,created,1960,
Kanshiwa,Kanei Uechi,Kanei Uechi (with Saburo Uehara),Q1728269,yes,originated,c. 1947-1950s,
Kanshiwa,Kanei Uechi,Kanei Uechi,Q1728269,yes,created,c. 1947-1950s,
Kanshiwa,Saburo Uehara,Saburo Uehara,C00444,yes,created,c. 1947-1950s,
Kanshu,Seiki Itokazu,Seiki Itokazu,C00480,yes,created,c. 1950s,
Sanseiryu,Shu Shiwa,Shu Shiwa (Zhou Zihe) (transmitted; ultimate creator unknown),,"group or body, not an individual",originated,Qing-era China; learned by Kanbun Uechi c. 1897-1907,
Sanseiryu,Kanbun Uechi,Kanbun Uechi,Q2473562,yes,brought,Qing-era China; learned by Kanbun Uechi c. 1897-1907,
Sanseiryu,Kanei Uechi,Kanei Uechi,Q1728269,yes,standardised,Qing-era China; learned by Kanbun Uechi c. 1897-1907,
Seichin,Saburo Uehara,Saburo Uehara,C00444,yes,created,c. 1954-1955,
Seichin,Kanei Uechi,Kanei Uechi,Q1728269,yes,standardised,c. 1954-1955,
Seiryu,Kanei Uechi,Kanei Uechi,Q1728269,yes,created,c. 1950,
Seisan (Uechi),Shu Shiwa,Shu Shiwa (Zhou Zihe) (transmitted; ultimate creator unknown),,"group or body, not an individual",originated,Qing-era China; learned by Kanbun Uechi c. 1897-1907,
Seisan (Uechi),Kanbun Uechi,Kanbun Uechi,Q2473562,yes,brought,Qing-era China; learned by Kanbun Uechi c. 1897-1907,
Seisan (Uechi),Kanei Uechi,Kanei Uechi,Q1728269,yes,standardised,Qing-era China; learned by Kanbun Uechi c. 1897-1907,
