id,label,parent,family,founder,founded,ancestry,n_people,aliases
chinese-martial-arts,Chinese Martial Arts,,chinese,,,Chinese Martial Arts,19,Chinese Martial Arts
chuan-fa,Chuan Fa,,chinese,,,Chuan Fa,9,Ch'uan Fa; Chuan Fa; Quan Fa
feeding-crane,Feeding Crane (Shihequan),fujian-white-crane,chinese,Zheng Li 鄭禮 (branch origin); transmitted at the seventh generation by Cai Zhong 蔡忠 to Cai Gongsong 蔡公頌 and then Lin Deshun 林德順,1927,Feeding Crane (Shihequan) < Fujian White Crane < Chinese Martial Arts,0,
flying-crane,Flying Crane (Feihequan),fujian-white-crane,chinese,"Zheng Ji 鄭濟, pupil of Zheng Li 鄭禮 (single-source attribution)",,Flying Crane (Feihequan) < Fujian White Crane < Chinese Martial Arts,1,
fujian-white-crane,Fujian White Crane,chinese-martial-arts,chinese,Fang Qiniang,1650,Fujian White Crane < Chinese Martial Arts,11,Báihèquán; Fujian White; Fujian White Crane; White Crane; Yongchun Baihequan; Yongchun White Crane; 白鶴拳
huzunquan,Tiger Boxing (Huzunquan),chinese-martial-arts,chinese,Li Yuanzhu 李元珠 (estimated 1716-1793),,Tiger Boxing (Huzunquan) < Chinese Martial Arts,3,
jumping-crane,Jumping or Ancestral Crane (Zonghequan),fujian-white-crane,chinese,Fang Shipei 方世培 (taboo name Huishi 徽石),,Jumping or Ancestral Crane (Zonghequan) < Fujian White Crane < Chinese Martial Arts,0,
kung-fu,Kung Fu,,chinese,,,Kung Fu,28,Kung Fu
luohan-quan,"Luohan Quan (Monk Fist, Arhat Boxing)",chinese-martial-arts,chinese,"no single founder; monastic transmission with regional lines (Quanzhou, Zhangzhou, Yongfu, Fuzhou)",,"Luohan Quan (Monk Fist, Arhat Boxing) < Chinese Martial Arts",1,
sleeping-crane,Sleeping Crane (Suhequan),fujian-white-crane,chinese,"not securely recorded; the Italian survey names Lin Chuanwu 林傳武 of Chengmen 城門, Fuzhou, taught five years by the monk Jue Qing 覺清 at Shimen temple 石門寺",,Sleeping Crane (Suhequan) < Fujian White Crane < Chinese Martial Arts,0,
whooping-crane,Whooping Crane (Minghequan),fujian-white-crane,chinese,"Xie Zongxiang (Xie Zhongxiang, 'Ryū Ryū Ko')",1883,Whooping Crane (Minghequan) < Fujian White Crane < Chinese Martial Arts,4,Calling Crane; Crying Crane; Minghequan; Whooping Crane (Minghequan); Whooping Crane Fist; 鳴鶴拳
asai-ryu,Asai-ha Shōtōkan-ryū (Japan Karate Shoto Federation),jka,japanese,Tetsuhiko Asai,2000,Asai-ha Shōtōkan-ryū (Japan Karate Shoto Federation) < Shotokan (Japan Karate Association line) < Shotokan < Shuri-te < Te,2,Asai-ha Shōtōkan-ryū (Japan Karate Shoto Federation); Asai-ryū; JKS; Japan Karate Shotorenmei; NPO Japan Karate Shōtōkai
bushin-kan,Bushin Kan (武心館),dai-nippon-butokukai,japanese,Hiroyuki Tesshin Hamada,,Bushin Kan (武心館) < Dai Nippon Butokukai,4,Bushin Kan (武心館); 武心館
butoku-kan-brazil,Butoku-kan (Escola de Karatê Butoku-kan),jka,japanese,Taketo Okuda,,Butoku-kan (Escola de Karatê Butoku-kan) < Shotokan (Japan Karate Association line) < Shotokan < Shuri-te < Te,0,
byakuren,Byakuren Kaikan,,japanese,Masayasu Sugihara,1984,Byakuren Kaikan,0,Byakuren Kaikan; Kokusai Karate Kenpō Renmei Byakuren Kaikan; 白蓮会館
chikubu-kai,Kuniba-ryū Karate-dō Chikubu-kai,kuniba-ha,japanese,William H. Price,1995,Kuniba-ryū Karate-dō Chikubu-kai < Kuniba-ha Shitō-ryū (Kuniba-kai) < Motobu-ha Shito-Ryu < Shito-Ryu < Shuri-te < Te,0,
chishin-ryu-heiho,Muso Chishin-ryu Heiho (無双知心流兵法),bushin-kan,japanese,Hiroyuki Tesshin Hamada,,Muso Chishin-ryu Heiho (無双知心流兵法) < Bushin Kan (武心館) < Dai Nippon Butokukai,4,"Muso Chishin-ryu Heiho (無双知心流兵法); 無双知心流兵法 (kanji inferred, not confirmed in a Japanese source)"
chito-ryu,Chito-Ryu,shuri-te,japanese,Tsuyoshi Chitose,1946,Chito-Ryu < Shuri-te < Te,14,Chito-Ryu; Chito-kai; Chitoryu; chitoryu
dento-shito-ryu,Dentō Shitō-ryū,shito-ryu,japanese,Kenei Mabuni,,Dentō Shitō-ryū < Shito-Ryu < Shuri-te < Te,2,Dento Shito Ryu International; Dentō Shitō-ryū; Traditional Shitō-ryū (Kenei Mabuni line)
doshinkan,Karatedō Dōshinkan,shudokan,japanese,Isao Ichikawa,1966,Karatedō Dōshinkan < Shudokan < Shuri-te < Te,3,Doshinkan; Karatedō Dōshinkan; Nihon Karatedō Dōshinkan; 道心館
fska,Funakoshi Shotokan Karate Association,jka,japanese,Kenneth Funakoshi,1987,Funakoshi Shotokan Karate Association < Shotokan (Japan Karate Association line) < Shotokan < Shuri-te < Te,1,
genbu-kai,Demura-ha Shitō-ryū Genbu-kai,itosu-ryu,japanese,Fumio Demura,1999,Demura-ha Shitō-ryū Genbu-kai < Itosu-Ryu < Shito-Ryu < Shuri-te < Te,3,Demura-ha Shitō-ryū Genbu-kai; Genbu-Kai; Japan Karate-do Genbu-kai; Shito-Ryu Karate-Do Genbu-Kai International; Shitō-ryū Karate-dō Genbu-kai International
genwakai,Genwakai (Nihon Budō Karate Genwakai),genseiryu,japanese,Nangō Tsugumasa (with former Renbukai and university club members),,Genwakai (Nihon Budō Karate Genwakai) < Genseiryū < Shuri-te < Te,1,Genwakai (Nihon Budō Karate Genwakai); Japan Budo Karate Genwakai; 日本武道空手玄和会
gima-ha,Gima-ha Shōtō-ryū,shotokan,japanese,Gima Shinkin (Makoto Gima),1956,Gima-ha Shōtō-ryū < Shotokan < Shuri-te < Te,1,Gima-ha Shotokan-ryu; Gima-ha Shōtō-ryū; 儀間派
gosoku-ryu,Gosoku-Ryu,shotokan,japanese,Takayuki Kubota,1953,Gosoku-Ryu < Shotokan < Shuri-te < Te,3,Gosoku Ryu; Gosoku RyuBackground; Gosoku-ryu; Gosoku-ryuBackground; International Karate Association
hayashi-ha-shito-ryu,Hayashi-ha Shitō-ryū,motobu-ha-shito-ryu,japanese,Teruo Hayashi,1970,Hayashi-ha Shitō-ryū < Motobu-ha Shito-Ryu < Shito-Ryu < Shuri-te < Te,4,Hayashi-Ha Shitoryu-Kai; Hayashi-ha Shitō-ryū-kai; Japan Karatedo Hayashi-ha Shitoryukai; hayashi-ha-shito-ryu; 日本空手道林派糸東流会
inoue-ha-shito-ryu,Inoue-ha Shitō-ryū Keishin-kai,hayashi-ha-shito-ryu,japanese,Yoshimi Inoue,2004,Inoue-ha Shitō-ryū Keishin-kai < Hayashi-ha Shitō-ryū < Motobu-ha Shito-Ryu < Shito-Ryu < Shuri-te < Te,4,Inoue-ha Shito-ryu; Inoue-ha Shito-ryu Keishinkai; Inoue-ha Shitō-ryū Keishin-kai; Keishin-kai; 井上派糸東流慶心会
iskf,International Shotokan Karate Federation (Okazaki-ha),jka,japanese,Teruyuki Okazaki,1977,International Shotokan Karate Federation (Okazaki-ha) < Shotokan (Japan Karate Association line) < Shotokan < Shuri-te < Te,3,ISKF; International Shotokan Karate Federation (Okazaki-ha)
itosu-ryu,Itosu-Ryu,shito-ryu,japanese,Ryusho Sakagami,1969,Itosu-Ryu < Shito-Ryu < Shuri-te < Te,8,Itosu Ryu; Itosu-ha Shitō-ryū; Itosu-kai; Japan Karatedo Itosu-kai; Japan Karatedō Itosu-kai; 日本空手道糸洲会
japanese-karate-generic,Japanese Karate,,japanese,,,Japanese Karate,91,Japanese Karate
jka,Shotokan (Japan Karate Association line),shotokan,japanese,Senior students of Gichin Funakoshi (honorary shihan); first chief instructor Masatoshi Nakayama,1949,Shotokan (Japan Karate Association line) < Shotokan < Shuri-te < Te,21,JKA; Japan Karate Association; Nihon Karate Kyōkai; Shotokan (Japan Karate Association line); 日本空手協会
jska,Japan Shotokan Karate Association (Abe-ha),jka,japanese,Keigo Abe,1999,Japan Shotokan Karate Association (Abe-ha) < Shotokan (Japan Karate Association line) < Shotokan < Shuri-te < Te,2,JSKA; Japan Shotokan Karate Association (Abe-ha)
kanbukan,Kanbukan (韓武舘),shudokan,japanese,,1945,Kanbukan (韓武舘) < Shudokan < Shuri-te < Te,0,Kanbukan (韓武舘)
kase-ha,Kase-ha Shōtōkan-ryū,jka,japanese,Taiji Kase (with Hiroshi Shirai),1989,Kase-ha Shōtōkan-ryū < Shotokan (Japan Karate Association line) < Shotokan < Shuri-te < Te,3,Kase-ha Shōtōkan-ryū; Shotokan Ryu Kase Ha; WKSA; World Kase-Ha Shotokan Karate-do Academy
kawata-ha-seikukai,Kawata-ha Seikūkai,shukokai,japanese,Shigemasa Kawata,1998,Kawata-ha Seikūkai < Shukokai < Shito-Ryu < Shuri-te < Te,1,Kawata-ha Seikukai Karate; Kawata-ha Seikūkai; Kawata-ha Shitō-ryū; Seikukai; Seikukai Karate
kendokai,Kendōkai,,japanese,Nakamura Hideo,1983,Kendōkai,1,Karate-dō Kendōkai; Kendō (Nakamura kempō); Kendōkai; 拳道会
kenkojuku,Kenkōjuku,shotokan,japanese,Tomosaburō Okano,1942,Kenkōjuku < Shotokan < Shuri-te < Te,3,Kenkojuku Budokan; Kenkokai Karate-bu; Kenkōjuku; 健康塾
kenyu-ryu,Kenyū-ryū,shito-ryu,japanese,Takamasa Tomoyose,1939,Kenyū-ryū < Shito-Ryu < Shuri-te < Te,1,Kenyu-ryu Karate-do; Kenyū-ryū; Tomoyori-ha; 賢友流空手道
kimura-shukokai,Kimura Shūkōkai,shukokai,japanese,Shigeru Kimura,1996,Kimura Shūkōkai < Shukokai < Shito-Ryu < Shuri-te < Te,7,KSI; Kimura Shukokai International; Kimura Shūkōkai
koden-shindo-ryu,Nihon Koden Shindō-ryū Karate-dō (日本古伝神道流空手道),tomari-te,japanese,Hiroyuki Hamada,1964,Nihon Koden Shindō-ryū Karate-dō (日本古伝神道流空手道) < Tomari-te < Te,1,Nihon Koden Shindō-ryū Karate-dō (日本古伝神道流空手道); 日本古伝神道流空手道
koei-kan,Kōei-kan,shudokan,japanese,Eizo Onishi,1952,Kōei-kan < Shudokan < Shuri-te < Te,2,Koeikan Karate-do; koei-kan
kofukan,Kōfukan (Tani-ha Shitō-ryū Kōfukan International),shukokai,japanese,Yasuhiro Suzuki,1974,Kōfukan (Tani-ha Shitō-ryū Kōfukan International) < Shukokai < Shito-Ryu < Shuri-te < Te,3,Kofukan International; Kōfukan (Tani-ha Shitō-ryū Kōfukan International); Shukokai World Karate Union Europe; Tani-ha Shitoryu Karate-do Kofukan
kotaka-ha-shito-ryu,Kotaka-ha Shitō-ryū,motobu-ha-shito-ryu,japanese,Chuzo Kotaka,1966,Kotaka-ha Shitō-ryū < Motobu-ha Shito-Ryu < Shito-Ryu < Shuri-te < Te,0,International Karate Federation (Hawaii); International Karate Federation (IKF Hawaii); Kotaka-Ha Shito-Ryu; Kotaka-ha Shitō-ryū
kuniba-ha,Kuniba-ha Shitō-ryū (Kuniba-kai),motobu-ha-shito-ryu,japanese,Shogo Kuniba,1992,Kuniba-ha Shitō-ryū (Kuniba-kai) < Motobu-ha Shito-Ryu < Shito-Ryu < Shuri-te < Te,4,Kuniba-ha Shitō-ryū (Kuniba-kai); Kuniba-kai International; Kuniba-ryu Karate-Do; Kuniba-ryū Goshindō; Kuniba-ryū Karate-dō; Nihon Karate-do Kuniba-kai
kusano-ha-shito-ryu,Kusano-ha Shitō-ryū Kenpō,shukokai,japanese,Kenji Kusano,1979,Kusano-ha Shitō-ryū Kenpō < Shukokai < Shito-Ryu < Shuri-te < Te,1,Kenshikan; Kusano-ha Shitō-ryū Kenpō; Kusano-ha Shitō-ryū Kenpō Karate-dō; World Kenshikan Kenpo Karatedo Association; 草野派糸東流拳法空手道会
kushin-ryu,Kushin-Ryu,goju-ryu,japanese,Sannosuke Ueshima,1932,Kushin-Ryu < Goju-Ryu < Naha-te < Te,3,Kushin Ryu; Kushin Ryu M Karate Do; Kushin Ryu M Karate-Do Indonesia (KKI); Kushin-Ryu; 空真流
kushin-ryu-kinjo,"Kūshin-ryū (空慎流, Kinjō line)",shito-ryu,japanese,,,"Kūshin-ryū (空慎流, Kinjō line) < Shito-Ryu < Shuri-te < Te",0,"Kūshin-ryū (空慎流, Kinjō line); 空慎流"
kwf,Karatenomichi World Federation (Yahara-ha),jka,japanese,Mikio Yahara,2000,Karatenomichi World Federation (Yahara-ha) < Shotokan (Japan Karate Association line) < Shotokan < Shuri-te < Te,1,KWF; Karatenomichi; Karatenomichi World Federation (Yahara-ha)
meibukai-shito-ryu,Shitō-ryū Meibukai,shito-ryu,japanese,Masatoshi Fujitani,,Shitō-ryū Meibukai < Shito-Ryu < Shuri-te < Te,0,Fujitani-ha; Nihon Karatedō Meibukai; Shitō-ryū Meibukai; 日本空手道明武会
motobu-ha-shito-ryu,Motobu-ha Shito-Ryu,shito-ryu,japanese,Kosei Kuniba,1943,Motobu-ha Shito-Ryu < Shito-Ryu < Shuri-te < Te,8,Kokuba-ha; Kuniba-Kai; Motobu-Ha Shito-Ryu; Seishin-kai; Seishin-kai Karate Union; Seishin-kan; Seishinkai; kuniba-ryu; 聖心会
nanbudo,Nanbudo,sankukai,japanese,Yoshinao Nanbu,1978,Nanbudo < Sankukai < Shukokai < Shito-Ryu < Shuri-te < Te,1,Nanbudo; nanbudo
nihon-bogu-karate,Nihon Bōgu Karate-dō Renmei (日本防具空手道連盟),renbukai,japanese,Katsumi Uesugi,2003,Nihon Bōgu Karate-dō Renmei (日本防具空手道連盟) < Renbukai (Zen Nihon Karatedō Renmei Renbukai) < Shudokan < Shuri-te < Te,1,Nihon Bōgu Karate-dō Renmei (日本防具空手道連盟); 日本防具空手道連盟
nihon-kenpo-karate-do,Nihon Kenpō Karate-dō (日本拳法空手道),motobu-ryu,japanese,Tatsuo Yamada,,Nihon Kenpō Karate-dō (日本拳法空手道) < Motobu-Ryu < Shuri-te < Te,1,Nihon Kenpō Karate-dō (日本拳法空手道); 日本拳法空手道
nippon-kempo,Nippon Kempō,shito-ryu,japanese,Muneomi Sawayama,1932,Nippon Kempō < Shito-Ryu < Shuri-te < Te,0,Nihon Kempo; Nippon Kempō; 日本拳法
nobukawa-ha-shito-ryu,Nobukawa-ha Shitō-ryū,shito-ryu,japanese,Kuniaki Nobukawa,2001,Nobukawa-ha Shitō-ryū < Shito-Ryu < Shuri-te < Te,2,Japan Karate-dō Nobukawa-ha Shitō-ryū Kai; Nobukawa-ha Shito-Ryu Kai; Nobukawa-ha Shitō-ryū; 日本空手道信川派糸東流会
ogasahara-ha-shito-ryu,Ogasahara-ha Shitō-ryū (Kenshukai),shito-ryu,japanese,Eiji Ogasahara,,Ogasahara-ha Shitō-ryū (Kenshukai) < Shito-Ryu < Shuri-te < Te,0,Japan Kenshukai Karate Association; Kenshukai Shito-ryu; Kenshukai Shitō-ryū; Ogasahara-ha Shitō-ryū (Kenshukai)
renbukai,Renbukai (Zen Nihon Karatedō Renmei Renbukai),shudokan,japanese,Senior students of Kanken Tōyama (first director Yun Kwae-byung); founded as Kanbukan,1945,Renbukai (Zen Nihon Karatedō Renmei Renbukai) < Shudokan < Shuri-te < Te,8,All Japan Karatedo Federation Renbukai; Kanbukan; Renbukai (Zen Nihon Karatedō Renmei Renbukai); Renbukan; 錬武会; 錬武舘; 韓武舘
sankukai,Sankukai,shukokai,japanese,Yoshinao Nanbu,1971,Sankukai < Shukokai < Shito-Ryu < Shuri-te < Te,2,Sankukai; Sankukai Karate; sankukai; sankukai-karate; 三空会
sato-ha-shito-ryu,Satō-ha Shitō-ryū,seiko-kai,japanese,Akira Sato,2017,Satō-ha Shitō-ryū < Suzuki-ha Shitō-ryū Seikō-kai < Itosu-Ryu < Shito-Ryu < Shuri-te < Te,1,Sato Ha Shito Ryu International Federation; Sato-Ha Shito-Ryu Kokusai Rengo; Satō-ha Shitō-ryū
seiki-kai-shito-ryu,Shitō-ryū Seiki-kai,shito-ryu,japanese,Masaru Watanabe,1946,Shitō-ryū Seiki-kai < Shito-Ryu < Shuri-te < Te,1,Nihon Karatedō Seikikai; Shitō-ryū Seiki-kai; 日本空手道正氣會
seiko-kai,Suzuki-ha Shitō-ryū Seikō-kai,itosu-ryu,japanese,Seiko Suzuki,1994,Suzuki-ha Shitō-ryū Seikō-kai < Itosu-Ryu < Shito-Ryu < Shuri-te < Te,2,Japan Karatedo Seikokai; Seiko-Kai; Suzuki-Ha Shito-Ryu Nihon Karatedo Seiko-Kai; Suzuki-ha Shitō-ryū Nihon Karatedō Seikō-kai; Suzuki-ha Shitō-ryū Seikō-kai
seito-shito-ryu,Seitō Shitō-ryū,shito-ryu,japanese,Kenzo Mabuni,1952,Seitō Shitō-ryū < Shito-Ryu < Shuri-te < Te,0,Nihon Karate-dō Kai; Nippon Karate-do Kai; Seito Shito-ryu; Seitō Shitō-ryū; Shito-Ryu International Karate-Do Kai; Shitō-ryū International Karate-dō Kai; 日本空手道会
shindo-jinen-ryu,Shindo Jinen-Ryu,shuri-te,japanese,Yasuhiro Konishi,1933,Shindo Jinen-Ryu < Shuri-te < Te,7,Japan Karate-Do Ryobu-Kai; Ryobu-kai; Ryōbu-kai; Shindo Jinen Ryu; Shindo jinen-ryu; 神道自然流
shingo-ha-yoshukai,Shingo-ha Yoshukai,yoshukai,japanese,Mike Sadler,,Shingo-ha Yoshukai < Yoshukai < Chito-Ryu < Shuri-te < Te,0,
shintaido,Shintaido (新体道),shotokai,japanese,Hiroyuki Aoki,1969,Shintaido (新体道) < Shotokai < Shotokan < Shuri-te < Te,1,
shintani-wado-kai,Shintani Wado Kai,wado-ryu,japanese,Masaru Shintani,1966,Shintani Wado Kai < Wado-Ryu < Shotokan < Shuri-te < Te,1,SWKKF; Shintani Wado Kai; Shintani Wado Kai Karate Federation
shito-kai,Shitō-kai Shitō-ryū,shito-ryu,japanese,Manzo Iwata,1964,Shitō-kai Shitō-ryū < Shito-Ryu < Shuri-te < Te,9,All Japan Karatedo Shito-kai; Higashi-Nihon Shito-kai; JKF Shitō-kai; Japan Karatedo Kai; Nishi-Nihon Shito-kai; Shitō-kai Shitō-ryū; World Shitoryu Karatedo Federation; World Shitōryū Karate-dō Federation (WSKF); 全日本空手道連盟糸東会
shito-ryu,Shito-Ryu,shuri-te,japanese,Kenwa Mabuni,1934,Shito-Ryu < Shuri-te < Te,58,Hanko-ryū (early name); Shito Ryu; Shito-Kai; Shito-Ryu; Shitokai; Shitoryu; kotaka-ha-shito-ryu; seito-shito-ryu; shitokai; shitoryu; 糸東流
shito-ryu-shobukan,Shitō-ryū Shōbukan (Kayō),motobu-ha-shito-ryu,japanese,Kyoshin Kayo,1965,Shitō-ryū Shōbukan (Kayō) < Motobu-ha Shito-Ryu < Shito-Ryu < Shuri-te < Te,1,Japan Karatedo Shobukan; Shitō-ryū Shōbukan (Kayō); Shōbukan Dōjō
shorin-ken,Shorin-Ken Karatedo (DNBK Honbu karate curriculum),dai-nippon-butokukai,japanese,,,Shorin-Ken Karatedo (DNBK Honbu karate curriculum) < Dai Nippon Butokukai,4,"Shorin-Ken Karatedo (DNBK Honbu karate curriculum); 少林拳 (kanji inferred, not confirmed in a Japanese source)"
shoshin-ha-shito-ryu,Shōshin-ha Shitō-ryū,itosu-ryu,japanese,Hisahiro Uno,,Shōshin-ha Shitō-ryū < Itosu-Ryu < Shito-Ryu < Shuri-te < Te,2,Shoshin-ha Shito-ryu Karatedo Renmei; Shōshin-ha Shitō-ryū; 尚心派糸東流空手道連盟
shotokai,Shotokai,shotokan,japanese,Shigeru Egami,1957,Shotokai < Shotokan < Shuri-te < Te,20,Dai Nihon Karate-do Shotokai; Shoto-kai; Shotokai
shotokan,Shotokan,shuri-te,japanese,Gichin Funakoshi,1936,Shotokan < Shuri-te < Te,108,JKA karate; Karatenomichi World Federation; SKIF; Shoto-ryu; Shotokan; Shotokan Karate; Shotokan Karate of America; Shotokan Ryu; Shotokan-Ryu; Shotokan-ryu; Shotoryu; shotokanryu; shotoryu
shukokai,Shukokai,shito-ryu,japanese,Chojiro Tani,1946,Shukokai < Shito-Ryu < Shuri-te < Te,19,Shukokai; Shukokai Karate; Tani-ha Shito-ryu; Tani-ha Shitō-ryū; tani-ha-shito-ryu; 修交会; 谷派糸東流拳法空手道修交会
ska,Shotokan Karate of America (Ohshima line),shotokan,japanese,Tsutomu Ohshima,1955,Shotokan Karate of America (Ohshima line) < Shotokan < Shuri-te < Te,4,SKA; Shotokan Karate of America (Ohshima line); Southern California Karate Association
skif,Shotokan Karate-do International Federation (Kanazawa-ha),jka,japanese,Hirokazu Kanazawa,1977,Shotokan Karate-do International Federation (Kanazawa-ha) < Shotokan (Japan Karate Association line) < Shotokan < Shuri-te < Te,5,SKI; Shotokan Karate International; Shotokan Karate-do International Federation (Kanazawa-ha)
tsuruoka-ryu,Tsuruoka-ryū,chito-ryu,japanese,Masami Tsuruoka,,Tsuruoka-ryū < Chito-Ryu < Shuri-te < Te,1,National Karate Association (Canada) lineage; Tsuruoka Karate-do; Tsuruoka-ryū
us-eastern-wado-ryu-federation,United States Eastern Wado-Ryu Karate Federation,wado-ryu,japanese,Cecil T. Patterson,1968,United States Eastern Wado-Ryu Karate Federation < Wado-Ryu < Shotokan < Shuri-te < Te,0,
wado-kai,Wadōkai (JKF Wadokai),wado-ryu,japanese,Hironori Ōtsuka (organisation continued within JKF after the 1981 split),1964,Wadōkai (JKF Wadokai) < Wado-Ryu < Shotokan < Shuri-te < Te,4,Japan Karate Federation Wadokai; Wadōkai (JKF Wadokai); Zen Nihon Karatedō Renmei Wadōkai; 和道会
wado-kokusai,Wadō Kokusai (Wado International Karate-do Federation),wado-ryu,japanese,Tatsuo Suzuki,1991,Wadō Kokusai (Wado International Karate-do Federation) < Wado-Ryu < Shotokan < Shuri-te < Te,5,Suzuki-ha Wadō-ryū; WIKF; Wado International Karate-do Federation; Wadō Kokusai (Wado International Karate-do Federation)
wado-ryu,Wado-Ryu,shotokan,japanese,Hironori Ōtsuka,1934,Wado-Ryu < Shotokan < Shuri-te < Te,38,CategorieWado-ryu; JKF Wadokai; WADOKAI; Wado Kokusai (WIKF); Wado-Kai; Wado-Ryu; Wado-kai; Wado-ryu Karate-do Renmei; WadoKai; Wadokai; wadokai; wadoryu
wado-ryu-karate-do-renmei,Wadōryū Karatedō Renmei,wado-ryu,japanese,Hironori Ōtsuka (succeeded by Hironori Ōtsuka II and III),1981,Wadōryū Karatedō Renmei < Wado-Ryu < Shotokan < Shuri-te < Te,2,Wado Ryu Karate Do Renmei; Wadōryū Karatedō Renmei; Wadōryū Renmei; 和道流空手道連盟
washin-ryu,Washin-Ryu,,japanese,Hidy Ochiai,1966,Washin-Ryu,1,Washin-Ryu Karate; Washin-Ryu karate; 和真流
wskf,World Shotokan Karate-do Federation (Kasuya-ha),jka,japanese,Hitoshi Kasuya,1990,World Shotokan Karate-do Federation (Kasuya-ha) < Shotokan (Japan Karate Association line) < Shotokan < Shuri-te < Te,1,
yamada-ha-shito-ryu-shukokai,Yamada-ha Shitō-ryū Shukokai,shukokai,japanese,Haruyoshi Yamada,1998,Yamada-ha Shitō-ryū Shukokai < Shukokai < Shito-Ryu < Shuri-te < Te,1,Shito-ryu Shukokai Karate-do Union; Shito-ryu Shukokai Union; Yamada-ha Shito-ryu Shukokai Karatedo World Union; Yamada-ha Shitō-ryū Shukokai; Yamada-ha Shitō-ryū Shukokai Karate-dō
yoshukai,Yoshukai,chito-ryu,japanese,Katsuoh Yamamoto,1963,Yoshukai < Chito-Ryu < Shuri-te < Te,5,Yoshukai Karate
yoshukai-international,Yoshukai International,yoshukai,japanese,Michael G. Foster,1980,Yoshukai International < Yoshukai < Chito-Ryu < Shuri-te < Te,1,Yoshukai International; Yoshukai International Karate Association; Yoshukai Karate International
yuishinkai,Yuishinkai (唯心会),shindo-jinen-ryu,japanese,"Inoue Motokatsu (井上元勝, 1918-1993)",1948,Yuishinkai (唯心会) < Shindo Jinen-Ryu < Shuri-te < Te,0,
zen-nihon-koshiki,Zen Nihon Kōshiki Karate-dō Renmei (全日本硬式空手道連盟),koshiki-karatedo,japanese,,1981,Zen Nihon Kōshiki Karate-dō Renmei (全日本硬式空手道連盟) < Kōshiki Karatedō < Shorinjiryu Kenkokan < Shorin-Ryu < Shuri-te < Te,0,Zen Nihon Kōshiki Karate-dō Renmei (全日本硬式空手道連盟); 全日本硬式空手道連盟
american-kenpo,American Kenpo,kara-ho-kempo,kenpo,Ed Parker,1954,American Kenpo < Kara-Ho Kempo < Kosho Shorei-Ryu Kenpo < Kenpo,6,American Kenpo; American Kenpo Karate; american-kenpo; ed-parker-kenpo; kenpo-karate
kajukenbo,Kajukenbo,kara-ho-kempo,kenpo,"Adriano Emperado (with Peter Y. Y. Choo, Joseph Holck, Frank Ordonez, Clarence Chang)",1947,Kajukenbo < Kara-Ho Kempo < Kosho Shorei-Ryu Kenpo < Kenpo,1,Kajukenbo; kajukembo; kajukenbo
kajukenbo-chuan-fa,Kajukenbo Ch'uan Fa,kajukenbo,kenpo,"Adriano Emperado, Al Dacascos and Al Dela Cruz",1965,Kajukenbo Ch'uan Fa < Kajukenbo < Kara-Ho Kempo < Kosho Shorei-Ryu Kenpo < Kenpo,0,Chu'an Fa Kajukenbo; Kajukenbo Ch'uan Fa
kajukenbo-gaylord-method,Kajukenbo Gaylord Method,kajukenbo,kenpo,Charles Gaylord,1963,Kajukenbo Gaylord Method < Kajukenbo < Kara-Ho Kempo < Kosho Shorei-Ryu Kenpo < Kenpo,0,Gaylord Method; Gaylord-ha Kajukenbo; Kajukenbo Gaylord Method
kajukenbo-tum-pai,Kajukenbo Tum Pai,kajukenbo,kenpo,"Jon A. Loren (building on 1959 work of Adriano Emperado, Al Dela Cruz and Al Dacascos)",1976,Kajukenbo Tum Pai < Kajukenbo < Kara-Ho Kempo < Kosho Shorei-Ryu Kenpo < Kenpo,0,Kajukenbo Tum Pai; Tum Pai
kara-ho-kempo,Kara-Ho Kempo,kosho-shorei-ryu,kenpo,William Kwai Sun Chow,1944,Kara-Ho Kempo < Kosho Shorei-Ryu Kenpo < Kenpo,2,Chinese Kara-Ho Kempo; Go Shinjutsu; Kara-Ho Kempo; chinese-kara-ho-kempo; kara-ho-kempo
kenpo,Kenpo,,kenpo,,,Kenpo,32,Kempo; Kempo Karate; Kenpo; Kenpo Karate; Kenpo-Shotokan
kosho-shorei-ryu,Kosho Shorei-Ryu Kenpo,kenpo,kenpo,James Mitose,1936,Kosho Shorei-Ryu Kenpo < Kenpo,1,James MitoseKosho Shorei-Ryu Kenpo; Kenpo Jiu-Jitsu; Kosho Shorei-Ryu Kenpo; Kosho Shorei-ryu; Kosho-ryū Kenpo; Official Self-Defense Club (1942); kenpo-jiu-jitsu; kosho-ryu-kenpo; kosho-shorei-ryu
tracy-kenpo,Tracy Kenpo,american-kenpo,kenpo,Al Tracy and Jim Tracy,1962,Tracy Kenpo < American Kenpo < Kara-Ho Kempo < Kosho Shorei-Ryu Kenpo < Kenpo,2,Tracy Kenpo; tracy-kenpo; tracy-system; tracys-kenpo-karate
wun-hop-kuen-do,Wun Hop Kuen Do,kajukenbo,kenpo,Al Dacascos,1969,Wun Hop Kuen Do < Kajukenbo < Kara-Ho Kempo < Kosho Shorei-Ryu Kenpo < Kenpo,0,Combination Fist Art; WHKD; Wun Hop Kuen Do
bunbukan,Okinawa Dentō Kobudō Hozonkai Bunbukan,ryukyu-kobudo,kobudo,Nakamoto Masahiro,1982,Okinawa Dentō Kobudō Hozonkai Bunbukan < Ryukyu Kobudo < Ryūkyū Kobujutsu Kenkyūkai (Yabiku lineage) < Okinawan Kobudo,2,Okinawa Dentō Kobudō Hozonkai Bunbukan
isshin-ryu-kobudo,Isshin-ryū Kobudō,ryukyu-kobudo,kobudo,Shimabuku Tatsuo,,Isshin-ryū Kobudō < Ryukyu Kobudo < Ryūkyū Kobujutsu Kenkyūkai (Yabiku lineage) < Okinawan Kobudo,2,Isshin-ryū Kobudō
kenryo-ryu,Ryūkyū Kobudō Kenryō-ryū (琉球古武道賢亮流),ryukyu-kobudo-akamine,kobudo,Yonamine Kōsuke 与那嶺幸助,2000,Ryūkyū Kobudō Kenryō-ryū (琉球古武道賢亮流) < Ryūkyū Kobudō Hozon Shinkō Kai (Akamine line / Shinbukan) < Ryukyu Kobudo < Ryūkyū Kobujutsu Kenkyūkai (Yabiku lineage) < Okinawan Kobudo,2,Ryūkyū Kobudō Kenryō-ryū (琉球古武道賢亮流); 琉球古武道賢亮流
kenshin-ryu-kobudo,Kenshin-ryū kobudō (Japan Kobudō Kenshin-ryū-kai),ryukyu-kobudo,kobudo,"Hayashi Teruo (林輝男, 1924-2004)",,Kenshin-ryū kobudō (Japan Kobudō Kenshin-ryū-kai) < Ryukyu Kobudo < Ryūkyū Kobujutsu Kenkyūkai (Yabiku lineage) < Okinawan Kobudo,0,
kingai-ryu,Kingai-ryū,matayoshi-kobudo,kobudo,"Matayoshi Shinkō (from his teacher, the monk Kingai of Fuzhou)",,Kingai-ryū < Matayoshi Kobudo < Okinawan Kobudo,4,Kingai-ryū
kongo-ryu,Ryūkyū Kobudō Kongō-ryū (琉球古武道金剛流),ryukyu-kobudo,kobudo,"Sakagami Ryūshō (坂上隆祥, 1915-1993)",1984,Ryūkyū Kobudō Kongō-ryū (琉球古武道金剛流) < Ryukyu Kobudo < Ryūkyū Kobujutsu Kenkyūkai (Yabiku lineage) < Okinawan Kobudo,0,
kongo-ryu-kobudo,Ryūkyū Kobudō Kongō-ryū (金剛流),ryukyu-kobudo,kobudo,Ryusho Sakagami,1984,Ryūkyū Kobudō Kongō-ryū (金剛流) < Ryukyu Kobudo < Ryūkyū Kobujutsu Kenkyūkai (Yabiku lineage) < Okinawan Kobudo,0,
matayoshi-kobudo,Matayoshi Kobudo,okinawan-kobudo,kobudo,Matayoshi Shinkō,1960,Matayoshi Kobudo < Okinawan Kobudo,11,Matayoshi Kobudo; matayoshi-kobudo
matayoshi-kobudo-imka,"International Matayoshi Kobudō Association (IMKA, Guarelli line)",matayoshi-kobudo,kobudo,Andrea Guarelli,2015,"International Matayoshi Kobudō Association (IMKA, Guarelli line) < Matayoshi Kobudo < Okinawan Kobudo",0,"Associazione Italiana Kobudo di Okinawa (AIKO); I.M.K.A.; International Matayoshi Kobudō Association (IMKA, Guarelli line)"
matayoshi-kodokan,Matayoshi Kobudō Kōdōkan (Zen Okinawa Kobudō Renmei),matayoshi-kobudo,kobudo,Matayoshi Shinpō,1972,Matayoshi Kobudō Kōdōkan (Zen Okinawa Kobudō Renmei) < Matayoshi Kobudo < Okinawan Kobudo,3,All Okinawa Kobudo Federation; Kodokan Dojo; Matayoshi Kobudō Kōdōkan (Zen Okinawa Kobudō Renmei); Zen Okinawan Kobudo Renmei; 光道館; 全沖縄古武道連盟
okinawa-kobudo-doushi-renseikai,Okinawa Kobudō Dōshi Rensei-kai,matayoshi-kodokan,kobudo,Gakiya Yoshiaki,2002,Okinawa Kobudō Dōshi Rensei-kai < Matayoshi Kobudō Kōdōkan (Zen Okinawa Kobudō Renmei) < Matayoshi Kobudo < Okinawan Kobudo,1,OKDR; Okinawa Kobudo Doushi Rensei-kai; Okinawa Kobudō Dōshi Rensei-kai
okinawa-kobudo-kyokai,"Okinawa Kobudō Kyōkai (沖縄古武道協会, 1961)",okinawan-kobudo,kobudo,,1961,"Okinawa Kobudō Kyōkai (沖縄古武道協会, 1961) < Okinawan Kobudo",0,"Okinawa Kobudō Kyōkai (沖縄古武道協会, 1961); 沖縄古武道協会"
okinawan-kobudo,Okinawan Kobudo,,kobudo,"traditional (multiple lineages, no single founder)",,Okinawan Kobudo,91,Karate Kobudo; Karatedo Kobudo; Kobudo; Kyu Kobudo; Okinawa Kobudo; Okinawan Kobudo; Okinawan kobudo; Okinawan kobudoNunti Bo; Ryukyu kobujutsu (generic); and Kobudo; and kobudo; detailing Kobudo; do Kobudo; from kobudo; illustrious kobudo; in Kobudo; in kobudo; incorporated Kobudo; jiku Kobudo; kobudo; okinawan-kobudo; the Kobudo; the kobudo; und Kobudo
ryukonkai,Ryūkyū Kobudō Ryūkonkai,okinawan-kobudo,kobudo,Iha Kōtarō,1981,Ryūkyū Kobudō Ryūkonkai < Okinawan Kobudo,1,RyuKonKai; Ryūkyū Kobudō Ryūkonkai; 琉棍会
ryukyu-dento-kobujutsu-hozon-budo-kyokai,Ryūkyū Dentō Kobujutsu Hozon Budō Kyōkai,ufuchiku-kobujutsu,kobudo,"Kyan Shinyei (喜屋武眞榮, 1912-1997)",1994,Ryūkyū Dentō Kobujutsu Hozon Budō Kyōkai < Ufuchiku Kobujutsu < Okinawan Kobudo,0,
ryukyu-kobudo,Ryukyu Kobudo,ryukyu-kobujutsu-kenkyukai,kobudo,Taira Shinken,1955,Ryukyu Kobudo < Ryūkyū Kobujutsu Kenkyūkai (Yabiku lineage) < Okinawan Kobudo,13,Ryukyo Kobudo; Ryukyu Kobudo; Ryukyu Kobudo Hozon Shinkokai; Society for the Promotion and Preservation of Ryukyuan Kobudo; ryukyu-kobudo; yuishinkai; 琉球古武道保存振興会
ryukyu-kobudo-akamine,Ryūkyū Kobudō Hozon Shinkō Kai (Akamine line / Shinbukan),ryukyu-kobudo,kobudo,Akamine Eisuke,1970,Ryūkyū Kobudō Hozon Shinkō Kai (Akamine line / Shinbukan) < Ryukyu Kobudo < Ryūkyū Kobujutsu Kenkyūkai (Yabiku lineage) < Okinawan Kobudo,5,Ryūkyū Kobudō Hozon Shinkō Kai (Akamine line / Shinbukan)
ryukyu-kobudo-hozonkai,Ryūkyū Kobudō Hozonkai (琉球古武道保存会),ryukyu-kobudo,kobudo,"Minowa Katsuhiko (蓑輪勝彦, d. 2003) line; currently headed by Kinjō Masakazu",,Ryūkyū Kobudō Hozonkai (琉球古武道保存会) < Ryukyu Kobudo < Ryūkyū Kobujutsu Kenkyūkai (Yabiku lineage) < Okinawan Kobudo,0,
ryukyu-kobudo-tesshinkan,Ryūkyū Kobudō Tesshinkan,ryukyu-kobudo-akamine,kobudo,Tamayose Hidemi,1999,Ryūkyū Kobudō Tesshinkan < Ryūkyū Kobudō Hozon Shinkō Kai (Akamine line / Shinbukan) < Ryukyu Kobudo < Ryūkyū Kobujutsu Kenkyūkai (Yabiku lineage) < Okinawan Kobudo,1,Ryūkyū Kobudō Tesshinkan
ryukyu-kobujutsu-hozon-shinko-kai,Ryūkyū Kobujutsu Hozon Shinkō Kai (Inoue line / Yuishinkai),ryukyu-kobudo,kobudo,Inoue Motokatsu (Gansho),1970,Ryūkyū Kobujutsu Hozon Shinkō Kai (Inoue line / Yuishinkai) < Ryukyu Kobudo < Ryūkyū Kobujutsu Kenkyūkai (Yabiku lineage) < Okinawan Kobudo,2,Ryūkyū Kobujutsu Hozon Shinkō Kai (Inoue line / Yuishinkai); Yuishinkai
ryukyu-kobujutsu-kenkyukai,Ryūkyū Kobujutsu Kenkyūkai (Yabiku lineage),okinawan-kobudo,kobudo,Yabiku Mōden,1911,Ryūkyū Kobujutsu Kenkyūkai (Yabiku lineage) < Okinawan Kobudo,2,Ryukyu Kobujutsu Kenkyu Kai; Ryukyu Kobujutsu Research Association; Ryūkyū Kobujutsu Kenkyūkai (Yabiku lineage); 琉球古武術研究会
ufuchiku-den-hozonkai,Ufuchiku-den Ryūkyū Kobujutsu Hozonkai,ufuchiku-kobujutsu,kobudo,"Kina Shōsei (喜納昌盛, 1882-1981)",1975,Ufuchiku-den Ryūkyū Kobujutsu Hozonkai < Ufuchiku Kobujutsu < Okinawan Kobudo,0,
ufuchiku-den-shudokan,Kinjō Ufuchiku-den Ryūkyū Kobujutsu / Ryūkyū Bujutsu Shūdōkan (金城大筑傳琉球古武術・琉球武術修道館),ufuchiku-kobujutsu,kobudo,,,Kinjō Ufuchiku-den Ryūkyū Kobujutsu / Ryūkyū Bujutsu Shūdōkan (金城大筑傳琉球古武術・琉球武術修道館) < Ufuchiku Kobujutsu < Okinawan Kobudo,0,Kinjō Ufuchiku-den Ryūkyū Kobujutsu / Ryūkyū Bujutsu Shūdōkan (金城大筑傳琉球古武術・琉球武術修道館); 金城大筑傳琉球古武術
ufuchiku-kobujutsu,Ufuchiku Kobujutsu,okinawan-kobudo,kobudo,Kanagusuku Sanda (Ufuchiku),,Ufuchiku Kobujutsu < Okinawan Kobudo,7,Kanagusuku Kasshin Ryukyu Kobujutsu; Ufuchiku Kobudo; ufuchiku-kobujutsu
watoyama-ryu,Watoyama-ryū / Toyama-ryū kobujutsu (渡山流),okinawan-kobudo,kobudo,,,Watoyama-ryū / Toyama-ryū kobujutsu (渡山流) < Okinawan Kobudo,0,Watoyama-ryū / Toyama-ryū kobujutsu (渡山流); 渡山流
world-oshukai,"World Oshukai Federation (Okinawa Kobudō, Chinen Kenyū line)",matayoshi-kobudo,kobudo,Chinen Kenyū,1993,"World Oshukai Federation (Okinawa Kobudō, Chinen Kenyū line) < Matayoshi Kobudo < Okinawan Kobudo",1,"Oshukai; World Oshukai Dento Okinawa Shorin-Ryu Karate Do Kobudo Federation; World Oshukai Federation (Okinawa Kobudō, Chinen Kenyū line)"
yamane-ryu-oshiro-ha,Yamane-ryū bōjutsu (Ōshiro-ha),yamanni-ryu,kobudo,"Ōshiro Chōjo (大城朝恕, 1887-1935)",,Yamane-ryū bōjutsu (Ōshiro-ha) < Yamanni-Ryu < Okinawan Kobudo,0,
yamanni-chinen-ryu-rbkd,Yamanni Chinen-ryū / Ryūkyū Bujutsu Kenkyū Dōyūkai (RBKD),yamanni-ryu,kobudo,Kishaba Chōgi (with Oshiro Toshihiro),1985,Yamanni Chinen-ryū / Ryūkyū Bujutsu Kenkyū Dōyūkai (RBKD) < Yamanni-Ryu < Okinawan Kobudo,2,Association for the Study and Research of Okinawan Martial Arts; RBKD; Yamanni Chinen-ryū / Ryūkyū Bujutsu Kenkyū Dōyūkai (RBKD); Yamanni-Chinen-ryu bojutsu
yamanni-ryu,Yamanni-Ryu,okinawan-kobudo,kobudo,Chinen Masami (named the style; Chinen family lineage from Chinen Umikana),,Yamanni-Ryu < Okinawan Kobudo,16,Yamane-ryu; Yamanni Chinen-ryu; Yamanni-Ryu; yamanni-ryu
zen-okinawa-kobudo-renmei,Zen Okinawa Kobudō Renmei (全沖縄古武道連盟),matayoshi-kobudo,kobudo,"Matayoshi Shinpo (又吉真豊, 1921-1997)",1970,Zen Okinawa Kobudō Renmei (全沖縄古武道連盟) < Matayoshi Kobudo < Okinawan Kobudo,0,
chang-moo-kwan,Chang Moo Kwan,taekwondo,korean,Yoon Byung-in,1946,Chang Moo Kwan < Taekwondo < Shotokan < Shuri-te < Te,3,Chang Moo Kwan; Changmookwan; YMCA Kwon Bop Bu; YMCA Kwon Bup Bu; 창무관
chayon-ryu,"Chayon-Ryu (자연류, Natural Way)",kang-duk-won,korean,Kim Pyung-soo,1970,"Chayon-Ryu (자연류, Natural Way) < Kang Duk Won < Chang Moo Kwan < Taekwondo < Shotokan < Shuri-te < Te",1,
cheezic-tang-soo-do,Cheezic Tang Soo Do,moo-duk-kwan,korean,Robert Cheezic,1971,Cheezic Tang Soo Do < Moo Duk Kwan (Taekwondo) < Tang Soo Do < Shotokan < Shuri-te < Te,0,Cheezic Tang Soo Do; Cheezic Tang Soo Do Federation
choi-kwang-do,Choi Kwang Do (최광도),itf-taekwondo,korean,Choi Kwang-jo,1987,Choi Kwang Do (최광도) < ITF Taekwon-Do < Taekwondo < Shotokan < Shuri-te < Te,0,Choi Kwang Do (최광도); 최광도
chosun-yun-moo-kwan-kwonbeopbu,Chosun Yun Moo Kwan Kwonbeopbu (조선연무관 권법부),shotokan,korean,Chun Sang-sup,1946,Chosun Yun Moo Kwan Kwonbeopbu (조선연무관 권법부) < Shotokan < Shuri-te < Te,0,Chosun Yun Moo Kwan Kwonbeopbu (조선연무관 권법부); 조선연무관 권법부
chun-kuhn-taekwondo,Chun Kuhn Taekwondo (천권 태권도) / Chun Kuhn Do,itf-taekwondo,korean,Kim Bok-man,,Chun Kuhn Taekwondo (천권 태권도) / Chun Kuhn Do < ITF Taekwon-Do < Taekwondo < Shotokan < Shuri-te < Te,0,Chun Kuhn Taekwondo (천권 태권도) / Chun Kuhn Do; 천권 태권도
chun-kuk-do,Chun Kuk Do,moo-duk-kwan,korean,Chuck Norris,1990,Chun Kuk Do < Moo Duk Kwan (Taekwondo) < Tang Soo Do < Shotokan < Shuri-te < Te,2,Chuck Norris Syste; Chuck Norris System; Chun Kuk Do was renamed to the Chuck Norris Syste; UFAF; United Fighting Arts Federation; chuck-norris-system; chun-kuk-do
chung-do-kwan,Chung Do Kwan,taekwondo,korean,Won Kuk Lee,1944,Chung Do Kwan < Taekwondo < Shotokan < Shuri-te < Te,17,Blue Wave School; Chung Do Kwan; Chungdokwan; 청도관
gtf,Global Taekwon-Do Federation (GTF),itf-taekwondo,korean,Park Jung-tae,1990,Global Taekwon-Do Federation (GTF) < ITF Taekwon-Do < Taekwondo < Shotokan < Shuri-te < Te,1,GTF; Global Taekwon-Do Federation (GTF); Global Taekwondo Federation
han-moo-kwan,Han Moo Kwan,ji-do-kwan,korean,Lee Kyo-yoon,1954,Han Moo Kwan < Ji Do Kwan < Taekwondo < Shotokan < Shuri-te < Te,1,Han Moo Kwan; Hanmookwan; 한무관
hankido,Hankido (한기도),hapkido,korean,Myung Jae-nam,1993,"Hankido (한기도) < Hapkido (합기도, 合氣道) < Daito-Ryu Aiki-jujutsu",1,
hapkido,"Hapkido (합기도, 合氣道)",daito-ryu,korean,Choi Yong-sool,1948,"Hapkido (합기도, 合氣道) < Daito-Ryu Aiki-jujutsu",7,"Hapkido (합기도, 合氣道); 합기도 (合氣道)"
hwa-rang-do,Hwa Rang Do (화랑도),hapkido,korean,Joo Bang Lee and Joo Sang Lee,1968,"Hwa Rang Do (화랑도) < Hapkido (합기도, 合氣道) < Daito-Ryu Aiki-jujutsu",2,
international-tang-soo-do-federation,International Tang Soo Do Federation,moo-duk-kwan,korean,Chun Sik Kim,1984,International Tang Soo Do Federation < Moo Duk Kwan (Taekwondo) < Tang Soo Do < Shotokan < Shuri-te < Te,0,C.S. Kim Karate; ITF Tang Soo Do; International Tang Soo Do Federation
itf-chang-ung,"ITF (Vienna, Chang Ung / Ri Yong-son branch)",itf-taekwondo,korean,Chang Ung (elected 2002; succeeded by Ri Yong-son),2002,"ITF (Vienna, Chang Ung / Ri Yong-son branch) < ITF Taekwon-Do < Taekwondo < Shotokan < Shuri-te < Te",1,"ITF (Ri Yong-son); ITF (Vienna, Chang Ung / Ri Yong-son branch); ITF-Vienna; itftkd.sport"
itf-choi-jung-hwa,ITF (Choi Jung-hwa branch),itf-taekwondo,korean,Choi Jung-hwa,2002,ITF (Choi Jung-hwa branch) < ITF Taekwon-Do < Taekwondo < Shotokan < Shuri-te < Te,1,ITF (Choi Jung-hwa branch); ITF (Toronto); ITF Canada; ITF-C
itf-taekwondo,ITF Taekwon-Do,taekwondo,korean,Choi Hong-hi,1966,ITF Taekwon-Do < Taekwondo < Shotokan < Shuri-te < Te,20,Chang Hon Taekwon-Do; Chang Hon taekwondo; ITF; ITF Taekwon-Do; International Taekwon-Do Federation
itf-weiler,ITF (Quân–Trajtenberg–Weiler branch),itf-taekwondo,korean,"Trần Triệu Quân (elected 2003; succeeded by Pablo Trajtenberg, then Paul Weiler)",2003,ITF (Quân–Trajtenberg–Weiler branch) < ITF Taekwon-Do < Taekwondo < Shotokan < Shuri-te < Te,1,ITF (Benidorm); ITF (Quân–Trajtenberg–Weiler branch); ITF (Trajtenberg); ITF (Weiler); itf-tkd.org
jhoon-rhee-taekwondo,Jhoon Rhee Tae Kwon Do,chung-do-kwan,korean,Jhoon Rhee,1962,Jhoon Rhee Tae Kwon Do < Chung Do Kwan < Taekwondo < Shotokan < Shuri-te < Te,3,Jhoon Rhee Institute of Tae Kwon Do; Jhoon Rhee System; Jhoon Rhee Tae Kwon Do
ji-do-kwan,Ji Do Kwan,taekwondo,korean,"Chun Sang-sup (as Chosun Yun Mu Kwan Kwon Bup Bu; renamed Jidokwan under Yun Kwae-byung, 1953)",1946,Ji Do Kwan < Taekwondo < Shotokan < Shuri-te < Te,8,Chosun Yun Mu Kwan Kwon Bup Bu; Ji Do Kwan; Jidokwan; Wisdom Way School; Yun Mu Kwan; 지도관
jung-do-kwan,Jung Do Kwan,chung-do-kwan,korean,Lee Yong-woo,1956,Jung Do Kwan < Chung Do Kwan < Taekwondo < Shotokan < Shuri-te < Te,1,Jung Do Kwan; Jungdokwan; 정도관
kang-duk-won,Kang Duk Won,chang-moo-kwan,korean,Park Chul-hee and Hong Jong-pyo,1956,Kang Duk Won < Chang Moo Kwan < Taekwondo < Shotokan < Shuri-te < Te,3,House for Teaching Generosity; Kang Duk Won; Kangdukwon; 강덕원
korea-taekwondo-association,"Korea Taekwondo Association (대한태권도협회, KTA)",taekwondo,korean,"Unified Consolidation Committee of the kwans; presidents Choi Hong-hi (1965-66), Kim Yong-chae (from 1967), Kim Un-yong (from 1971)",1959,"Korea Taekwondo Association (대한태권도협회, KTA) < Taekwondo < Shotokan < Shuri-te < Te",0,
korean-martial-arts,Korean Martial Arts,,korean,,,Korean Martial Arts,25,Korean Martial Arts; Korean arts; Kuk Sool; 무술
kuk-mu-kwan,Kuk Mu Kwan (국무관),chung-do-kwan,korean,Kang Suh-chong,1953,Kuk Mu Kwan (국무관) < Chung Do Kwan < Taekwondo < Shotokan < Shuri-te < Te,0,Kuk Mu Kwan (국무관); 국무관
kuk-sool-won,Kuk Sool Won (국술원),korean-martial-arts,korean,Suh In-hyuk (In Hyuk Suh),1958,Kuk Sool Won (국술원) < Korean Martial Arts,0,
kukki-taekwondo,Kukki Taekwondo (WT),taekwondo,korean,Korea Taekwondo Association kwans (collective); Kukkiwon established 1972,1972,Kukki Taekwondo (WT) < Taekwondo < Shotokan < Shuri-te < Te,5,Kukki Taekwondo (WT); Kukkiwon Taekwondo; Kukkiwon taekwondo; Sport Taekwondo; WT Taekwondo; WTF Taekwondo; WTF taekwondo; World Taekwondo
moo-duk-kwan,Moo Duk Kwan (Taekwondo),tang-soo-do,korean,Hwang Kee,1945,Moo Duk Kwan (Taekwondo) < Tang Soo Do < Shotokan < Shuri-te < Te,8,Korean Soo Bahk Do Association Moo Duk Kwan; Moo Duk Kwan (Taekwondo); Moo Duk Kwan Tang Soo Do; Mudukkwan; School of Martial Virtue; 무덕관
moo-duk-kwan-taekwondo,Moo Duk Kwan Taekwondo,moo-duk-kwan,korean,"Kim Young-taek, Hong Chong-soo and Lee Kang-ik (faction that left Hwang Kee to join the KTA unification)",1965,Moo Duk Kwan Taekwondo < Moo Duk Kwan (Taekwondo) < Tang Soo Do < Shotokan < Shuri-te < Te,4,Korea Taekwondo Moo Duk Kwan; Moo Duk Hae; Moo Duk Kwan Taekwondo; Taekwondo Moo Duk Kwan
oh-do-kwan,Oh Do Kwan,taekwondo,korean,Choi Hong-hi and Nam Tae-hi,1954,Oh Do Kwan < Taekwondo < Shotokan < Shuri-te < Te,7,Gym of My Way; Oh Do Kwan; Ohdokwan; 오도관
shin-moo-kwan-hapkido,"Shin Moo Kwan (신무관, hapkido)",hapkido,korean,Kim Moo-hong,1961,"Shin Moo Kwan (신무관, hapkido) < Hapkido (합기도, 合氣道) < Daito-Ryu Aiki-jujutsu",1,
sin-moo-hapkido,Sin Moo Hapkido (신무합기도),hapkido,korean,Ji Han-jae,,"Sin Moo Hapkido (신무합기도) < Hapkido (합기도, 合氣道) < Daito-Ryu Aiki-jujutsu",0,Sin Moo Hapkido (신무합기도); 신무합기도
song-moo-kwan,Song Moo Kwan,taekwondo,korean,Byung Jick Ro,1944,Song Moo Kwan < Taekwondo < Shotokan < Shuri-te < Te,1,Ever Youthful House of Martial Arts Training; Song Moo Kwan; Songmookwan; 송무관
songahm-taekwondo,Songahm Taekwondo (ATA),taekwondo,korean,Haeng Ung Lee,1969,Songahm Taekwondo (ATA) < Taekwondo < Shotokan < Shuri-te < Te,2,ATA International; ATA Martial Arts; American Taekwondo Association; Songahm; Songahm Taekwondo (ATA)
soo-bahk-do,Soo Bahk Do,moo-duk-kwan,korean,Hwang Kee,1960,Soo Bahk Do < Moo Duk Kwan (Taekwondo) < Tang Soo Do < Shotokan < Shuri-te < Te,0,Soo Bahk Do; Soo Bahk Do Moo Duk Kwan; Subakdo; World Moo Duk Kwan; 수박도
sung-moo-kwan-hapkido,"Sung Moo Kwan (성무관, hapkido)",hapkido,korean,Ji Han-jae,1957,"Sung Moo Kwan (성무관, hapkido) < Hapkido (합기도, 合氣道) < Daito-Ryu Aiki-jujutsu",0,
taekkyon,Taekkyon (택견),,korean,,,Taekkyon (택견),2,Taekkyon (택견); 택견
taekwondo,Taekwondo,shotokan,korean,"Collective (kwan founders); name adopted 1955, championed by Choi Hong-hi",1955,Taekwondo < Shotokan < Shuri-te < Te,35,Korean Taekwondo; Tae Kwon Do; Taekwon-Do; Taekwon-do; Taekwondo; Taekwondoe; 태권도
tang-soo-do,Tang Soo Do,shotokan,korean,Hwang Kee,1945,Tang Soo Do < Shotokan < Shuri-te < Te,13,Dangsudo; Hwa Soo Do; Korean Tang Soo Do; Korean karate; Tang Soo Do; Tang Soo Do Moo Duk Kwan; soo-bahk-do; 唐手道; 당수도
world-tang-soo-do-association,World Tang Soo Do Association,moo-duk-kwan,korean,Jae Chul Shin (with Ki Yun Yi and William D. Clingan),1982,World Tang Soo Do Association < Moo Duk Kwan (Taekwondo) < Tang Soo Do < Shotokan < Shuri-te < Te,1,United States Tang Soo Do Moo Duk Kwan Federation; WTSDA; World Tang Soo Do Association
ymca-kwon-bup-bu,YMCA Kwon Bup Bu (YMCA 권법부) / Seoul Kwonbup Bu,shudokan,korean,Yoon Byung-in,1946,YMCA Kwon Bup Bu (YMCA 권법부) / Seoul Kwonbup Bu < Shudokan < Shuri-te < Te,0,
ashihara,Ashihara Karate,kyokushin,kyokushin,Hideyuki Ashihara,1980,Ashihara Karate < Kyokushin < Shotokan < Shuri-te < Te,4,Ashihara Kaikan; Ashihara Karate; Ashihara kaikan; NIKO; New International Karate Organization; 芦原会館
enshin,Enshin Karate,ashihara,kyokushin,Jōkō Ninomiya,1988,Enshin Karate < Ashihara Karate < Kyokushin < Shotokan < Shuri-te < Te,2,Enshin Karate; Sabaki Challenge
full-contact-karate,Full Contact Karate,,kyokushin,,,Full Contact Karate,2,Full contact karate; Knockdown karate
ibma-masuda,IBMA Kyokushinkaikan Masuda Dojo / Freestyle Karate Takushindō (IBMA極真会館増田道場・拓真道),kyokushin,kyokushin,Akira Masuda,1997,IBMA Kyokushinkaikan Masuda Dojo / Freestyle Karate Takushindō (IBMA極真会館増田道場・拓真道) < Kyokushin < Shotokan < Shuri-te < Te,0,
ifk-kyokushin,International Federation of Karate (Kyokushin),kyokushin,kyokushin,Steve Arneil,1992,International Federation of Karate (Kyokushin) < Kyokushin < Shotokan < Shuri-te < Te,2,IFK; International Federation of Karate (Kyokushin); Kyokushin IFK
iko-1,"IKO Kyokushinkaikan (Matsui-ha, IKO-1)",kyokushin,kyokushin,Shokei Matsui (successor kancho after Mas Ōyama's death),1994,"IKO Kyokushinkaikan (Matsui-ha, IKO-1) < Kyokushin < Shotokan < Shuri-te < Te",3,"IKO Kyokushinkaikan (Matsui-ha, IKO-1); IKO-1; International Karate Organization Kyokushinkaikan; Matsui-ha"
iko-3,IKO Matsushima (IKO-3),kyokushin,kyokushin,Yoshikazu Matsushima,1998,IKO Matsushima (IKO-3) < Kyokushin < Shotokan < Shuri-te < Te,1,IKO Matsushima (IKO-3); IKO-3; International Karate Organization Kyokushinkaikan Matsushima
kazumi-dojo,Japan Karate-dō Kazumi Dojo (日本空手道数見道場),kyokushin,kyokushin,Hajime Kazumi,2003,Japan Karate-dō Kazumi Dojo (日本空手道数見道場) < Kyokushin < Shotokan < Shuri-te < Te,0,
kenshikai-oliver,"Kenshikai (賢士会, William Oliver, New York)",seido-juku,kyokushin,William Oliver,2002,"Kenshikai (賢士会, William Oliver, New York) < Seidō Juku < Kyokushin < Shotokan < Shuri-te < Te",1,"Kenshikai (賢士会, William Oliver, New York); 賢士会"
kudo,Kudo,kyokushin,kyokushin,Takashi Azuma,1981,Kudo < Kyokushin < Shotokan < Shuri-te < Te,6,Daido Juku; Daido Juku Kudo; Daidojuku Kudo; Kakuto Karate; Kudo; 大道塾; 空道
kyokushin,Kyokushin,shotokan,kyokushin,Masutatsu (Mas) Ōyama,1964,Kyokushin < Shotokan < Shuri-te < Te,69,Dan Black Belt in Kyokushin Karate; IKO; KYOKUSHINKAI; KYOKUSHINKAIKAN; Kazumi Karate; Kyokushin; Kyokushin Kaikan; Kyokushin Karate; Kyokushin kaikan; Kyokushin karate; Kyokushin-kai; Kyokushinkai; Kyokushinkaikan; kyokushinkai; kyokushinkaikan
kyokushin-budokai,Kyokushin Budokai,kyokushin,kyokushin,Jon Bluming,,Kyokushin Budokai < Kyokushin < Shotokan < Shuri-te < Te,6,IBK; International Budo Kaikan; International Kyokushin Budokai; Kyokushin Budokai
kyokushin-kan,Kyokushin-kan,kyokushin,kyokushin,Hatsuo Royama (with Tsuyoshi Hiroshige),2003,Kyokushin-kan < Kyokushin < Shotokan < Shuri-te < Te,5,Kyokushin-kan; Kyokushin-kan Inte; Kyokushin-kan Karate; Kyokushinkan; Kyokushinkan International; kyokushinkan
kyokushin-kenbukai,Kyokushin Kenbukai (極真武道空手連盟 極真拳武會),kyokushin-kan,kyokushin,Tsuyoshi Hiroshige,2017,Kyokushin Kenbukai (極真武道空手連盟 極真拳武會) < Kyokushin-kan < Kyokushin < Shotokan < Shuri-te < Te,1,
kyokushin-rengokai,All Japan Kyokushin Union (全日本極真連合会 / 極真連合会),kyokushin,kyokushin,"Founded jointly in January 2001 by ten branch chiefs including Daigo Ōishi, Shigeru Tabata, Kazuyuki Hasegawa and Yasuhiro Shichinohe; Shigeru Tabata is representative director",2001,All Japan Kyokushin Union (全日本極真連合会 / 極真連合会) < Kyokushin < Shotokan < Shuri-te < Te,0,
nakamura-dojo,Kyokushin Karate Nakamura Dojo (国際空手道連盟 極真空手 中村道場),kyokushin,kyokushin,Makoto Nakamura,,Kyokushin Karate Nakamura Dojo (国際空手道連盟 極真空手 中村道場) < Kyokushin < Shotokan < Shuri-te < Te,0,
satojuku,Satojuku,kyokushin,kyokushin,Katsuaki Satō,1977,Satojuku < Kyokushin < Shotokan < Shuri-te < Te,1,Odo karate; Sato Juku; Satojuku Karate
seido-juku,Seidō Juku,kyokushin,kyokushin,Tadashi Nakamura,1976,Seidō Juku < Kyokushin < Shotokan < Shuri-te < Te,2,Seido Karate; Seidō Juku; World Seido Karate Organization
seidokaikan,Seidokaikan,ashihara,kyokushin,Kazuyoshi Ishii,1980,Seidokaikan < Ashihara Karate < Kyokushin < Shotokan < Shuri-te < Te,9,Seido Kaikan; Seidokaikan; Seidokaikan Karate
seiken-kaikan,Seiken Kaikan (聖拳会館),kyokushin,kyokushin,Yasuto Ōnishi,,Seiken Kaikan (聖拳会館) < Kyokushin < Shotokan < Shuri-te < Te,0,
shidokan,Shidokan,kyokushin,kyokushin,Yoshiji Soeno,1981,Shidokan < Kyokushin < Shotokan < Shuri-te < Te,3,Shidokan Karate; World Karate Association Shidokan
shinkyokushin,Shinkyokushin,kyokushin,kyokushin,Kenji Midori,2003,Shinkyokushin < Kyokushin < Shotokan < Shuri-te < Te,6,IKO-2 (Midori group); Shinkyokushin; Shinkyokushinkai; Shinkyokushinkai Karate; WKO; World Karate Organization (WKO); World Karate Organization Shinkyokushinkai; 新極真会
so-kyokushin,World So-Kyokushin (世界総極真),kyokushin,kyokushin,Kazuyuki Hasegawa and Daigo Ōishi; Ōishi representative from April 2017,2012,World So-Kyokushin (世界総極真) < Kyokushin < Shotokan < Shuri-te < Te,0,
wajutsu-keishukai,Wajutsu Keishūkai (和術慧舟會),kudo,kyokushin,Yoshinori Nishi,1987,Wajutsu Keishūkai (和術慧舟會) < Kudo < Kyokushin < Shotokan < Shuri-te < Te,0,
world-oyama,World Oyama Karate,kyokushin,kyokushin,Shigeru Ōyama,1985,World Oyama Karate < Kyokushin < Shotokan < Shuri-te < Te,3,Oyama Karate (USA); World Oyama Karate
zen-kyokushin,World Zen-Kyokushin (世界全極真),kyokushin,kyokushin,Kazuyuki Hasegawa (sōshi); Takuma Kōketsu representative,2019,World Zen-Kyokushin (世界全極真) < Kyokushin < Shotokan < Shuri-te < Te,0,
zendokai,Zendōkai,kudo,kyokushin,Takashi Ozawa,1999,Zendōkai < Kudo < Kyokushin < Shotokan < Shuri-te < Te,0,Karate-dō Zendōkai; Zendōkai; 禅道会
chinese-goju,Chinese Gōjū,usa-goju,naha-te,Ron Van Clief,1971,Chinese Gōjū < USA Gōjū (American Gōjū) < Goju-Kai < Goju-Ryu < Naha-te < Te,1,Chinese Goju System; Chinese Gōjū; chinese-goju
gohakukai,Gōhaku-kai,shodokan-goju-ryu,naha-te,Iken Tokashiki,1982,Gōhaku-kai < Shodokan Goju-Ryu < Goju-Ryu < Naha-te < Te,1,Gohaku-kai; Gohaku-ryu; Gohakukai-ryu; Goju-ryu Tomari-te Karate-do Kyokai; Gōhaku-kai; Okinawa Goju-ryu Tomari-te Karate-do Kyokai
goju-kai,Goju-Kai,goju-ryu,naha-te,Gogen Yamaguchi,1950,Goju-Kai < Goju-Ryu < Naha-te < Te,16,All Japan Karate-do Gojukai; Goju-Kai; Gojukai; IKGA; JKGA; Japan Karate-do Gojukai; Yamaguchi-ha Goju-ryu; goju-kai; gojukai; 剛柔会
goju-kai-usa,Gōjū-Kai Karate-dō USA,goju-kai,naha-te,Gosei Yamaguchi,1964,Gōjū-Kai Karate-dō USA < Goju-Kai < Goju-Ryu < Naha-te < Te,1,Goju-Kai Karate-do U.S.A.; Gōjū-Kai Karate-dō USA; goju-kai-usa
goju-kensha,Gōjū Kensha,senbukan,naha-te,Tadahiko Otsuka,1970,Gōjū Kensha < Senbukan < Shodokan Goju-Ryu < Goju-Ryu < Naha-te < Te,1,Goju Kensha Karate-do Federation; Gōjū Kensha; goju-kensha; gojukensha; 剛柔拳舎
goju-ryu,Goju-Ryu,naha-te,naha-te,Chojun Miyagi,1930,Goju-Ryu < Naha-te < Te,129,Goju Kan; Goju Ryu; Goju-Ryu; Goju-Ryu Karate-do; Goju-Ryu Karate-do Kyokai; Goju-ryu karate; Gojuryu; International Okinawan Goju-Ryu Karate-do Federation; goju-ryu; gojukan; gojuryu; gojuryukenkyukai; kenshikai; nisei-goju; shobukan; 剛柔流
goju-ryu-bujutsukan,Gōjū-ryū Bujutsukan (剛柔流武術館),goju-ryu,naha-te,An'ichi Miyagi,,Gōjū-ryū Bujutsukan (剛柔流武術館) < Goju-Ryu < Naha-te < Te,1,
goshukan,Goshukan,seiwakai,naha-te,Stacey Karetsian,2007,Goshukan < Seiwakai < Goju-Kai < Goju-Ryu < Naha-te < Te,0,Goshukan; goshukan
goshukan-international,Gojuryu Karatedo Goshukan International,kenwakai,naha-te,Desmond Tuck,2019,Gojuryu Karatedo Goshukan International < Kenwakai < Seiwakai < Goju-Kai < Goju-Ryu < Naha-te < Te,0,Gojuryu Karatedo Goshukan International; International Goju Karatedo Goshukan
harlem-goju,Harlem Gōjū,usa-goju,naha-te,Sam McGee,1973,Harlem Gōjū < USA Gōjū (American Gōjū) < Goju-Kai < Goju-Ryu < Naha-te < Te,0,Harlem Goju Association; Harlem Gōjū
ikga,IKGA (International Karate-dō Gōjū-kai Association),goju-kai,naha-te,Gōgen Yamaguchi,1965,IKGA (International Karate-dō Gōjū-kai Association) < Goju-Kai < Goju-Ryu < Naha-te < Te,2,IKGA (International Karate-dō Gōjū-kai Association); Yamaguchi Goju-kai
imgka,International Meibukan Gōjū-ryū Karate-dō Association (IMGKA),meibukan,naha-te,Meitatsu Yagi (first president),,International Meibukan Gōjū-ryū Karate-dō Association (IMGKA) < Meibukan < Goju-Ryu < Naha-te < Te,3,IMGKA; International Meibukan Gojyu Ryu Karate Association; International Meibukan Gōjū-ryū Karate-dō Association (IMGKA)
iogkf,IOGKF (International Okinawan Gōjū-ryū Karate-dō Federation),goju-ryu,naha-te,Morio Higaonna,1979,IOGKF (International Okinawan Gōjū-ryū Karate-dō Federation) < Goju-Ryu < Naha-te < Te,11,An'ichi Miyagi lineage; IOGKF; IOGKF (International Okinawan Gōjū-ryū Karate-dō Federation); iogkf
jundokan,Jundokan,goju-ryu,naha-te,Eiichi Miyazato,1957,Jundokan < Goju-Ryu < Naha-te < Te,14,Jundokan; jundokan; 順道館
jundokan-international,Jundokan International,jundokan,naha-te,Teruo Chinen,1987,Jundokan International < Jundokan < Goju-Ryu < Naha-te < Te,1,Jundokan International; Jundokan International Goju-ryu
kanzen-goju,Kanzen Gōjū-ryū,nisei-goju,naha-te,Harry Rosenstein,1974,Kanzen Gōjū-ryū < Nisei Gōjū < USA Gōjū (American Gōjū) < Goju-Kai < Goju-Ryu < Naha-te < Te,0,Kanzen Goju Kai; Kanzen Gōjū-ryū
ken-shin-kan,Ken-Shin-Kan,shodokan-goju-ryu,naha-te,Seiichi Akamine,1968,Ken-Shin-Kan < Shodokan Goju-Ryu < Goju-Ryu < Naha-te < Te,1,Escuela Superior Ken-Shin-Kan; Ken-Shin-Kan
kenshikai,Kenshikai,shodokan-goju-ryu,naha-te,Tetsuhiro Hokama,1978,Kenshikai < Shodokan Goju-Ryu < Goju-Ryu < Naha-te < Te,0,Kenshikai; Okinawa Goju-ryu Kenshi-kai Karate-do Kobudo Association; kenshi-kai; 拳志会; 研心会
kenwakai,Kenwakai,seiwakai,naha-te,Akio Takahashi,1985,Kenwakai < Seiwakai < Goju-Kai < Goju-Ryu < Naha-te < Te,0,Gojuryu Karatedo Kenwakai; Kenwakai
komeikan,Kōmeikan (講明館) — Karate-dō Gōjū-ryū Sōke Kōmeikan,goju-ryu,naha-te,Takashi (Kei) Miyagi 宮城敬,1955,Kōmeikan (講明館) — Karate-dō Gōjū-ryū Sōke Kōmeikan < Goju-Ryu < Naha-te < Te,3,
kuyukai,Kuyūkai,goju-ryu,naha-te,Osamu Hirano,1968,Kuyūkai < Goju-Ryu < Naha-te < Te,0,Kuyūkai; Nihon Goju-ryu Karate-do Kuyukai International; ku-yu-kai; kuyukai
meibukan,Meibukan,goju-ryu,naha-te,Meitoku Yagi,1952,Meibukan < Goju-Ryu < Naha-te < Te,11,Meibukan; Meibukan Gojyu-ryu; meibukan; 明武舘; 明武館
naha-te,Naha-te,te,naha-te,Kanryo Higashionna,1926,Naha-te < Te,16,Naha-te
nihon-seibukan,Nippon Seibukan (日本正武館),goju-ryu,naha-te,Masafumi Suzuki,1955,Nippon Seibukan (日本正武館) < Goju-Ryu < Naha-te < Te,2,Nippon Seibukan (日本正武館); 日本正武館
nisei-goju,Nisei Gōjū,usa-goju,naha-te,Frank Ruiz,1969,Nisei Gōjū < USA Gōjū (American Gōjū) < Goju-Kai < Goju-Ryu < Naha-te < Te,0,Nisei Goju-Ryu; Nisei Goju-Ryu Karate Organization; Nisei Gōjū; nisei-goju-ryu
okinawa-goju-ryu-kenkyukai,Okinawa Gōjū-ryū Kenkyūkai,jundokan,naha-te,Masaji Taira,2011,Okinawa Gōjū-ryū Kenkyūkai < Jundokan < Goju-Ryu < Naha-te < Te,1,Goju-ryu Kenkyukai; Okinawa Goju Ryu Research Society; Okinawa Gōjū-ryū Kenkyūkai; Taira Kenkyukai
okinawa-goju-ryu-kyokai,"Okinawa Gōjū-ryū Karate-dō Kyōkai (沖縄剛柔流空手道協会, OGKK)",jundokan,naha-te,Eiichi Miyazato,1969,"Okinawa Gōjū-ryū Karate-dō Kyōkai (沖縄剛柔流空手道協会, OGKK) < Jundokan < Goju-Ryu < Naha-te < Te",1,"Okinawa Gōjū-ryū Karate-dō Kyōkai (沖縄剛柔流空手道協会, OGKK); 沖縄剛柔流空手道協会"
ryuei-ryu,Ryuei-Ryu,naha-te,naha-te,Nakaima Norisato,1971,Ryuei-Ryu < Naha-te < Te,5,Ryuei Ryu; Ryuei-Ryu; Ryueiryu; Ryuyei-ryu; ryuei-ryu; 劉衛流
ryuei-ryu-hozonkai,Ryūei-ryū Karate Kobudō Hozonkai,ryuei-ryu,naha-te,Kenkō Nakaima,1971,Ryūei-ryū Karate Kobudō Hozonkai < Ryuei-Ryu < Naha-te < Te,1,Ryuei Ryu Karate and Kobudo Preservation Society; Ryūei-ryū Karate Kobudō Hozonkai
ryuei-ryu-ryuhokai,Ryūei-ryū Ryūhōkai (劉衛流龍鳳会),ryuei-ryu,naha-te,Sakumoto Tsuguo 佐久本嗣男,,Ryūei-ryū Ryūhōkai (劉衛流龍鳳会) < Ryuei-Ryu < Naha-te < Te,0,Ryūei-ryū Ryūhōkai (劉衛流龍鳳会); 劉衛流龍鳳会
ryushinkaikan,Ryūshinkaikan,shoreikan,naha-te,Ryugo Sakai,,Ryūshinkaikan < Shoreikan < Goju-Ryu < Naha-te < Te,1,
ryusyokai,Sekai Gōjū-ryū Ryūsyōkai,meibukan,naha-te,Shigetoshi Senaha,1999,Sekai Gōjū-ryū Ryūsyōkai < Meibukan < Goju-Ryu < Naha-te < Te,1,
sansei-goju,Sansei Gōjū,usa-goju,naha-te,Manny Saavedra,1979,Sansei Gōjū < USA Gōjū (American Gōjū) < Goju-Kai < Goju-Ryu < Naha-te < Te,0,International Sansei Goju-Ryu Organization; Sansei Gōjū; World Sansei Goju-Ryu Karate Organization
seigokan,Seigokan,goju-ryu,naha-te,Seigo Tada,1945,Seigokan < Goju-Ryu < Naha-te < Te,1,Seigokan; Seigokan Goju-ryu; seigokan; 正剛館; 聖剛館
seiwakai,Seiwakai,goju-kai,naha-te,Shuji Tasaki,1972,Seiwakai < Goju-Kai < Goju-Ryu < Naha-te < Te,2,Goju-ryu Karate-do Seiwakai; Seiwa Kai; Seiwakai; seiwakai; 誠和会
senbukan,Senbukan,shodokan-goju-ryu,naha-te,Kanki Izumigawa,1939,Senbukan < Shodokan Goju-Ryu < Goju-Ryu < Naha-te < Te,9,Izumikawa lineage; Seito Goju-ryu; Senbukan; Senbukan Dojo; senbukan; 泉武館
shobukan,Shōbukan,shoreikan,naha-te,Masanobu Shinjo,1963,Shōbukan < Shoreikan < Goju-Ryu < Naha-te < Te,0,Shobukan Goju-ryu; Shōbukan; 尚武館
shodokan-goju-ryu,Shodokan Goju-Ryu,goju-ryu,naha-te,Seko Higa,1960,Shodokan Goju-Ryu < Goju-Ryu < Naha-te < Te,8,FileSeko Higa - Shodokan Goju-Ryujpg; International Karate Kobudo Federation; Kokusai Karate Kobudo Renmei; Shodokan; Shodokan Goju-Ryu; shodokan; shodokan-goju-ryu; 尚道館
shorei-kai,International Shōrei-kai,shoreikan,naha-te,Jukō Hirakawa,,International Shōrei-kai < Shoreikan < Goju-Ryu < Naha-te < Te,0,International Shōrei-kai; Shorei-kai; World Shorei-kai Karate-do
shorei-ryu,Shorei-Ryu,naha-te,naha-te,,,Shorei-Ryu < Naha-te < Te,1,Shorei-ryu
shoreikan,Shoreikan,goju-ryu,naha-te,Seikichi Toguchi,1954,Shoreikan < Goju-Ryu < Naha-te < Te,7,Shorei-kan; Shoreikan; shoreikan; 尚礼館
shoseikan,Shōseikan,goju-kai,naha-te,Katsutoshi Ishihara,1968,Shōseikan < Goju-Kai < Goju-Ryu < Naha-te < Te,0,All-Japan Shoseikan Karate-do; Shōseikan; World Shoseikan Karate (WSK)
tenshi-goju,Tenshi Gōjū,goju-kai,naha-te,Lou Angel,1987,Tenshi Gōjū < Goju-Kai < Goju-Ryu < Naha-te < Te,0,Tenshi Goju Kai; Tenshi Gōjū
togkf,TOGKF (Traditional Okinawan Gōjū-ryū Karate-dō Federation),iogkf,naha-te,Morio Higaonna,2022,TOGKF (Traditional Okinawan Gōjū-ryū Karate-dō Federation) < IOGKF (International Okinawan Gōjū-ryū Karate-dō Federation) < Goju-Ryu < Naha-te < Te,5,
toon-kai,"Tōon-kai (東恩会, Osaka)",toon-ryu,naha-te,not named in sources found,2015,"Tōon-kai (東恩会, Osaka) < Toon-Ryu < Naha-te < Te",0,"Tōon-kai (東恩会, Osaka); 東恩会"
toon-ryu,Toon-Ryu,naha-te,naha-te,Kyoda Jūhatsu,1934,Toon-Ryu < Naha-te < Te,8,To'on-ryu; Toon-Ryu; toon-ryu; 東恩流
toon-ryu-shidokai,"Tōon-ryū Shidōkai (士道会, Fukuoka)",toon-ryu,naha-te,Yoshino Shigemasa 芳野重正,,"Tōon-ryū Shidōkai (士道会, Fukuoka) < Toon-Ryu < Naha-te < Te",0,"Tōon-ryū Shidōkai (士道会, Fukuoka); 士道会"
usa-goju,USA Gōjū (American Gōjū),goju-kai,naha-te,Peter Urban,1967,USA Gōjū (American Gōjū) < Goju-Kai < Goju-Ryu < Naha-te < Te,1,American Goju Ryu Karate Do; USA GoJu Karate; USA Gōjū (American Gōjū); Urban Goju; american-goju; urban-goju; usa-goju; usa-goju-ryu
yuishinkan,Yuishinkan,goju-ryu,naha-te,Tomoharu Kisaki,1954,Yuishinkan < Goju-Ryu < Naha-te < Te,0,Yuishinkan; Yuishinkan Goju-ryu; 唯心館
aikido,Aikido,,other,,,Aikido,5,Aikikai; Dan Aikikai
american-karate,American Karate,,other,,,American Karate,1,American Karate
asayama-ichiden-ryu,Asayama Ichiden-ryū (浅山一伝流),,other,,,Asayama Ichiden-ryū (浅山一伝流),0,
budokwai,"Budokwai, London (武道会)",judo,other,,1918,"Budokwai, London (武道会) < Judo",1,"Budokwai, London (武道会); 武道会"
bushido-kai,Bushido Kai Karate,,other,,,Bushido Kai Karate,1,Bushido Kai Karate
dai-nippon-butokukai,Dai Nippon Butokukai,,other,,1895,Dai Nippon Butokukai,25,Dai Nippon Butokukai
daien-ryu,Daien-ryū Jōjutsu (大円流杖術),,other,,,Daien-ryū Jōjutsu (大円流杖術),0,
daito-ryu,Daito-Ryu Aiki-jujutsu,,other,,,Daito-Ryu Aiki-jujutsu,9,Daito-ryu; Daito-ryu Aiki-jujutsu
dnbk-international,Dai Nippon Butoku Kai International Division (大日本武徳会国際部),dai-nippon-butokukai,other,,1965,Dai Nippon Butoku Kai International Division (大日本武徳会国際部) < Dai Nippon Butokukai,1,Dai Nippon Butoku Kai International Division (大日本武徳会国際部); 大日本武徳会国際部
fusen-ryu,Fusen-ryū Jūjutsu (不遷流),,other,Takeda Motsuge (武田物外),,Fusen-ryū Jūjutsu (不遷流),0,
hokushin-itto-ryu,Hokushin Itto-Ryu,,other,,,Hokushin Itto-Ryu,1,Hokushin Itto-ryu
hozoin-ryu,Hozoin-Ryu,,other,,,Hozoin-Ryu,1,Hozoin-ryu
igaryu-jujutsu,Igā-ryū Jūjutsu (為我流柔術),,other,,,Igā-ryū Jūjutsu (為我流柔術),0,
jigen-ryu,Jigen-Ryu,,other,,,Jigen-Ryu,3,Jigen-ryu
judo,Judo,,other,,,Judo,7,Kodokan; Kodokan Judo
karate-generic,Karate,,other,,,Karate,679,Brazilian Association of Karate; Dan Karate; Dan karate; Karate
katori-shinto-ryu,Tenshin Shoden Katori Shinto-Ryu,,other,,,Tenshin Shoden Katori Shinto-Ryu,3,Katori Shinto-ryu; Tenshin Shoden Katori Shinto-ryu
keijutsukai-aikido,Keijutsukai Aikido,aikido,other,,,Keijutsukai Aikido < Aikido,1,Keijutsukai; Keijutsukai Aikido
kito-ryu,Kito-Ryu,,other,,,Kito-Ryu,4,Kito-ryu
koga-ryu,Koga-Ryu,,other,,,Koga-Ryu,3,Koga-ryu
mugai-ryu,Mugai-Ryu,,other,,,Mugai-Ryu,1,Mugai-ryu
muso-jikiden-eishin-ryu,Muso Jikiden Eishin-Ryu,,other,,,Muso Jikiden Eishin-Ryu,1,Muso Jikiden Eishin-ryu
muso-shinden-ryu,Muso Shinden-Ryu,,other,,,Muso Shinden-Ryu,1,Muso Shinden Ryu
nanban-satto-ryu,Nanban Satto-Ryu,,other,"Hashimoto Ippusai (橋本一夫斎), as Nanban Ippō-ryū Jūjutsu (南蛮一法流柔術)",,Nanban Satto-Ryu,1,Nanban Satto-ryu
negishi-ryu,Negishi-Ryu,,other,,,Negishi-Ryu,2,Negishi-ryu
nihon-kobudo,Nihon Kobudo,,other,,,Nihon Kobudo,7,Japan Kobudo; Japanese Kobudo; Japanese kobudo; Nihon Kobudo
niten-ichi-ryu,Niten Ichi-Ryu,,other,,,Niten Ichi-Ryu,1,Gosho-ha Hyoho Niten Ichi-ryu; Niten Ichi-ryu
okinawa-dento-karate-shinkokai,"Okinawa Dentō Karate-dō Shinkōkai (沖縄伝統空手道振興会, Okinawa Traditional Karate-dō Promotion Association)",,other,,,"Okinawa Dentō Karate-dō Shinkōkai (沖縄伝統空手道振興会, Okinawa Traditional Karate-dō Promotion Association)",0,"Okinawa Dentō Karate-dō Shinkōkai (沖縄伝統空手道振興会, Okinawa Traditional Karate-dō Promotion Association); 一般社団法人沖縄伝統空手道振興会"
okinawan-karate-generic,Okinawan Karate,,other,,,Okinawan Karate,62,Okinawan Karate; Okinawan karate; Ryukyu Bujutsu Kenkyu Doyukai
ryoi-shinto-ryu,Ryoi Shinto-Ryu,,other,,,Ryoi Shinto-Ryu,2,Ryoi-shito-ryu
scrape-artefact,Scrape artefact,,other,,,Scrape artefact,27,Aji Ryukyu; Anji Ryukyu; Appointe; Australasia official site; Bakuryu Sentai Abaranger; Bank of the Ryukyus; Basse-Terre; Bill Ryusaki; Chishu Ryu; Cite; Complete; Disposition of Ryukyu; FileHuineng-tearing-sutrassvg; FilePort-authority-terminaljpg; Grand Maste; Grandmaste; Hao Taikei Ryu Knight; Headmaste; History of the Ryukyus; Inte; Invasion of Ryukyu; Karyu Uku; King of Ryukyu; Kyokugenryu; Kyoryu Boukenki Jura Tripper; Kyu-Iwasaki-tei Garden; Long Beach Press-Telegram; Los Angeles Trade-Technical College; Menkyo kai; Menkyo kaiden; MenkyoMenkyo Kaiden; Merited Maste; Ryu Mi-yong; Ryu Ryu Ko; Ryu Shaman King; Ryu ga Gotoku 3; Ryu school; Self-test of Intelligence; Shunryu Suzuki; Tenryu Saburo; The A-Team; Udun Ryukyu; United States Civil Administration of the Ryukyu Islands; United States Military Government of the Ryukyu Islands; University of the Ryukyus; Volcano and Ryukyu Islands campaign; all-terrain vehicle; counter-terrorism; inta-netsutoa-kaibu
sekiguchi-ryu,Sekiguchi-Ryu,,other,,,Sekiguchi-Ryu,2,Sekiguchi-ryu
shinden-fudo-ryu,Shinden Fudō-ryū (神傳不動流),,other,"Yata Onseisai (矢田穏清斎), who renamed the earlier Shinden Jigen-ryū / Shinden Jigan-ryū",,Shinden Fudō-ryū (神傳不動流),0,
shindo-munen-ryu,Shindō Munen-ryū (神道無念流),,other,,,Shindō Munen-ryū (神道無念流),0,
shindo-tenshin-ryu,"Shindō Tenshin-ryū Kenpō (神道天心流), later Tenshin Koryū",,other,Ueno Takashi (上野貴),,"Shindō Tenshin-ryū Kenpō (神道天心流), later Tenshin Koryū",1,
shindo-yoshin-ryu,Shindo Yoshin-Ryu,,other,,,Shindo Yoshin-Ryu,3,Shindo Yoshin-ryu; Shinto-Yoshin-ryu
shingetsu-ryu,Shingetsu-Ryu,,other,,,Shingetsu-Ryu,1,Shingetsu-ryu
shinkage-ryu,Shinkage-Ryu,,other,,,Shinkage-Ryu,1,Shinkage-ryu; Yagyu Shinkage-ryu
shinto-muso-ryu,Shinto Muso-Ryu,,other,,,Shinto Muso-Ryu,6,Kasumi Shinto-ryu Kenjutsu; Shindo Muso-ryu; Shinto Muso-ryu
shirai-ryu,Shirai-Ryu,,other,,,Shirai-Ryu,1,Shirai-ryu
shodokan-aikido,Shodokan Aikido,aikido,other,,,Shodokan Aikido < Aikido,2,Shodokan Aikido
shudokan-aikido,Shudokan Aikido,aikido,other,,,Shudokan Aikido < Aikido,1,Shudokan Aikido
takenouchi-ryu,Takenouchi-Ryu,,other,,,Takenouchi-Ryu,2,Takenouchi-ryu
tendo-ryu,Tendo-Ryu,,other,,,Tendo-Ryu,1,Tendo-ryu
tenjin-shinyo-ryu,Tenjin Shinyo-Ryu,,other,,,Tenjin Shinyo-Ryu,8,Tenjin Shinyo ryu; Tenjin Shinyo-ryu
toshin-ryu,Toshin-Ryu,,other,,,Toshin-Ryu,1,Toshin-ryu
toyama-ryu,Toyama-Ryu,,other,,,Toyama-Ryu,1,Toyama-ryu
yagyu-shingan-ryu,Yagyu Shingan-Ryu,,other,,,Yagyu Shingan-Ryu,1,Yagyu Shingan-ryu
yamamoto-ryu,Kuwana Han-den Yamamoto-Ryu,,other,,,Kuwana Han-den Yamamoto-Ryu,1,Kuwana Han-den Yamamoto-ryu
yoseikan-budo,Yoseikan Budo,,other,,,Yoseikan Budo,3,Yoseikan; Yoseikan Budo; Yoseikan Karate
yoshin-ryu,Yoshin-Ryu,,other,,,Yoshin-Ryu,2,Yoshin-ryu
yoshinkan-aikido,Yoshinkan Aikido,aikido,other,,,Yoshinkan Aikido < Aikido,4,Yoshinkan; Yoshinkan Aikido
yoshokai-aikido,Yoshokai Aikido,yoshinkan-aikido,other,,,Yoshokai Aikido < Yoshinkan Aikido < Aikido,1,Aikido Yoshokai; Yoshokai
zen-okinawa-karate-do-renmei,"Zen Okinawa Karate-dō Renmei (全沖縄空手道連盟, All-Okinawa Karate-dō Federation)",,other,,1967,"Zen Okinawa Karate-dō Renmei (全沖縄空手道連盟, All-Okinawa Karate-dō Federation)",0,"Zen Okinawa Karate-dō Renmei (全沖縄空手道連盟, All-Okinawa Karate-dō Federation); 全沖縄空手道連盟"
beikoku-shidokan,Beikoku Shidōkan (American Shidōkan),shorin-ryu-shidokan,shuri-te,Seikichi Iha,2001,Beikoku Shidōkan (American Shidōkan) < Shorin-Ryu Shido-kan < Kobayashi Shorin-Ryu < Shorin-Ryu < Shuri-te < Te,3,American Shidokan Association; Beikoku Shido-kan; Beikoku Shidōkan (American Shidōkan)
chubu-shorin-ryu,Chūbu Shōrin-ryū,shorin-ryu-seibukan,shuri-te,Zenryō Shimabukuro (headed the Chūbu Shōrin-ryū association); continued after his death by Kōchi Katsuhide as the Chūbu Shōrin-ryū Karate-dō Kyōkai,,Chūbu Shōrin-ryū < Shorin-Ryu Seibukan < Shorin-Ryu < Shuri-te < Te,2,Central Okinawa Shorin-ryu; Chubu Shorin-ryu Karatedo Kyokai; Chūbu Shōrin-ryū
daishinkan,Okinawa Karate-dō Shōrin-ryū Daishinkan Kyōkai (沖縄空手道小林流大信館協会),kobayashi-shorin-ryu,shuri-te,,,Okinawa Karate-dō Shōrin-ryū Daishinkan Kyōkai (沖縄空手道小林流大信館協会) < Kobayashi Shorin-Ryu < Shorin-Ryu < Shuri-te < Te,1,Okinawa Karate-dō Shōrin-ryū Daishinkan Kyōkai (沖縄空手道小林流大信館協会); 沖縄空手道小林流大信館協会
genseiryu,Genseiryū,shuri-te,shuri-te,Shukumine Seiken,1953,Genseiryū < Shuri-te < Te,3,Gensei-ryu; Genseiryu Butokukai; Genseiryū; gensei-ryu; 玄制流
genseiryu-butokukai,Kokusai Genseiryū Karatedō Renmei Butokukai (国際玄制流空手道連盟武徳会),genseiryu,shuri-te,,,Kokusai Genseiryū Karatedō Renmei Butokukai (国際玄制流空手道連盟武徳会) < Genseiryū < Shuri-te < Te,3,Kokusai Genseiryū Karatedō Renmei Butokukai (国際玄制流空手道連盟武徳会); 国際玄制流空手道連盟武徳会
genseiryu-seidokai,Kokusai Karate-dō Renmei Gensei-ryū Seidōkai (国際空手道連盟玄制流成道会),genseiryu,shuri-te,Tetsuo Narikawa,1983,Kokusai Karate-dō Renmei Gensei-ryū Seidōkai (国際空手道連盟玄制流成道会) < Genseiryū < Shuri-te < Te,1,Kokusai Karate-dō Renmei Gensei-ryū Seidōkai (国際空手道連盟玄制流成道会); 国際空手道連盟玄制流成道会
ishimine-ryu,Ishimine-ryū,shuri-te,shuri-te,Kaneshima Shin'ei (named the school; private Shuri-te tradition from Ishimine Pēchin via Kaneshima Shinbi),,Ishimine-ryū < Shuri-te < Te,3,Ishimine-ryu; Ishimine-ryū
isshin-ryu,Isshin-Ryu,shorin-ryu,shuri-te,Tatsuo Shimabuku,1956,Isshin-Ryu < Shorin-Ryu < Shuri-te < Te,16,ISSHINRYU; Isshin-Ryu; Isshinkai; Isshinryu; isshinkai; isshinryu
isshin-ryu-aoka,American Okinawan Karate Association (AOKA),isshin-ryu,shuri-te,Shimabuku Tatsuo (established 12 April 1961; later headed by Steve Armstrong),1961,American Okinawan Karate Association (AOKA) < Isshin-Ryu < Shorin-Ryu < Shuri-te < Te,2,AOKA; American Okinawan Karate Association (AOKA)
isshin-ryu-iwka,Isshin-ryū World Karate Association (IWKA),isshin-ryu,shuri-te,Shimabuku Kichirō,1974,Isshin-ryū World Karate Association (IWKA) < Isshin-Ryu < Shorin-Ryu < Shuri-te < Te,1,IWKA; Isshin-ryū World Karate Association (IWKA); Isshinryu World Karate Association
isshin-ryu-oikka,Okinawa Isshin-ryū Karate Kobudō Association (OIKKA),isshin-ryu,shuri-te,Uezu Angi,1990,Okinawa Isshin-ryū Karate Kobudō Association (OIKKA) < Isshin-Ryu < Shorin-Ryu < Shuri-te < Te,1,OIKKA; Okinawa Isshin-ryū Karate Kobudō Association (OIKKA); Okinawan Isshinryu Karate Kobudo Association
isshin-ryu-uika,United Isshin-ryū Karate Association (UIKA),isshin-ryu,shuri-te,"Harold Mitchum (with Ed Johnson, Arcenio Advincula and Milledge Murphey)",1977,United Isshin-ryū Karate Association (UIKA) < Isshin-Ryu < Shorin-Ryu < Shuri-te < Te,2,UIKA; United Isshin-ryū Karate Association (UIKA); United Isshinryu Karate Association
keishinkan,Keishinkan,shudokan,shuri-te,Masanao Takazawa,,Keishinkan < Shudokan < Shuri-te < Te,0,
kenshinkan,Shōrin-ryū Kenshin-kan,matsumura-seito,shuri-te,Fusei Kise,1977,Shōrin-ryū Kenshin-kan < Matsumura Seito Shorin-Ryu < Shorin-Ryu < Shuri-te < Te,5,All Okinawa Shorin-ryu Kenshin-kan Karate and Kobudo Federation; Kenshin Kan; Okinawa Shorin-ryu Matsumura Seito Karate-do Kobudo Federation; Shōrin-ryū Kenshin-kan
kishimoto-di,KishimotoDi,shuri-te,shuri-te,Kishimoto Sōkō (lineage from Tachimura no Pēchin),,KishimotoDi < Shuri-te < Te,6,Kishimoto-di; KishimotoDi; Tachimura-ha Shuri-te; kishimoto-di
kobayashi-shorin-ryu,Kobayashi Shorin-Ryu,shorin-ryu,shuri-te,Chōshin Chibana,1933,Kobayashi Shorin-Ryu < Shorin-Ryu < Shuri-te < Te,35,Kobayashi Shorin-Ryu; Kobayashi Shorin-ryu Karate; Kobayashi-ryu; KobayashiShorin-ryu; Shorin-ryu Kobayashi
kokusai-genseiryu-renmei,"Kokusai Genseiryū Karatedō Renmei (国際玄制流空手道連盟, International Gensei-ryu Karate-do Federation)",genseiryu,shuri-te,,1959,"Kokusai Genseiryū Karatedō Renmei (国際玄制流空手道連盟, International Gensei-ryu Karate-do Federation) < Genseiryū < Shuri-te < Te",0,
kokusai-okinawa-kobayashi-ryu-renmei,International Okinawa Kobayashi-ryū Karate-dō Federation (国際沖縄小林流空手道連盟),kobayashi-shorin-ryu,shuri-te,Kakihana Keishun 垣花恵春 (chair) and Masanobu Kikukawa 喜久川政信 (executive director),2012,International Okinawa Kobayashi-ryū Karate-dō Federation (国際沖縄小林流空手道連盟) < Kobayashi Shorin-Ryu < Shorin-Ryu < Shuri-te < Te,0,
koshiki-karatedo,Kōshiki Karatedō,shorinjiryu-kenkokan,shuri-te,"Masayuki Kukan Hisataka (competition system with Supersafe protective equipment, open to all styles; World Koshiki Karatedo Federation)",1979,Kōshiki Karatedō < Shorinjiryu Kenkokan < Shorin-Ryu < Shuri-te < Te,1,Koshiki Contact Karate; Kōshiki Karatedō; WKKF; World Koshiki Karatedo Federation
kyudokan-kenshikai,Okinawa Shōrin-ryū Kyūdōkan Kenshikai (沖縄小林流究道館拳士会),shorin-ryu-kyudokan,shuri-te,Yoshimasa Kakazu,,Okinawa Shōrin-ryū Kyūdōkan Kenshikai (沖縄小林流究道館拳士会) < Shorin-Ryu Kyudokan < Kobayashi Shorin-Ryu < Shorin-Ryu < Shuri-te < Te,0,Okinawa Shōrin-ryū Kyūdōkan Kenshikai (沖縄小林流究道館拳士会); 沖縄小林流究道館拳士会
matsubayashi-ryu,Matsubayashi-Ryu,shorin-ryu,shuri-te,Shōshin Nagamine,1947,Matsubayashi-Ryu < Shorin-Ryu < Shuri-te < Te,27,Matsubayashi-Ryu; World Matsubayashi-ryu; shogen-ryu
matsumura-kenpo,Shōrin-ryū Matsumura Kenpō,matsumura-seito,shuri-te,Yuichi Kuda (student of Hōhan Sōken and Shigeru Nakamura),,Shōrin-ryū Matsumura Kenpō < Matsumura Seito Shorin-Ryu < Shorin-Ryu < Shuri-te < Te,2,All Okinawa Shorin-ryu Matsumura Karate and Kobudo Association; Matsumura Kenpo Hozon Kyokai; Matsumura Kenpo Shorin-ryu Karate Kobudo Federation; Shōrin-ryū Matsumura Kenpō
matsumura-seito,Matsumura Seito Shorin-Ryu,shorin-ryu,shuri-te,Hōhan Sōken,1952,Matsumura Seito Shorin-Ryu < Shorin-Ryu < Shuri-te < Te,22,Kenshinkan; Konan-ryu; Matsumura Kenpo Shorin-ryu; Matsumura Orthodox Shorin-ryu; Matsumura Seito Hakutsuru; Matsumura Seito Shorin-ryu; Shorin Ryu Matsumura Seito Karate
matsusokan,Okinawa Matsusōkan Dentō Karate Kyōkai (沖縄松祖館伝統空手協会),matsumura-seito,shuri-te,Takaya Yabiku 屋比久孝也,,Okinawa Matsusōkan Dentō Karate Kyōkai (沖縄松祖館伝統空手協会) < Matsumura Seito Shorin-Ryu < Shorin-Ryu < Shuri-te < Te,0,
motobu-ryu,Motobu-Ryu,shuri-te,shuri-te,Motobu Chōki,1922,Motobu-Ryu < Shuri-te < Te,10,Motobu-Ryu; Motoburyu; Nihon Denryu Hyoho Motobu Kenpo; motobu-ryu; motoburyu
motobu-ryu-kobujutsu-kyokai,Motobu-ryū Kobujutsu Kyōkai (本部流古武術協会),motobu-udundi,shuri-te,"Uehara Seikichi (上原清吉, 1904-2004)",1961,Motobu-ryū Kobujutsu Kyōkai (本部流古武術協会) < Motobu Udundi < Te,0,
motobu-udundi,Motobu Udundi,te,shuri-te,"Motobu Chōhei (1st sōke, 17th century)",,Motobu Udundi < Te,22,Moidi; Motobu Udun Di; Motobu Udun Dī; Motobu Udundi; Motobu Udundi bojutsu; Motobu-ryu Udundi; Motobu-ryū Udundī; Udundi; motobu-udundi; 本部御殿手
motobu-udundi-kobujutsu-kyokai,Motobu Udundi Kobujutsu Kyōkai (本部御殿手古武術協会),motobu-udundi,shuri-te,,1970,Motobu Udundi Kobujutsu Kyōkai (本部御殿手古武術協会) < Motobu Udundi < Te,0,Motobu Udundi Kobujutsu Kyōkai (本部御殿手古武術協会); 本部御殿手古武術協会
motobu-udundi-kyokai,Okinawa Motobu Udundi Karate Kobudō Kyōkai (沖縄本部御殿手空手古武道協会),motobu-udundi,shuri-te,,2012,Okinawa Motobu Udundi Karate Kobudō Kyōkai (沖縄本部御殿手空手古武道協会) < Motobu Udundi < Te,0,Okinawa Motobu Udundi Karate Kobudō Kyōkai (沖縄本部御殿手空手古武道協会); 沖縄本部御殿手空手古武道協会
motobu-udundi-moidi-shiroma-ha,Motobu Ryūkyū Kobujutsu Moidi (Shiroma-ha),motobu-udundi,shuri-te,"Shiroma Seihan / Kiyonori (城間清範, 1941-2012)",,Motobu Ryūkyū Kobujutsu Moidi (Shiroma-ha) < Motobu Udundi < Te,0,
ogasawara-ha-shorinji-ryu,Ogasawara-ha Shōrinji-ryū (Sakugawa Koshiki Shōrinji-ryū),shuri-te,shuri-te,"Ogasawara Jirō (per school tradition, from Hanashiro Chōmo, 1926); organised internationally by Thomas Cauley",,Ogasawara-ha Shōrinji-ryū (Sakugawa Koshiki Shōrinji-ryū) < Shuri-te < Te,0,Ogasawara-ha Shorinji Ryu Karatedo; Ogasawara-ha Shōrinji-ryū (Sakugawa Koshiki Shōrinji-ryū); Sakugawa Koshiki Shorinji-ryu; Sakugawa Koshin-ryu
okinawa-kenpo,Okinawa Kenpō,shuri-te,shuri-te,Shigeru Nakamura,1953,Okinawa Kenpō < Shuri-te < Te,11,Nakamura-ha; Oki-Ken-Kai; Okinawa Kempo; Okinawa Kenpo; Okinawa Kenpo Karate-do Renmei; Okinawa Kenpō Karate-dō; Okinawan Kenpo; okinawa-kenpo; ryukyu-kempo
oto-ryu,Ōtō-ryū (王統流),shuri-te,shuri-te,,,Ōtō-ryū (王統流) < Shuri-te < Te,1,Ōtō-ryū (王統流); 王統流
renbukan,Renbukan (錬武舘),kanbukan,shuri-te,,1951,Renbukan (錬武舘) < Kanbukan (韓武舘) < Shudokan < Shuri-te < Te,0,Renbukan (錬武舘)
risshikan,Shōrin-ryū Risshikan (立志館),shorin-ryu,shuri-te,Kiyuna Chōkō,,Shōrin-ryū Risshikan (立志館) < Shorin-Ryu < Shuri-te < Te,1,Shōrin-ryū Risshikan (立志館); 立志館
ryu-te,Ryū-te,okinawa-kenpo,shuri-te,Seiyū Oyata,1995,Ryū-te < Okinawa Kenpō < Shuri-te < Te,7,Oyata Shin Shū Ho; RyuTe; RyuTe Renmei; Ryukyu Kempo (Oyata); Ryūkyū Kempo (Oyata line); ryu-te; tuite
ryukyu-hon-kenpo,Ryūkyū Hon Kenpō Kobujutsu,okinawa-kenpo,shuri-te,Seikichi Odo,1998,Ryūkyū Hon Kenpō Kobujutsu < Okinawa Kenpō < Shuri-te < Te,1,Okinawa Kenpo Karate Kobudo; Ryukyu Hon Kenpo; Ryūkyū Hon Kenpō Kobujutsu
ryukyu-shorin-ryu-gesshinkai,Ryūkyū Shōrin-ryū Karate-dō Gesshinkai (琉球少林流空手道 月心会),shorin-ryu-seibukan,shuri-te,Okada Toshirō 岡田俊郎,2006,Ryūkyū Shōrin-ryū Karate-dō Gesshinkai (琉球少林流空手道 月心会) < Shorin-Ryu Seibukan < Shorin-Ryu < Shuri-te < Te,0,
seidokan,Seidokan,shorin-ryu,shuri-te,Shian Toma,1984,Seidokan < Shorin-Ryu < Shuri-te < Te,12,Dentokan; Ryukoku Seidokan Karate Kobudo Renmei; Seidokan; Seidokan Motobu-ryu; Zen Okinawa Seidokan Karate Kobudo
shobayashi-shorin-ryu,Shobayashi Shorin-Ryu,shorin-ryu,shuri-te,Eizō Shimabukuro (lineage of Chōtoku Kyan),,Shobayashi Shorin-Ryu < Shorin-Ryu < Shuri-te < Te,6,Shaolin Shorin-ryu; Shobayashi Shorin-ryu; Shobayashi-ryu; Shorin-ryu (Sukunai Hayashi); Zen Nippon Okinawa Shobayashi-ryu Karatedo Kokusai Renmei
shogen-ryu,Shōgen-ryū,matsubayashi-ryu,shuri-te,Kensei Taba,2000,Shōgen-ryū < Matsubayashi-Ryu < Shorin-Ryu < Shuri-te < Te,0,Okinawa Shogen-ryu Karate-do Association; Shogen-Ryu Karate-Do; Shōgen-ryū
shorin-ryu,Shorin-Ryu,shuri-te,shuri-te,Chōshin Chibana (named the style 1933; lineage of Sokon Matsumura's Shuri-te),1933,Shorin-Ryu < Shuri-te < Te,69,Jindokai; Shorin-Ryu; Shorin-ryu; Shorin-ryu Shinkokai; shorinryu; tozan-ryu
shorin-ryu-butokukan,Okinawa Karate-dō Shōrin-ryū Butokukan Kyōkai (沖縄空手道小林流武徳館協会),kobayashi-shorin-ryu,shuri-te,Gibu Sokuichi 儀武息一,1991,Okinawa Karate-dō Shōrin-ryū Butokukan Kyōkai (沖縄空手道小林流武徳館協会) < Kobayashi Shorin-Ryu < Shorin-Ryu < Shuri-te < Te,0,
shorin-ryu-kishaba-juku,Shorin-Ryu Kishaba Juku,matsubayashi-ryu,shuri-te,Chōkei Kishaba,1998,Shorin-Ryu Kishaba Juku < Matsubayashi-Ryu < Shorin-Ryu < Shuri-te < Te,3,Kishaba Juku; Okinawa Karate-do Shorin-ryu Kishaba Juku; Shorin-ryu Kishaba Juku
shorin-ryu-kyudokan,Shorin-Ryu Kyudokan,kobayashi-shorin-ryu,shuri-te,Yūchoku Higa,1947,Shorin-Ryu Kyudokan < Kobayashi Shorin-Ryu < Shorin-Ryu < Shuri-te < Te,10,Kaicho of Kyudokan; Shorin Ryu Kyudokan; Shorin-ryu Kyudokan
shorin-ryu-myobukan,Okinawa Shōrin-ryū Karate-dō Myōbukan (沖縄小林流空手道妙武館),kobayashi-shorin-ryu,shuri-te,Matsuda Yoshimasa 松田芳正,,Okinawa Shōrin-ryū Karate-dō Myōbukan (沖縄小林流空手道妙武館) < Kobayashi Shorin-Ryu < Shorin-Ryu < Shuri-te < Te,0,
shorin-ryu-reihokan,Shorin-Ryu Reihokan,kobayashi-shorin-ryu,shuri-te,Naonobu Ahagon,1991,Shorin-Ryu Reihokan < Kobayashi Shorin-Ryu < Shorin-Ryu < Shuri-te < Te,1,International Shorin-ryu Reihokan Association; Shorin-Ryu Reihokan
shorin-ryu-ryukyukan,Okinawa Karate-dō Shōrin-ryū Ryūkyūkan Karate Kobudō Renmei (沖縄空手道小林流竜球館空手古武道連盟),kobayashi-shorin-ryu,shuri-te,Nohara Kōei 野原耕栄,1982,Okinawa Karate-dō Shōrin-ryū Ryūkyūkan Karate Kobudō Renmei (沖縄空手道小林流竜球館空手古武道連盟) < Kobayashi Shorin-Ryu < Shorin-Ryu < Shuri-te < Te,0,
shorin-ryu-seibukan,Shorin-Ryu Seibukan,shorin-ryu,shuri-te,Zenryō Shimabukuro (lineage of Chōtoku Kyan),1962,Shorin-Ryu Seibukan < Shorin-Ryu < Shuri-te < Te,11,Okinawa Shorin-ryu Seibukan Karate-do Association; Seibukan Shorin-Ryu; Shorin-ryu Seibukan; Sukunaihayashi; Sukunaihayashi Shorin-ryu
shorin-ryu-shidokan,Shorin-Ryu Shido-kan,kobayashi-shorin-ryu,shuri-te,Katsuya Miyahira,1948,Shorin-Ryu Shido-kan < Kobayashi Shorin-Ryu < Shorin-Ryu < Shuri-te < Te,7,Shorin-ryu Shido-kan
shorin-ryu-shinkokai,Okinawa Shōrin-ryū Karate Shinkōkai (沖縄小林流空手振興会),kobayashi-shorin-ryu,shuri-te,Masanobu Kikukawa 喜久川政信 with Tatsunori Azuma,1985,Okinawa Shōrin-ryū Karate Shinkōkai (沖縄小林流空手振興会) < Kobayashi Shorin-Ryu < Shorin-Ryu < Shuri-te < Te,0,
shorin-ryu-shorinkan,Shorin-Ryu Shorinkan,kobayashi-shorin-ryu,shuri-te,Shūgorō Nakazato,1975,Shorin-Ryu Shorinkan < Kobayashi Shorin-Ryu < Shorin-Ryu < Shuri-te < Te,12,First member dojo of Shorin-ryu Shorinkan; List of Shorin-ryu Shorinkan; Shorin-ryu Shorinkan; Shorinkan; shorinkan; shorinryushorinkan
shorin-ryu-shubukan,Shorin-Ryu Shubukan,kobayashi-shorin-ryu,shuri-te,Jōki Uema,1962,Shorin-Ryu Shubukan < Kobayashi Shorin-Ryu < Shorin-Ryu < Shuri-te < Te,4,Shorin Ryu Shubukan
shorinji-ryu,Shorinji-Ryu,shorin-ryu,shuri-te,Jōen Nakazato (lineage of Chōtoku Kyan),1954,Shorinji-Ryu < Shorin-Ryu < Shuri-te < Te,9,Shorinji-Ryu; Shorinji-ryu; Shorinjiryu; shorinjiryu
shorinji-ryu-gudokan,Shōrinji-ryū Gudōkan (全沖縄少林寺流空手道協会 求道館),shorinji-ryu,shuri-te,,,Shōrinji-ryū Gudōkan (全沖縄少林寺流空手道協会 求道館) < Shorinji-Ryu < Shorin-Ryu < Shuri-te < Te,0,Shōrinji-ryū Gudōkan (全沖縄少林寺流空手道協会 求道館); 全沖縄少林寺流空手道協会 求道館
shorinji-ryu-renshinkan,Shorinji-Ryu Renshinkan,shorin-ryu-seibukan,shuri-te,Isamu Tamotsu,1955,Shorinji-Ryu Renshinkan < Shorin-Ryu Seibukan < Shorin-Ryu < Shuri-te < Te,4,Kokusai Shorinjiryu Karatedo Renmei; Shorinji-ryu Renshinkan; Shorinjiryu Karate-do Renshinkan
shorinjiryu-kenkokan,Shorinjiryu Kenkokan,shorin-ryu,shuri-te,Kōri Hisataka (Kudaka),1945,Shorinjiryu Kenkokan < Shorin-Ryu < Shuri-te < Te,6,Kenkokan; Shorinjiryu Kenkokan; Shorinjiryu Kenkokan Karate; Shorinjiryu Kenkokan Karatedo
shorinjiryu-kenyukai,Shorinjiryu Kenyukai,shorinjiryu-kenkokan,shuri-te,Shunji Watanabe,1973,Shorinjiryu Kenyukai < Shorinjiryu Kenkokan < Shorin-Ryu < Shuri-te < Te,2,Kenyukai Watanabe-ha; Shorinjiryu Kenyukai Karatedo Federation; Shorinjiryu Kenyukai Watanabe Ha Karate
shudokan,Shudokan,shuri-te,shuri-te,Kanken Tōyama,1930,Shudokan < Shuri-te < Te,10,Shudokan; Shudokan Karate; Toyama-ryu karate
shuri-ryu,Shuri-Ryu,shuri-te,shuri-te,Robert Trias,1946,Shuri-Ryu < Shuri-te < Te,2,Shuri-ryu; Shuri-ryu Karate; USKA karate; United States Karate Association line
shuri-te,Shuri-te,te,shuri-te,,,Shuri-te < Te,35,Okinawan martial artsShuri-te; Shuri-te
taido,Taidō,genseiryu,shuri-te,Shukumine Seiken,1965,Taidō < Genseiryū < Shuri-te < Te,3,taido; 躰道
tozan-ryu,Tōzan-ryū Shindōkan,shorin-ryu,shuri-te,"Kaneshima Shinsuke (student of Motobu Chōki, then Tōyama Chōgi in Taiwan, after whom the style is named)",,Tōzan-ryū Shindōkan < Shorin-Ryu < Shuri-te < Te,0,Shindokan; Tozan-ryu; Tozan-ryu Shindokan; Tōzan-ryū Shindōkan
ueshiro-shorin-ryu,Ueshiro Shōrin-ryū Karate USA,matsubayashi-ryu,shuri-te,Ansei Ueshiro,1962,Ueshiro Shōrin-ryū Karate USA < Matsubayashi-Ryu < Shorin-Ryu < Shuri-te < Te,2,SRKUSA; Shorin-Ryu Karate USA; Ueshiro Shorin-Ryu; Ueshiro Shōrin-ryū Karate USA
world-oshukai-karate,World Ōshūkai Okinawa Shōrin-ryū Karate-dō (Chinen Kenyū line),kobayashi-shorin-ryu,shuri-te,Chinen Kenyū,1993,World Ōshūkai Okinawa Shōrin-ryū Karate-dō (Chinen Kenyū line) < Kobayashi Shorin-Ryu < Shorin-Ryu < Shuri-te < Te,0,
world-taido-federation,World Taido Federation (世界躰道連盟),taido,shuri-te,Seiken Shukumine,1983,World Taido Federation (世界躰道連盟) < Taidō < Genseiryū < Shuri-te < Te,0,
zentokukai,Okinawa Shōrin-ryū Zentokukai Karatedō Association,shorin-ryu-seibukan,shuri-te,"Tim Rodgers, with Angel Lemus, Jim Pizii and Walter Dailey",1997,Okinawa Shōrin-ryū Zentokukai Karatedō Association < Shorin-Ryu Seibukan < Shorin-Ryu < Shuri-te < Te,0,
bugeikan,Bugeikan,te,te,Higa Seitoku,1951,Bugeikan < Te,3,Bugeikan; Iso Bugeikan; Okinawa Dento Bugeikan; bugeikan
honshin-ryu,Honshin-ryū,te,te,"Miyagi Masakazu (codified; tradition of Kuniyoshi Shinkichi via Nakamura Heisaburō, whom Miyagi succeeded in 1975)",,Honshin-ryū < Te,3,Honshin ryu; Honshin-ryu Karate Kobudo Hozon Kai; Honshin-ryū
kojo-ryu,Kojō-ryū,te,te,"Kojō Uēkata (Cai Zhaogong, 1656–1737)",1700,Kojō-ryū < Te,16,Kojo-ryu; Kojō-ryū; Koshokan
kojo-ryu-rinzankai,Okinawa-den Kojō-ryū Karatedō Rinzankai (沖縄傳湖城流空手道林山会),kojo-ryu,te,Hayashi Shingo 林伸伍,,Okinawa-den Kojō-ryū Karatedō Rinzankai (沖縄傳湖城流空手道林山会) < Kojō-ryū < Te,0,Okinawa-den Kojō-ryū Karatedō Rinzankai (沖縄傳湖城流空手道林山会); 沖縄傳湖城流空手道林山会
te,Te,,te,,,Te,285,Okinawa-te; Te; Tode; Tote
matsumora-ryu,Matsumora-ryū (Yara Chōi line),tomari-te,tomari-te,"Yara Chōi 屋良朝意 (1915–2014), from the tradition of Kuba Chōjin",,Matsumora-ryū (Yara Chōi line) < Tomari-te < Te,0,
tomari-te,Tomari-te,te,tomari-te,,,Tomari-te < Te,23,Matsumora-type Tomari-te; Tomari-te; tomarite
iukf,International Uechi-ryū Karate Federation (IUKF),uechi-ryu,uechi-ryu,George E. Mattson,,International Uechi-ryū Karate Federation (IUKF) < Uechi-Ryu < Pangai-noon,1,
konan-ryu,Kōnan-ryū,uechi-ryu,uechi-ryu,Itokazu Seiki (with Kinjō Takashi),1978,Kōnan-ryū < Uechi-Ryu < Pangai-noon,2,Kōnan-ryū; Pangainoon-ryu (Itokazu)
okinawa-kobu-ryu,Okinawa Kōbu-ryū Karate-dō Kobudō Kōbukai (沖縄孝武流空手道古武道孝武会),konan-ryu,uechi-ryu,Kinjō Takashi 金城孝,,Okinawa Kōbu-ryū Karate-dō Kobudō Kōbukai (沖縄孝武流空手道古武道孝武会) < Kōnan-ryū < Uechi-Ryu < Pangai-noon,0,
pangai-noon,Pangai-noon,,uechi-ryu,Zhou Zihe (Shū Shiwa),1900,Pangai-noon,0,Pangai-noon; Pangai-noon-ryū Karate-jutsu; Pangainoon; Pangainoon-ryu; Pangainun; Pwan Gai Noon; Pwangainoon; 半硬軟
shohei-ryu,Shōhei-ryū (Okikukai),uechi-ryu,uechi-ryu,senior students of Uechi Kan'ei (including Tomoyose Ryūkō),1991,Shōhei-ryū (Okikukai) < Uechi-Ryu < Pangai-noon,5,Okikukai; Okinawa Karate-do Kyokai; Okinawa Karatedō Kyōkai; Shōhei-ryū (Okikukai); Shōhei-ryū (name reverted to Uechi-ryū on 18 September 2016); 沖空会
uechi-ryu,Uechi-Ryu,pangai-noon,uechi-ryu,Uechi Kanbun,1932,Uechi-Ryu < Pangai-noon,34,Kenyukai Uechi-Ryu; Uechi Kan; Uechi-Ryu; Uechiryu; pangai-noon; uechi-ryu; uechiryu
uechi-ryu-hankonan-kyokai,"Uechi-ryū Karatedō Han-Kōnan Kyōkai (上地流空手道半硬軟協会, Kōyōkan)",uechi-ryu,uechi-ryu,Itokazu Seikō 糸数盛光,,"Uechi-ryū Karatedō Han-Kōnan Kyōkai (上地流空手道半硬軟協会, Kōyōkan) < Uechi-Ryu < Pangai-noon",0,"Uechi-ryū Karatedō Han-Kōnan Kyōkai (上地流空手道半硬軟協会, Kōyōkan); 上地流空手道半硬軟協会"
uechi-ryu-karate-do-kyokai,Uechi-ryū Karate-dō Association,uechi-ryu,uechi-ryu,Uechi Kan'ei (continued by the Uechi family sōke line after the 1991 split),,Uechi-ryū Karate-dō Association < Uechi-Ryu < Pangai-noon,2,"Sōke line (Uechi Kanmei, then Uechi Sadanao); Uechi-ryū Karate-dō Association; Uechi-ryū Karate-dō Kyōkai; 上地流空手道協会"
uechi-ryu-kenseikai,Uechi-ryū Kenseikai,uechi-ryu,uechi-ryu,Senaga Yoshitsune,,Uechi-ryū Kenseikai < Uechi-Ryu < Pangai-noon,0,Kenseikai; Tomigusuku Shūbukan; Uechi-ryū Kenseikai; 拳誠会
uechi-ryu-kenyukai,Uechi-ryū Kenyūkai,uechi-ryu,uechi-ryu,Shinjō Kiyohide,1981,Uechi-ryū Kenyūkai < Uechi-Ryu < Pangai-noon,1,International Kenyukai Association; Kenyukai; Uechi-ryū Kenyūkai
uechi-ryu-shubukai,Nihon Karate-dō Uechi-ryū Shūbukai (日本空手道上地流修武会),uechi-ryu,uechi-ryu,Araki Satoru 新木覺 (1927-2008),1967,Nihon Karate-dō Uechi-ryū Shūbukai (日本空手道上地流修武会) < Uechi-Ryu < Pangai-noon,0,
uechi-ryu-shureikai,"Uechi-ryū Shureikai (上地流守礼会), honbu Uechi-ryū Karate-dō Shintoshin Shureikan",uechi-ryu,uechi-ryu,Maeshiro Shusei 真栄城守成,,"Uechi-ryū Shureikai (上地流守礼会), honbu Uechi-ryū Karate-dō Shintoshin Shureikan < Uechi-Ryu < Pangai-noon",0,
uechi-ryu-zankai,Uechi-ryū Zankai,uechi-ryu,uechi-ryu,Toyama Seiko,1998,Uechi-ryū Zankai < Uechi-Ryu < Pangai-noon,2,Okinawa Karate-dō Uechi-ryū Zankyōkai; Uechi-ryū Zankai; Zakimi Shūbukan; Zankyōkai
