source,target,source_name,target_name,action,repoint_to,reason,status,new_confidence
Q705617,Q557301,Chomo Hanashiro,Ankichi Arakaki,keep,,"Historically correct: Ankichi Arakaki (1899-1927) trained under Chomo Hanashiro alongside Shinpan Gusukuma and Choshin Chibana. Birth order is consistent (1869 -> 1899). The cycle this edge sits in is broken by the false Nagamine -> Matsumura edge, not this one.",proposed,
Q557301,Q1963468,Ankichi Arakaki,Shoshin Nagamine,keep,,"Correct: Shoshin Nagamine (Matsubayashi-ryu founder) named Ankichi Arakaki as one of his principal teachers, with Chotoku Kyan and Choki Motobu. Birth order consistent. Cycle is caused by the spurious Nagamine -> Matsumura edge.",proposed,
Q715769,Q527422,Matsumura Sokon,Anko Itosu,keep,,One of the best-attested relationships in karate history: Itosu was Matsumura Sokon's student in Shuri-te. Birth order consistent (1809 -> 1831). Flagged only because it lies on a cycle broken elsewhere (Nagamine -> Matsumura).,proposed,
Q527422,Q705617,Anko Itosu,Chomo Hanashiro,keep,,"Correct: Hanashiro was a long-time student and then assistant of Itosu until Itosu's death in 1915 (he also trained earlier under Matsumura). Birth order consistent. Cycle broken by the Nagamine -> Matsumura edge, not this one.",proposed,
Q1351759,Q542989,Chatan,Chatan Yara,drop,,"Non-person endpoint: Q1351759 is Chatan, the Okinawan town from which Chatan Yara takes his name. Scrape noise from text mentioning the place name; not a teacher-student relationship.",proposed,
Q542989,Q1351759,Chatan Yara,Chatan,drop,,"Reverse of the same noise edge: Chatan is a town, not a person. Chatan Yara cannot have taught a municipality.",proposed,
Q11064618,Q542989,bo,Chatan Yara,drop,,Non-person endpoint: 'bo' (Q11064618) is the staff weapon. Text on Chatan Yara's page about the bo (e.g. the kata Chatan Yara no Kon) was misparsed as a teacher relationship.,proposed,
Q845354,Q542989,sai,Chatan Yara,drop,,"Non-person endpoint: 'sai' (Q845354) is the weapon, misparsed from text about the kata Chatan Yara no Sai. Not a person, not a relationship.",proposed,
Q699236,Q221121,Higaonna Kanryo,Chojun Miyagi,keep,,"Foundational Naha-te lineage: Chojun Miyagi was Higaonna Kanryo's principal student and founded Goju-Ryu from his teaching. Birth order consistent (1853 -> 1888). The cycle is caused by the impossible Miyazato/Higaonna edges, which are dropped.",proposed,
Q221121,Q5349190,Chojun Miyagi,Eiichi Miyazato,keep,,"Correct: Eiichi Miyazato was Miyagi's senior student, continued teaching at the Miyagi garden dojo after his death and founded the Jundokan. Birth order consistent (1888 -> 1922). Cycle broken by dropping the Higaonna-Miyazato edges.",proposed,
Q1071733,Q705617,Choshin Chibana,Chomo Hanashiro,drop,,"Not a teacher-student pair in either direction. Both were students of Anko Itosu; Hanashiro (b. 1869) was the senior, serving as Itosu's assistant, and on Hanashiro's death in 1945 Chibana became the acknowledged successor of the Itosu line. The 'learned_from' text pattern almost certainly picked up this succession/seniority context (or their joint 1918 Karate Kenkyukai membership), not direct tuition. Flipping would assert Hanashiro formally taught Chibana, which standard sources (Chibana's teacher is given as Itosu) do not support.",proposed,
Q5042308,Q2673,Carlos Machado,Chuck Norris,keep,,"Correct despite the age inversion: Carlos Machado (b. 1963) taught Brazilian jiu-jitsu to Chuck Norris (b. 1940), who earned his BJJ black belt under the Machado brothers. A younger person teaching an older one is legitimate here.",proposed,
Q699236,Q5349190,Higaonna Kanryo,Eiichi Miyazato,drop,,"Chronologically impossible and historically false: Higaonna Kanryo died in 1915, seven years before Miyazato was born (1922). Miyazato's teacher was Chojun Miyagi. The 'learned_from' text on Miyazato's page describes Miyagi learning from Higaonna (grand-teacher context), which the scraper misattributed. The true chain Higaonna -> Miyagi -> Miyazato is already present as separate edges, so nothing needs repointing.",proposed,
Q5349190,Q699236,Eiichi Miyazato,Higaonna Kanryo,drop,,"Reverse of the same impossible pairing: Higaonna died in 1915 before Miyazato's birth, so neither taught the other. Scrape noise from lineage prose on the Miyazato/Jundokan page.",proposed,
Q2408025,Q190141,catch wrestling,Kano Jigoro,drop,,"Non-person endpoint: 'catch wrestling' is a grappling style, not a teacher. Misparsed text about judo's relationship to Western wrestling.",proposed,
Q128059,Q190141,Kata guruma,Kano Jigoro,drop,,"Non-person endpoint: Kata guruma is a judo throw (one Kano famously developed from a wrestling fireman's carry), not a person.",proposed,
Q182634,Q190141,rickshaw,Kano Jigoro,drop,,"Non-person endpoint: 'rickshaw' is a vehicle, presumably misparsed from an anecdote on Kano's page. Not a relationship.",proposed,
Q148,Q453505,Peoples Republic of China,Kenwa Mabuni,drop,,"Non-person endpoint: a state cannot be a teacher. Likely misparsed text about Chinese origins of kata Mabuni preserved in Shito-Ryu. Mabuni's actual teachers (Itosu, Higaonna) should already be separate edges.",proposed,
Q3028499,Q715769,Kosaku Matsumora,Matsumura Sokon,drop,,"Historically false in both directions, almost certainly name-confusion noise (Matsumora vs Matsumura). Kosaku Matsumora (1829-1898) was a Tomari-te master taught by Karyu Uku and Kishin Teruya; Matsumura Sokon (b. 1809) was the senior Shuri-te master. Neither taught the other; they led parallel traditions. Low-confidence single 'student_keyword' evidence supports dropping rather than flipping.",proposed,
Q294548,Q4935308,Mas Oyama,Bobby Lowe,drop,,"Spurious duplicate: the real Mas Oyama -> Bobby Lowe edge already exists on Q221797; this one targets the baseball player QID, which is dropped.",proposed,
Q954330,Q584466,Ryu Ryu Ko,Arakaki Seisho,keep,,"Keep as date noise per panel guidance: Ryu Ryu Ko's dates are highly disputed (the 1852 birth year is one contested reconstruction; other accounts place him decades earlier). Okinawan tradition records Arakaki Seisho among the Naha-te men who studied in Fuzhou under Ryu Ryu Ko and Wai Xinxian. The 12-year apparent inversion is within the uncertainty of Ryu Ryu Ko's biography, and the multi-source evidence (infobox both directions plus both Wikidata properties) supports a genuine relationship in this direction.",proposed,
Q7446703,Q3482635,Seiichi Iju,Shugoro Nakazato,keep,,"Verified on Wikipedia: Seiichi Iju (a student of Shinpan Shiroma/Gusukuma) was Shugoro Nakazato's first karate teacher, in Sakai City, Osaka, from 1935 to 1940, before Nakazato trained under Chibana. The source_birth of 2011 is data noise (Iju's actual dates are early 20th century), not evidence against the edge. Flag the birth year for correction in the node table.",proposed,
Q1963468,Q715769,Shoshin Nagamine,Matsumura Sokon,drop,,"False in both directions: Matsumura died around 1899 and Nagamine was born in 1907, so no direct tuition was possible either way; a flip would still be chronologically impossible. The 'student_keyword' hit is from lineage prose (Nagamine's Matsubayashi-ryu traces to Matsumura, and Nagamine wrote biographical accounts of him in Tales of Okinawa's Great Masters). This is the edge that creates the five-node cycle; dropping it resolves the cycle cleanly.",proposed,
Q3482635,Q2025214,Shugoro Nakazato,Tadashi Yamashita,keep,,Correct direction: Tadashi Yamashita is a senior student of Shugoro Nakazato in Shorin-Ryu Shorinkan and received high dan grades under him. Birth order consistent (1919 -> 1942). Strong multi-signal evidence.,proposed,
Q2025214,Q3482635,Tadashi Yamashita,Shugoro Nakazato,drop,,"Reverse duplicate of the true Nakazato -> Yamashita edge, produced by a 'student_keyword' misparse on one of the two pages. Yamashita did not teach Nakazato. Dropping (rather than flipping) avoids creating a duplicate of the kept edge.",proposed,
Q1360025,Q713750,Taiji Kase,West Germany,drop,,Non-person endpoint: West Germany is a country. Misparsed text about Kase teaching Shotokan in Europe/Germany. Not a teacher-student relationship.,proposed,
Q11064618,Q27363,bo,Tatsuo Shimabuku,drop,,"Non-person endpoint: 'bo' is the staff weapon, misparsed from text about the kobudo (bo kata) Shimabuku incorporated into Isshin-Ryu. His actual weapons teachers (Taira Shinken, Moden Yabiku line) would be separate person edges.",proposed,
Q709520,Q7397534,Tetsuhiko Asai,Sadamu Uriu,keep,,"Plausible and consistent with the record despite the 6-year age inversion. Uriu's primary teacher was Nakayama at Takushoku, but per Wikipedia he had 'a lifetime of friendship and training with' Asai, represented Asai's JKS/Shotorenmei line in Brazil, and was promoted to 8th dan under Asai; Asai's infobox lists Uriu among his students. A slightly younger but organisationally senior instructor teaching an older one is unremarkable in post-war JKA structures. Keep, with the caveat that this is instructor-within-organisation tuition rather than Uriu's formative training.",proposed,
Q135222893,Q478958,Tsuyoshi Chitose,Western culture,drop,,"Non-person endpoint: 'Western culture' is a concept, misparsed from prose about Chito-Ryu's spread to the West. Not a relationship.",proposed,
Q7953,Q7953,Zen,Zen,drop,,"Self-loop on a non-person entity (Zen Buddhism), pure scrape noise from philosophical context on a karate page.",proposed,
Q1147708,Q2943981,Motobu Choki,Tatsuo Yamada (actor QID),repoint_target,Q11470681,Verified by two curators: Q2943981 is a Japanese actor (1956-2009); Motobu Choki's student is the karateka Tatsuo Yamada Q11470681 (1905-1967).,proposed,
Q135222893,Q6830460,Tsuyoshi Chitose,Michael G Foster,drop,,"[low-conf audit] Tsuyoshi Chitose was not Michael G. Foster's direct teacher. Foster's Wikipedia article states his karate training was under Mamoru Yamamoto (Yoshukai founder, then still affiliated with Chitose's Chito-ryu): Foster lived and trained in Yam https://en.wikipedia.org/wiki/Michael_G._Foster",proposed,
Q1360025,Q471629,Taiji Kase,Hirokazu Kanazawa,drop,,"[low-conf audit] Taiji Kase (b. 1929) and Hirokazu Kanazawa (b. 1931) were JKA contemporaries, not teacher and student. Kanazawa's Wikipedia names his teachers as Masatoshi Nakayama and Gichin Funakoshi and never mentions Kase. Kase's own article mentions K https://en.wikipedia.org/wiki/Hirokazu_Kanazawa https://en.wikipedia.org/wiki/Taiji_Kase",proposed,
Q1360025,Q896129,Taiji Kase,Hideo Ochi,keep,,[low-conf audit] Kase's Wikipedia article explicitly states that in his JKA instructor-training role 'amongst his students were Keinosuke Enoeda and Hiroshi Shirai as well as Hideo Ochi'. This is consistent chronologically: Kase was a senior JKA instructor  https://en.wikipedia.org/wiki/Taiji_Kase https://en.wikipedia.org/wiki/Hideo_Ochi,proposed,medium
Q3115887,Q5361556,Kenji Midori,Hajime Kazumi,drop,,"[low-conf audit] Kenji Midori was Hajime Kazumi's senpai (senior), not his teacher. Kazumi's Wikipedia article lists Midori among 'his seniors in Kyokushin' alongside Sakai, Yamaki, Kaneko and Iwasaki, and identifies Kazumi's actual teacher as Tsuyoshi Hiro https://en.wikipedia.org/wiki/Hajime_Kazumi",proposed,
Q386415,Q136799394,Hironori Otsuka,Robert Heisner,keep,,"[low-conf audit] Keep only at low confidence. Heisner's Wikipedia article lists both 'Shihan Hironori Otsuka' and Cecil T. Patterson (Otsuka's US East Coast representative) for his Wado-ryu training and nidan grading in Nashville, and records Heisner presen https://en.wikipedia.org/wiki/Robert_Heisner https://en.wikipedia.org/wiki/Hironori_%C5%8Ctsuka",proposed,low
Q4992628,Q560761,Yoshimi Osawa,Jon Bluming,keep,,"[low-conf audit] Documented: Bluming's Wikipedia states that at the Kodokan he 'trained under names like Toshiro Daigo, Yoshimi Osawa and Kazuo Ito'. Genuine teacher-student instruction, but note two caveats for the graph: this is a judo edge (Kodokan), not https://en.wikipedia.org/wiki/Jon_Bluming",proposed,medium
Q4992635,Q560761,Toshiro Daigo,Jon Bluming,keep,,"[low-conf audit] Documented on the same basis as the Osawa edge: Bluming's Wikipedia names Toshiro Daigo among his Kodokan judo instructors. Same caveats: judo rather than karate lineage, and institutional Kodokan instruction; medium confidence. https://en.wikipedia.org/wiki/Jon_Bluming",proposed,medium
Q584466,Q221121,Arakaki Seisho,Chojun Miyagi,drop,,"[low-conf audit] Name-confusion artefact. Chojun Miyagi's first teacher was Ryuko Aragaki (a different Aragaki), who taught him from age 11 and introduced him to Kanryo Higaonna at 14; Miyagi then trained under Higaonna for ~15 years. Arakaki Seisho's Wikip https://en.wikipedia.org/wiki/Ch%C5%8Djun_Miyagi https://en.wikipedia.org/wiki/Seish%C5%8D_Arakaki",proposed,
Q7447367,Q3954660,Seko Higa,Seikichi Toguchi,keep,,"[low-conf audit] Strongly documented. Toguchi's Wikipedia states he began his lifelong Goju-ryu study at Seko Higa's dojo in 1930 (age 15), studied under Higa for over 33 years (and under Miyagi for over 25), and that after WWII Higa moved in with Toguchi.  https://en.wikipedia.org/wiki/Seikichi_Toguchi",proposed,high
Q920672,Q11472844,Hatsuo Royama,Hiroto Okazaki,keep,,[low-conf audit] Strongly documented. Japanese Wikipedia records Okazaki Hiroto becoming an uchi-deshi (live-in student) at the Royama dojo in 1979 ('1979年 盧山道場内弟子'); the WEB Hiden master profile and Kyokushin-kan organisational pages confirm he received in https://ja.wikipedia.org/wiki/%E5%B2%A1%E5%B4%8E%E5%AF%9B%E4%BA%BA https://webhiden.jp/master/okazaki-hiroto/,proposed,high
Q1336547,Q921673,Peichin Takahara,Kanga Sakukawa,repoint_target,A0017,"[early-masters research] Chronologically impossible as scraped (Peichin Takahara died before Kanga Sakukawa's birth in 1786): per Wikipedia's Takahara/Sakugawa articles the student was Sakugawa Kangi (c.1733-1815), Kanga's father. Edge repointed to Kangi.",proposed,
Q1929108,Q921673,Kusanku,Kanga Sakukawa,repoint_target,A0017,"[early-masters research] Chronologically impossible as scraped (Kusanku died before Kanga Sakukawa's birth in 1786): per Wikipedia's Takahara/Sakugawa articles the student was Sakugawa Kangi (c.1733-1815), Kanga's father. Edge repointed to Kangi.",proposed,
Q3482287,Q8056246,,,drop,,"[wave4 quality] wrong-entity scrape artefact: Q8056246 (en-wiki Yoshio Nakamura, b.1970, judoka) cannot be a student of Shinpan Gusukuma (d.1954); the Wikidata P802 claim matched the wrong namesake",proposed,
Q1929108,Q542989,Kusanku,Chatan Yara,keep,,"[audit:chinese-antecedents; verifier: confirmed] The only primary source on Kusanku, the 1762 Oshima Hikki, records a demonstration witnessed by Shiohira Peichin and names no students. The Yara link is oral tradition recorded only in modern accounts, and chronology is strained: en.wikiped",proposed,medium
Q542989,Q1336547,Chatan Yara,Peichin Takahara,keep,,"[audit:chinese-antecedents; verifier: confirmed] Reported on en.wikipedia (Yara 'is most noted for teaching Takahara Peichin') but rests entirely on oral tradition with no period documentation, and works only under the 1668-1756 dating of Yara; the widely repeated alternative dating (1740",proposed,medium
A0189,Q16907056,Pan Yuba,Xie Zongxiang,keep,,"[audit:chinese-antecedents; verifier: confirmed] Consistently reported in the Minghequan lineage record (Xie Zongxiang 謝崇祥, 'Ru Ru' 如師, as the next-generation master), but attested only through 20th-century lineage tradition and Fuzhou wushu-association compilations, not period documentat",proposed,medium
Q557301,Q2149940,Ankichi Arakaki,Richard Kim,drop,,"[audit:early-shuri-tomari; verifier: confirmed] Wrong namesake. Richard Kim's Hawaii karate teacher was Arakaki SADAO, 'who represented Yabu in Hawaii' (post-1927), per the en-Wikipedia article Richard Kim (karate), whose teacher list includes Arakaki Sadao and never mentions Arakaki Ank",proposed,
C00550,C00494,Soko Kishimoto,Seitoku Higa,keep,,"[audit:early-shuri-tomari; verifier: confirmed] Confirmed by a primary source: Higa Seitoku's own 1966 account (archived on motobu-ryu.org) states he trained under Kishimoto Soko (岸本祖孝), then aged 65-66, from his first year of middle school. Upgrade from medium to high; the current evide",proposed,high
A0116,C00494,Kijun Kishimoto,Seitoku Higa,keep,,"[audit:early-shuri-tomari; verifier: confirmed] Confirmed by the same primary 1966 account: Higa writes he first learned karate in 5th grade of elementary school from Kishimoto Kijun (岸本喜順), a man who worked in his household. This also proves Kijun Kishimoto is a distinct person from Sok",proposed,medium
Q706726,Q13424717,Gozo Shioda,Kyoichi Inoue,keep,,"[audit:early-shuri-tomari; verifier: confirmed] Inoue entered the Yoshinkan in 1955, trained directly under founder Gozo Shioda, and became the second kancho (head) of the Yoshinkan in 2002; clearly documented in Japanese sources.",proposed,high
Q1071733,Q4351940,Choshin Chibana,Yasuhiro Konishi,keep,,"[audit:shorin-kobayashi; verifier: confirmed] Chibana appears only in Konishi's Wikipedia infobox; the article text discusses training with Funakoshi, Motobu, Mabuni, Miyagi and Ueshiba but never Chibana. Infobox-only with no textual or secondary corroboration does not merit medium.",proposed,low
Q1071733,C00034,Choshin Chibana,Eizo Shimabukuro,keep,,"[audit:shorin-kobayashi; verifier: confirmed] Eizo's own account (usadojo bio): from 1962-63 Chibana 'corrected all of my kata'. Consistently reported across his biographies, so medium rather than low.",proposed,medium
Q1071733,C00212,Choshin Chibana,Katsumi Murakami,keep,,"[audit:shorin-kobayashi; verifier: confirmed] Murakami Katsumi (author of Karate-do to Ryukyu kobudo) is listed among Chibana's direct disciples in the Chinese Wikipedia Chibana article and in the Motobu-ryu research note on Chibana's students, upgrading this from a single blog source.",proposed,medium
Q1071733,C00623,Choshin Chibana,Tsugio Yonezawa,keep,,[audit:shorin-kobayashi; verifier: confirmed] Yonezawa (米沢次男/ツギオ) is named among Chibana's direct disciples in both the Japanese and Chinese Wikipedia articles already cited; two independent-language wiki listings support medium.,proposed,medium
C00094,Q15987228,Jiro Shiroma,Yuchoku Higa,keep,,"[audit:shorin-kobayashi; verifier: confirmed] Higa Yuchoku's Wikipedia article states explicitly in the body text that 'In 1927, he began training under Jiro Shiroma'; this is stronger than the current low.",proposed,medium
C00291,Q15987228,Seiyei Miyahira,Yuchoku Higa,keep,,[audit:shorin-kobayashi; verifier: confirmed] Seiei Miyahira is named as one of Higa Yuchoku's four teachers in the Wikipedia infobox of the cited article; consistently reported in Kyudokan lineage material.,proposed,medium
Q705617,Q15987180,Chomo Hanashiro,Chozo Nakama,keep,,"[audit:shorin-kobayashi; verifier: confirmed] Hanashiro's Wikipedia article names Nakama Chozo (1899-1982) among his 'most eminent disciples' in the body text, and the official Motobu-ryu research note documents that Nakama's widely transmitted Gojushiho came from Hanagusuku (Hanashiro",proposed,high
Q5103850,Q6378081,Chogi Kishaba,Katsuhiko Shinzato,keep,,"[audit:shorin-kobayashi; verifier: plausible] The Shorin-ryu Kishaba Juku Wikipedia article states in the text that Shinzato studied bojutsu with Chogi Kishaba (Chokei's younger brother, student of Masami Chinen); corroborated across Yamanni-ryu lineage sources.",proposed,high
Q1071733,A0041,Choshin Chibana,Yoshihide Shinzato,keep,,"[audit:shorin-kobayashi; verifier: confirmed] Spanish Wikipedia biography and the Shinshukan organisation history document that Shinzato joined Chibana's academy and trained under him until Chibana's death in 1969, before founding Shorin-ryu Shinshukan in Brazil.",proposed,high
A0053,A0058,Chotoku Omine,Frank Grant,drop,,"[audit:shorin-matsubayashi; verifier: confirmed] Grant's biographies (Matsunoki/WSKF, Finding Karate search extracts) name his teachers as James Wax (1959), Ansei Ueshiro (1962) and Shoshin Nagamine (Okinawa, 1966). Omine is documented only as accompanying Nagamine on a 1969 visit to Gran",proposed,
Q4770567,A0060,Ansei Ueshiro,Terry Maccarrone,keep,,[audit:shorin-matsubayashi; verifier: confirmed] Ueshiro Shorin-Ryu Karate USA org history states Maccarrone became dojo owner and Sensei under Ueshiro in 1969 and that Ueshiro personally awarded him Kyoshi 7th dan and instructor menkyo in 1992. Consistently reported within the founder's ,proposed,medium
Q1963468,A0064,Shoshin Nagamine,Eihachi Ota,keep,,"[audit:shorin-matsubayashi; verifier: plausible] Ota trained weekends at Nagamine's home dojo while a student of Shima Masao, and the English Wikipedia Matsubayashi-ryu article lists Ota as director of the SKKA North American organisation, i.e. a recognised Nagamine-line senior. Consisten",proposed,medium
C00034,Q862634,Eizo Shimabukuro,Bill Wallace,drop,,"[audit:shorin-shobayashi-seibukan; verifier: plausible] Wallace's own Wikipedia biography states he began Shorin-ryu in February 1967 under Michael Gneck (a US Air Force instructor in the Shobayashi lineage), not under Eizo Shimabukuro. No reliable source documents direct training under Eizo; th",proposed,
Q38585428,A0020,Shigeru Nakamura,Shian Toma,keep,,"[audit:shorin-shobayashi-seibukan; verifier: plausible] English Wikipedia lists Nakamura Shigeru among Toma's teachers, and the Motobu-ryu soke organisation's official blog independently states Toma Shian of Seidokan came out of the Okinawa Kempo (Nakamura) lineage before joining Uehara. Two ind",proposed,medium
Q189805,A0045,Zenryo Shimabukuro,Walter Dailey,keep,,"[audit:shorin-shobayashi-seibukan; verifier: confirmed] Dailey's documented interview in Tales from the Western Generation and the US Rengokai biography record him joining Zenryo Shimabukuro's training in Okinawa in early 1960 and opening the first US Seibukan dojo in Norwood, PA in 1962. Clearl",proposed,high
Q15987180,C00672,Chozo Nakama,Zenpo Shimabukuro,keep,,"[audit:shorin-shobayashi-seibukan; verifier: confirmed] The English Wikipedia article on Shorin-ryu Seibukan explicitly documents Zenpo (with his cousin Zenji) training under Chozo Nakama, a foremost Chibana disciple, after formal introduction by Zenryo; corroborated by the Ageshio Japan profile",proposed,high
C00478,C00066,Seikichi Uehara,Fusei Kise,keep,,[audit:matsumura-seito; verifier: confirmed] The official Motobu-ryu blog (Motobu Naoki) explicitly names 喜瀬富盛 (Fusei Kise) of the Kenshinkan among the teachers who studied under Uehara Seikichi in the 1950s-60s and later downplayed the connection. This is a near-official organisation,proposed,medium
A0072,C00066,Nobutake Shingake,Fusei Kise,keep,,[audit:matsumura-seito; verifier: confirmed] Kise's own organisation timeline states that in 1955 he became a student of Shingake Nobutake and received his shodan from him; shuriway repeats it. Note the family relation is disputed (shuriway calls Shingake a grandfather in one version;,proposed,medium
C00066,A0070,Fusei Kise,Ronald Lindsey,keep,,[audit:matsumura-seito; verifier: confirmed] First-person testimony in the Ikigai Way interview: Lindsey trained in Kise's dojo in Okinawa 1968-70 as the only American there and states 'I studied with Kise'. Corroborated by his obituary. Low is too weak for a direct first-person accou,proposed,medium
C00066,A0069,Fusei Kise,Seizan Kinjo,keep,,"[audit:matsumura-seito; verifier: confirmed] Lindsey's interview describes Kinjo as 'a student of both Hohan Soken and Fusei Kise' and describes Kinjo training in Kise's dojo, from an eyewitness who trained alongside him.",proposed,medium
Q3139173,A0070,Hohan Soken,Ronald Lindsey,keep,,"[audit:matsumura-seito; verifier: confirmed] Lindsey states directly: 'Especially the summer of 1970 I would go with Seizan Kinjo and we would train in Soken's dojo', describing Soken demonstrating and countering. Direct but limited-duration training, so medium (not high) is right.",proposed,medium
Q276730,A0076,Kosei Nishihira,Steve Watson,keep,,"[audit:matsumura-seito; verifier: confirmed] Wikipedia's Nishihira article names exactly five recognised students: 'Giuseppe Meloni (representative for Europe), Ricky Rose (U.S.A), Theodore Lange (Australia), Steve Watson (Australia), Richard Boyden'. Watson is named in the same sente",proposed,medium
Q276730,A0077,Kosei Nishihira,Richard Boyden,keep,,"[audit:matsumura-seito; verifier: confirmed] Boyden is one of the five students explicitly recognised by Nishihira per the Wikipedia article, in the same sentence as the Meloni/Rose/Lange edges rated medium. Raise for consistency.",proposed,medium
C00066,A0112,Fusei Kise,Larry Isaac,keep,,"[audit:matsumura-seito; verifier: confirmed] Keep at low: the only evidence remains Isaac's own school biography (he lists Kise among four Okinawan teachers). Plausible for a career Marine on Okinawa, but no independent corroboration found; do not raise.",proposed,low
Q3139173,A0074,Hohan Soken,Ricky Rose,keep,,"[audit:matsumura-seito; verifier: confirmed] Keep at low: Rose appears in Soken's Wikipedia student roster (body and infobox), but his documented primary teacher in the Matsumura Seito line is Nishihira; direct instruction from Soken rests on the roster listing only.",proposed,low
Q3139173,A0075,Hohan Soken,Theodore Lange,keep,,"[audit:matsumura-seito; verifier: confirmed] Keep at low: 'Ted Lange' appears in Soken's Wikipedia student roster but, like Rose, his documented Matsumura Seito teacher is Nishihira; direct Soken instruction is roster-only.",proposed,low
Q189805,A0046,Zenryo Shimabukuro,Isamu Tamotsu,keep,,"[audit:shorinji-lines; verifier: confirmed] Official Renshinkan honbu history states explicitly that Tamotsu Isamu acquired Kyan Chotoku's direct lineage from Shimabukuro Zenryo (沖縄空手界で名人キャンと謳われた喜屋武朝徳先生の直流を島袋善良先生より修得し). This is the soke organisation's own genealogy, so high is warran",proposed,high
A0046,A0047,Isamu Tamotsu,Iwao Tamotsu,keep,,"[audit:shorinji-lines; verifier: confirmed] Iwao was the founder's eldest son (長男), trained in the system from childhood, held 10th dan hanshi and succeeded as 2nd soke on his father's death in May 2000; documented by the honbu's own history and Japanese Wikipedia.",proposed,high
A0046,A0048,Isamu Tamotsu,Yuzo Tamotsu,keep,,"[audit:shorinji-lines; verifier: confirmed] Yuzo (保勇三) is the founder's third son, born 1957 in Kagoshima, raised and trained within Renshinkan under his father (who led until 2000), taught at the central dojo, and became 3rd soke after Iwao's death in 2016 (formally 19 Feb 2017). Co",proposed,medium
C00098,A0049,Joen Nakazato,Hitoshi Oyakawa,keep,,"[audit:shorinji-lines; verifier: confirmed] Oyakawa Hitoshi (親川仁志), kyoshi 8th dan, heads Okinawa Karatedo Shorinji-ryu Shinkokai; the prefectural Okinawa Karate Navi dojo entry gives his lineage as Kyan Chotoku to Nakazato Joen, and the organisation's own genealogy names him a direc",proposed,high
Q41105,Q1335481,Gichin Funakoshi,Henry Plee,drop,,"[audit:goju-okinawa; verifier: confirmed] Plee never trained directly under Funakoshi. Funakoshi never taught in Europe and Plee never studied in Japan under him; his actual instructors were Tetsuji Murakami, Hiroo Mochizuki, Taiji Kase, Fukuda Rikutaro and others. The Wikipedia in",proposed,
Q16907056,Q699236,Xie Zongxiang,Kanryo Higaonna,keep,,"[audit:goju-okinawa; verifier: confirmed] This edge rests entirely on Tokashiki Iken's 2003 hypothesis identifying Ryu Ryu Ko as Xie Zongxiang. The identification is contested in scholarship (Quast, McCarthy treat it as unproven) and chronologically strained: Xie (b.1852) was only ",proposed,low
Q7446692,Q3272171,Seigo Tada,Yukari Oshima,keep,,[audit:goju-okinawa; verifier: confirmed] Oshima trained Seigokan Goju-ryu at the Ennouji Dojo in Fukuoka as a schoolgirl; Tada led Seigokan from Kyoto/Gifu. She belongs to his organisation but direct personal instruction by Tada is not documented; only the English infobox links th,proposed,low
A0012,Q16006586,Juhatsu Kyoda,Kanki Izumigawa,keep,,"[audit:goju-okinawa; verifier: confirmed] Clearly documented: Kyoda was Izumikawa's first Naha-te teacher, stated on English Wikipedia and in dedicated lineage research; consistent across Senbukan lineage accounts.",proposed,high
Q16006586,Q7446702,Kanki Izumigawa,Seiichi Akamine,keep,,[audit:goju-okinawa; verifier: confirmed] Japanese Wikipedia states Akamine took shodan under Izumikawa at age 16 and names Izumikawa (with Higa Seko) as his most significant Goju influence.,proposed,high
A0132,C00664,Seiko Fukuchi,Yuken Tokashiki,keep,,"[audit:goju-okinawa; verifier: confirmed] Okinawa Times profile (4 July 2021, reproduced in the Goju research blog) documents that Tokashiki joined Fukuchi's Senbukan Goju-ryu dojo in 1967 and succeeded him as second chairman of Senbukan in 1975. Established newspaper sourcing just",proposed,high
Q1963468,C00518,Shoshin Nagamine,Shinyei Kyan,keep,,"[audit:goju-okinawa; verifier: confirmed] Japanese Wikipedia on Kyan Shinei (1912-1997) records him as a senior student of Nagamine Shoshin, 9th dan in Matsubayashi-ryu and vice-president of the World Matsubayashi-ryu Karate-do Federation; two sai kata in Matsubayashi-ryu are attri",proposed,high
Q221121,C00150,Chojun Miyagi,Jinsei Kamiya,keep,,"[audit:goju-okinawa; verifier: confirmed] English Wikipedia on Goju-ryu records Kamiya Jinsei as one of only four Miyagi students permitted to open a dojo during the master's lifetime (with Higa, Shinzato and Yagi), and a founding member of the 1952 Goju-ryu Shinkokai. Clearly docu",proposed,high
A0026,Q2869852,Yoshimi Inoue,Atsuko Wakai,keep,,"[audit:goju-okinawa; verifier: confirmed] Consistently reported: Inoue Yoshimi's Tottori dojo trained Wakai among his roster of world kata champions (with Usami, Diaz, Nakayama); reported in multiple independent profiles of both figures.",proposed,medium
A0198,Q2869852,Akira Shiomi,Atsuko Wakai,keep,,"[audit:goju-okinawa; verifier: confirmed] English Wikipedia on Wakai states she was coached by Akira Shiomi, JKF Gojukai Chief Technical Director; consistently reported in competition profiles.",proposed,medium
Q699236,Q453505,Kanryo Higaonna,Kenwa Mabuni,keep,,"[audit:goju-okinawa; verifier: confirmed] Mabuni's Naha-te study under Higaonna Kanryo is a cornerstone of Shito-ryu history, stated in Mabuni's own writings and every standard account; the ryu name itself honours Itosu and Higaonna (shi + to). High, not medium.",proposed,high
Q221121,Q268880,Chojun Miyagi,Gogen Yamaguchi,keep,,"[audit:goju-japan-world; verifier: confirmed] Relationship real and direction right: Yamaguchi trained with Miyagi during Miyagi's brief mainland visits (Ritsumeikan, 1930s) and received the name 'Gogen' from him in 1937. But Graham Noble's research notes Miyagi was never in Japan long",proposed,medium
Q268880,Q115091,Gogen Yamaguchi,Peter Urban,keep,,[audit:goju-japan-world; verifier: confirmed] Clearly documented: Yamaguchi accepted Urban as a student in Tokyo in 1954 (introduced by Richard Kim) and graded him to 5th dan before Urban left Japan in 1959 to found American Goju. Reported consistently in Urban's Wikipedia biography an,proposed,high
Q268880,Q7040172,Gogen Yamaguchi,Nisar Smiler,keep,,"[audit:goju-japan-world; verifier: confirmed] Smiler's Wikipedia biography states he trained under Gogen Yamaguchi in Japan, but this rests on a single low-traffic biographical article with no independent corroboration in Goju-kai organisational sources found; high overstates the docum",proposed,medium
C00639,Q715769,Wai Shin Zan,Sokon Matsumura,drop,,"[audit:uechi-ryu; verifier: confirmed] Funakoshi's Karate-do Kyohan (near-primary) assigns Matsumura of Shuri to the Chinese attache Iwah, and the Naha group (Sakiyama, Gushi, Tomoyori) to Ason, not Waishinzan. Waishinzan's documented Okinawan students are the Arakaki/Higaonna/K",proposed,
C00145,C00427,Iwah,Ranho Maezato,keep,,"[audit:uechi-ryu; verifier: confirmed] Funakoshi's Karate-do Kyohan states explicitly that 'Matsumura of Shuri, and Maesato and Kogusuku of Kume' studied under the military attache Iwah; Maesato of Kume is standardly identified with Maezato Ranpo (1838-1904). Near-primary suppor",proposed,medium
Q584466,Q2473562,Seisho Arakaki,Kanbun Uechi,keep,,"[audit:uechi-ryu; verifier: confirmed] Only support is the Wikipedia infobox student list on the Arakaki article. No Uechi-ryu history (en/ja Wikipedia on Kanbun and Uechi-ryu, uechi-ryu.com, Motobu Naoki's research on Kanbun's training) names Arakaki as Kanbun's teacher; Kanbun",proposed,low
C00232,C00229,Kenko Nakaima,Kenji Nakaima,keep,,"[audit:ryuei-kojo; verifier: confirmed] Underrated at medium. The style's own genealogy lists Kenji (b. 1934) as 5th-generation successor to his father Kenko under the isshi soden (one-child transmission) rule, and Japanese Wikipedia gives the succession 4代憲孝 to 5代憲児; father-to-s",proposed,high
Q1147708,A0004,Choki Motobu,T'ung Gee Hsing,drop,,"[audit:motobu-udun; verifier: confirmed] The claim that Hsing cross-trained with Motobu Choki in Kume village derives solely from Robert Trias's self-promotional lineage story; no independent or primary source corroborates it, and Motobu lived on mainland Japan (Osaka/Tokyo) throu",proposed,
Q1147708,Q6139856,Choki Motobu,James Mitose,drop,,"[audit:motobu-udun; verifier: confirmed] English Wikipedia treats the Motobu connection as an assumption inferred from a photograph in Mitose's book, not verified training; Mitose's Okinawan material more plausibly derives from Mutsu Mizuho's 1933 book and Higaonna Kamesuke's Hawa",proposed,
Q1147708,C00034,Choki Motobu,Eizo Shimabukuro,keep,,"[audit:motobu-udun; verifier: confirmed] Claim rests on Eizo's own school bios with an internally inconsistent timeline (one version has him introduced to Motobu in Osaka in 1943, when Motobu had returned to Okinawa and died there in April 1944; Eizo was a teenager). Consistent on",proposed,low
Q1147708,C00174,Choki Motobu,Kamesuke Higaonna,keep,,"[audit:motobu-udun; verifier: confirmed] Clearly documented: Higaonna Kamesuke was a regular student at Motobu's Tokyo dojo around 1927, wrote about Motobu, and took karate kenpo to Hawaii in 1933; documented in Henning Wittwer's source-translation volume and the Shudokan heritage",proposed,high
C00478,A0019,Seikichi Uehara,Seiyu Oyata,keep,,"[audit:okinawa-kenpo-ryute; verifier: confirmed] The official Motobu-ryu (soke organisation) blog explicitly names Oyata among those who studied under Uehara in the Showa 30s-40s, learning tuite and bojutsu, and explains why the students did not publicly acknowledge it. This is a near-pri",proposed,medium
A0021,A0113,Seiki Toma,Seifuku Nitta,keep,,"[audit:okinawa-kenpo-ryute; verifier: confirmed] Attested from both directions: Nitta's biography states he studied Shorin-ryu Seidokan under Seiki Toma for 10 years from 1982 (awarded judan 1992), and Seiki Toma's own biography names Seifuku Nitta among his most notable students. Identit",proposed,medium
C00253,A0114,Kiyohiko Higa,Ulf Karlsson,keep,,"[audit:okinawa-kenpo-ryute; verifier: confirmed] Consistently reported (Karlsson described as the first person granted a shihan licence in KishimotoDi by Higa Kiyohiko), including by a third-party Finnish taido club seminar page, but all sources are practitioner or promotional pages; no s",proposed,medium
C00034,A0112,Eizo Shimabukuro,Larry Isaac,keep,,"[audit:okinawa-kenpo-ryute; verifier: confirmed] The only source found is Isaac's own dojo biography ('trained and studied with four of Okinawa's great grandmasters'), a self-promotional page with no independent corroboration for the Shimabukuro claim specifically. Downgrade medium to low",proposed,low
Q27363,A0021,Tatsuo Shimabuku,Seiki Toma,drop,,"[audit:isshin-ryu; verifier: confirmed] Only source is the hobbyist Shuriway site (personal site, not acceptable). Wikipedia's Okinawa Seidokan article does not name Tatsuo Shimabuku among Toma's teachers, and there is clear identity confusion in lineage bios between Seiki Toma (",proposed,
Q27363,Q4785266,Tatsuo Shimabuku,Arcenio James Advincula,keep,,"[audit:isshin-ryu; verifier: confirmed] Advincula's Wikipedia article documents training with Shimabuku in detail: first met 1 December 1958 at the Agena dojo, trained ~14 months, resumed on later Okinawa postings (1961-1964), relationship maintained until Shimabuku's death in 19",proposed,high
Q8031976,Q542989,Wong Chung-Yoh,Chatan Yara,keep,,"[audit:kobudo-systems; verifier: confirmed] The relationship rests on 18th-century oral tradition transmitted through the Yara family kata line; Wikipedia states Yara mastered bo and sai under Wong Chung-Yoh in China, but a wikidata claim plus tradition cannot support high for a 1700",proposed,medium
Q1908090,A0124,Shinpo Matayoshi,Yasushi Matayoshi,keep,,"[audit:kobudo-systems; verifier: confirmed] Yasushi is Shinpo's son and successor as head of the Matayoshi Kodokan lineage after Shinpo's death in 1997; father-to-son transmission within the honbu is consistently reported by Matayoshi organisations, so low understates it.",proposed,medium
Q41105,Q16089695,Gichin Funakoshi,Satoshi Saito,keep,,"[audit:kobudo-systems; verifier: confirmed] Wikipedia's Saito Satoshi article states explicitly that he 'began the study of karate under Funakoshi Gichin'; this is clearly documented biography, not just an infobox artefact.",proposed,high
Q7446788,Q16089695,Seiko Fujita,Satoshi Saito,keep,,"[audit:kobudo-systems; verifier: confirmed] Wikipedia documents that Saito trained under Fujita Seiko from 1949, receiving Shingetsu-ryu shurikenjutsu; a dated, named transmission justifies high.",proposed,high
Q705617,Q15987278,Chomo Hanashiro,Seikichi Odo,drop,,"[audit:shotokan; verifier: confirmed] Odo (b. 1926) began karate at age 23 (c. 1949) under Shigeru Nakamura; his kobudo teachers were Kakazu, Nakaima, Matayoshi and Toma. Hanashiro died in 1945 and appears in no reliable account of Odo's training; the edge rests only on an info",proposed,
Q705617,Q189805,Chomo Hanashiro,Zenryo Shimabukuro,drop,,[audit:shotokan; verifier: confirmed] Zenryo Shimabukuro trained under Chotoku Kyan from 1932 until Kyan's death; his son Zenpo states explicitly 'My father only trained with Kyan sensei. He had no other teacher.' No reliable source connects him to Hanashiro.,proposed,
Q715769,Q41105,Sokon Matsumura,Gichin Funakoshi,keep,,[audit:shotokan; verifier: confirmed] Consistently reported (en-wiki infobox lists Matsumura among Funakoshi's teachers) but direct instruction rests on tradition; Funakoshi's own writings name Azato and Itosu as his teachers and describe Matsumura mainly anecdotally. 'High' ov,proposed,medium
Q384558,Q471629,Masatoshi Nakayama,Hirokazu Kanazawa,keep,,"[audit:shotokan; verifier: confirmed] Clearly documented: Kanazawa began karate at Takushoku University under then-head instructor Nakayama and completed the JKA instructor programme under him. Should be high, matching the parallel Funakoshi>Kanazawa edge.",proposed,high
Q384558,Q7397534,Masatoshi Nakayama,Sadamu Uriu,keep,,"[audit:shotokan; verifier: plausible] Clearly documented: Uriu began Shotokan training under Nakayama in 1951 before emigrating to Brazil, per his Wikipedia biography and Brazilian karate histories.",proposed,high
A0148,Q3317210,Genshin Hironishi,Mitsusuke Harada,keep,,[audit:shotokan; verifier: confirmed] Harada's Wikipedia biography names Hironishi (then 4th dan) explicitly as his first instructor at the Shotokan dojo. Clearly documented.,proposed,high
A0149,Q3317210,Tadao Okuyama,Mitsusuke Harada,keep,,"[audit:shotokan; verifier: confirmed] Harada's Wikipedia biography lists Okuyama among his teachers and states Harada trained under Okuyama (then 3rd dan) at Waseda, where Okuyama strongly influenced his karate. Consistently reported, so medium rather than low.",proposed,medium
Q1071733,Q7446703,Choshin Chibana,Seiichi Iju,drop,,[audit:shito-ryu; verifier: confirmed] Wikipedia's Seiichi Iju article names only Shinpan Gusukuma as his teacher. Chibana appears in the Nakazato article solely as Shugoro Nakazato's LATER teacher after Iju ('who then went on to become a student of Chosin Chibana'); the text_pa,proposed,
Q453505,A0152,Kenwa Mabuni,Yun Kwae-byung,keep,,"[audit:shito-ryu; verifier: confirmed] Wikipedia states explicitly: 'Yun started Karate under Kenwa Mabuni while attending secondary school in Osaka', and its infobox lists Mabuni alongside Kanken Toyama and Chun Sang Sup. Consistently reported, so low undersells it; raise to me",proposed,medium
C00586,A0026,Teruo Hayashi,Yoshimi Inoue,keep,,[audit:shito-ryu; verifier: confirmed] Inoue's own organisation records that at 18 he became Hayashi Teruo's only live-in disciple (uchi-deshi) in Osaka; the Inoue-ha Shito-ryu Keishin-kai lineage descends directly from Hayashi-ha. Clearly documented; raise medium to high.,proposed,high
A0078,A0080,Chojiro Tani,Haruyoshi Yamada,keep,,[audit:shito-ryu; verifier: confirmed] Wikipedia's Shukokai article records Yamada as a senior Tani student selected as inaugural head of the Shito-ryu Shukokai Karate-do Union formed after Tani's death in 1998 (9th dan Hanshi). Consistently reported succession; raise low to med,proposed,medium
Q1147708,C00285,Choki Motobu,Kokuba,keep,,[audit:shito-ryu; verifier: confirmed] Multiple independent Seishinkai-lineage genealogies agree Kokuba Kosei began under Motobu Choki at age 14 in Okinawa and on Motobu's death in 1947 became 2nd Soke of Motobu-ha Karate-do; this succession is the defining fact of Motobu-ha Shi,proposed,high
C00285,Q3959901,Kokuba,Shogo Kuniba,keep,,"[audit:shito-ryu; verifier: confirmed] Japanese Wikipedia's Kuniba Shogo article lists 國場幸盛 (Kokuba Kosei), his adoptive father/uncle, as his teacher in Motobu-ha karate; Kuniba succeeded him as 3rd Soke after Kokuba's death in 1959. Raise medium to high.",proposed,high
Q3959901,A0094,Shogo Kuniba,Kozo Kuniba,keep,,[audit:shito-ryu; verifier: confirmed] Japanese Wikipedia's Kuniba Shogo article names 国場浩三 (Kuniba Kozo) as leader of the Kuniba-kai organisation continuing Shogo's line; father-son transmission within the family school is consistently reported. Raise low to medium.,proposed,medium
Q584466,Q3772405,Seisho Arakaki,Kanken Toyama,drop,,"[audit:wado-chito-shudokan; verifier: confirmed] The cited source (en-wiki Kanken Toyama) names 'Ankichi Aragaki' as his Tomari-te teacher, not Seisho Arakaki (1840-1918, Naha-te). The mapping to Q584466 is a namesake error; no source ties Seisho Arakaki to Toyama.",proposed,
Q3772405,C00494,Kanken Toyama,Seitoku Higa,drop,,"[audit:wado-chito-shudokan; verifier: confirmed] Only forum/blog evidence (e-budo thread, kcdw.de). Higa Seitoku's (1921-2006, Bugeikan) documented lineage is Kishimoto Soko (Tachimura-ha Shuri-te); no acceptable source places him under Toyama.",proposed,
Q3772405,Q2149940,Kanken Toyama,Richard Kim,keep,,[audit:wado-chito-shudokan; verifier: confirmed] En-wiki and Wikidata repeat Kim's self-reported biography (he 'lived with' Yoshida Kotaro and trained with Toyama). Kim's lineage claims are widely questioned in the field and lack independent documentation; consistently reported but not cl,proposed,medium
Q527422,Q3772405,Anko Itosu,Kanken Toyama,keep,,[audit:wado-chito-shudokan; verifier: confirmed] Clearly documented: Toyama entered Itosu's tutelage c.1897 aged 9 and remained his student until Itosu's death; Itosu was his primary teacher. Raise medium to high.,proposed,high
Q135222893,Q6782529,Tsuyoshi Chitose,Masami Tsuruoka,keep,,"[audit:wado-chito-shudokan; verifier: confirmed] Clearly documented beyond the infobox: began Chito-ryu under Chitose in Kumamoto in 1946, shodan 1949, appointed Chitose's Chief Representative for Canada in 1962.",proposed,high
Q135222893,Q5728406,Tsuyoshi Chitose,Henry Slomanski,keep,,[audit:wado-chito-shudokan; verifier: plausible] En-wiki article text (not just infobox) states Slomanski began karate under Dr Tsuyoshi Chitose. Raise medium to high.,proposed,high
Q3136331,A0095,Hironori Otsuka II,Kazutaka Otsuka (Hironori Otsuka III),keep,,"[audit:wado-chito-shudokan; verifier: plausible] Kazutaka (b. 14 March 1965) is Jiro Otsuka's son, trained in the family honbu and formally succeeded as 3rd soke at the Tokyo ceremony of 28 August 2015. Father-son instruction consistently reported; raise low to medium.",proposed,medium
Q560761,Q919033,Jon Bluming,Hideyuki Ashihara,keep,,[audit:kyokushin-lines; verifier: confirmed] Only the en.wiki infobox lists Bluming as a teacher; the article text and all narrative accounts have Ashihara training at the Oyama Dojo/Kyokushin honbu under Oyama. No source documents Bluming instructing Ashihara. Downgrade to low.,proposed,low
Q2664662,Q11258528,Shokei Matsui,Kenji Yamaki,keep,,[audit:kyokushin-lines; verifier: confirmed] Yamaki's documented trainer was Tsuyoshi Hiroshige (Jonan branch); Matsui was his organisational head (IKO1 kancho) only one year his senior. Only evidence is wikidata P802; no source shows actual instruction. High is unfair.,proposed,low
Q2664662,Q5361556,Shokei Matsui,Hajime Kazumi,keep,,[audit:kyokushin-lines; verifier: confirmed] ja.wiki on Kazumi explicitly describes Matsui instructing him at the Kyokushin honbu in his early years. Raise from low to medium.,proposed,medium
Q1738762,Q6149743,Kenji Kurosaki,Jan Plas,keep,,"[audit:kyokushin-lines; verifier: confirmed] en.wiki on Plas states explicitly he learned kickboxing from Kenji Kurosaki at the original Mejiro Gym in Tokyo and founded Mejiro Gym Amsterdam (1978) on that training. Clearly documented, raise to high.",proposed,high
Q2636225,Q123398,Kazuyoshi Ishii,Andy Hug,keep,,"[audit:kyokushin-lines; verifier: confirmed] Hug switched to Seidokaikan in 1992, won the 1992 Seidokaikan Karate World Cup and fought his whole K-1 career under Ishii, who remained his mentor to his deathbed. Consistently reported; raise from low to medium.",proposed,medium
Q2636225,A0199,Kazuyoshi Ishii,Nobuaki Kakuda,keep,,[audit:kyokushin-lines; verifier: confirmed] Kakuda has been a Seidokaikan senior instructor under Ishii since joining in the 1980s and served as K-1 executive under him; consistently reported on ja.wiki. Raise from low to medium.,proposed,medium
Q41105,Q294548,Gichin Funakoshi,Mas Oyama,keep,,"[audit:kyokushin-lines; verifier: confirmed] Standard Oyama biography (Shotokan training at Takushoku under Funakoshi) but details are contested in critical scholarship and evidence here is infobox/wikidata only. Medium (consistently reported) is the fair level, not high.",proposed,medium
Q294548,Q11428483,Mas Oyama,Norichika Tsukamoto,keep,,"[audit:kyokushin-lines; verifier: confirmed] Tsukamoto's documented trainer was Tsuyoshi Hiroshige (Jonan branch); he won his first world title in 1995, after Oyama's death. The Oyama link is organisational (wikidata P802 only), not personal instruction.",proposed,medium
Q912181,Q64929894,Nicholas Pettas,Leona Pettas,keep,,"[audit:kyokushin-lines; verifier: confirmed] en.wiki: Nicholas Pettas was Leona's first trainer, and Leona (real name Reona Kato) took the ring surname Pettas from him. Clearly documented; raise to high.",proposed,high
Q3984847,Q780966,Terutomo Yamazaki,Seiji Isobe,keep,,"[audit:kyokushin-lines; verifier: confirmed] Both en.wiki articles agree: Isobe received guidance from Yamazaki from 1970, and Yamazaki's article lists Isobe among his notable students. Raise to high.",proposed,high
Q41105,Q356335,Gichin Funakoshi,Choi Hong-hi,keep,,"[audit:korean-arts; verifier: confirmed] Wikipedia states Choi 'claimed to have learned Shotokan karate under Funakoshi Gichin'; his named instructor in Japan was Kim Hyun-soo in Kyoto, and direct tutelage under Funakoshi is a self-reported, unverified claim. Credible tradition, n",proposed,low
Q598665,Q2673,Takayuki Kubota,Chuck Norris,keep,,[audit:korean-arts; verifier: confirmed] Only support is Norris's inclusion in a celebrity-client list on Kubota's Wikipedia page. Norris's own article lists his teachers as Shin Jae-chul and the Machado brothers only; Kubota's documented 1964 Long Beach encounter with Norris was ,proposed,low
Q653633,Q2673,Ed Parker,Chuck Norris,keep,,"[audit:korean-arts; verifier: plausible] Norris's Wikipedia article does not list Parker among his teachers; their documented association is through Parker's Long Beach International tournaments. Claims that Parker taught Norris kenpo appear only in anecdote and low-grade sources,",proposed,low
Q2673,Q7143413,Chuck Norris,Pat E Johnson,keep,,"[audit:korean-arts; verifier: confirmed] Johnson earned his Tang Soo Do black belt in Korea under a Korean master named Kang Lo Hee; from 1968 he was chief instructor AT Norris's Sherman Oaks school, i.e. a senior colleague within Norris's organisation rather than a clearly docume",proposed,low
Q2673,Q6266828,Chuck Norris,Johnny Gyro,keep,,"[audit:korean-arts; verifier: confirmed] The relationship (trained under Norris at the Sherman Oaks school, first black belt 1978) is consistently reported, but Gyro's English Wikipedia article has been deleted (404), leaving only Wikidata and promotional bios; high is no longer j",proposed,medium
A0003,A0183,Nam Tae-hi,Kong Young-il,keep,,"[audit:korean-arts; verifier: confirmed] Kong's Wikipedia article states directly 'Kong trained in taekwondo under Choi Hong-hi and Nam Tae-hi'; the same source underpins the Choi>Kong edge rated high, so low is inconsistent. Raised to medium (single explicit source).",proposed,medium
Q356335,A0182,Choi Hong-hi,Choi Chang-keun,keep,,"[audit:korean-arts; verifier: confirmed] C.K. Choi is one of the twelve original masters of taekwondo who worked directly under Gen. Choi Hong-hi in the ITF and toured on his demonstration teams; consistently reported, so medium rather than low.",proposed,medium
A0154,A0174,Yoon Byung-in,Park Chul-hee,keep,,[audit:korean-arts; verifier: confirmed] Park's mookas obituary states outright that he was a student of Yoon Byung-in of the YMCA Kwon Bop Bu ('YMCA 권법부 윤병인 선생의 제자') who co-founded Kang Duk Won in 1956; clearly documented.,proposed,high
A0154,A0175,Yoon Byung-in,Hong Jong-pyo,keep,,"[audit:korean-arts; verifier: confirmed] Korean kwan histories state Kang Duk Won was founded in 1956 by Hong Jong-pyo and Park Chul-hee, 'two men who trained at the YMCA Kwon Bop Bu' under Yoon Byung-in, with Hong as first kwanjang; clearly documented.",proposed,high
A0154,A0177,Yoon Byung-in,Lee Nam-suk,keep,,[audit:korean-arts; verifier: confirmed] Korean accounts consistently name Lee Nam-suk (with Kim Soon-bae) as the YMCA Kwon Bop Bu student who rebuilt Yoon's school as Chang Moo Kwan after Yoon's abduction to the North; clearly documented.,proposed,high
Q6139856,Q653633,James Mitose,Ed Parker,drop,,"[audit:kenpo-hawaii-us; verifier: confirmed] Parker trained under William Chow, not Mitose. The Ed Parker Wikipedia article names Mitose only as Chow's teacher ('a student of James Mitose') and explicitly has Parker training with Chow while in the Coast Guard; no source shows direct M",proposed,
Q15987278,A0112,Seikichi Odo,Larry Isaac,keep,,"[audit:kenpo-hawaii-us; verifier: plausible] Relationship is consistently claimed but only in Isaac's own dojo site (wixsite), LinkedIn promotion and lineage-organisation pages; no independent or scholarly source found. Downgrade medium to low: credible tradition within the Odo-lineag",proposed,low
Q653633,Q303,Ed Parker,Elvis Presley,keep,,"[audit:kenpo-hawaii-us; verifier: confirmed] Clearly documented, not merely infobox-reported: Parker taught Presley kenpo, awarded him black belt rank, and served as one of his bodyguards in his final years; Parker also wrote a book on Presley (Inside Elvis). Upgrade medium to high.",proposed,high
Q653633,Q550492,Ed Parker,Dan Inosanto,keep,,"[audit:kenpo-hawaii-us; verifier: confirmed] Inosanto's Wikipedia article states he 'was a student of Ed Parker, from whom he received a shodan rank in American Kenpo'; Parker famously introduced Inosanto to Bruce Lee at the 1964 Long Beach Internationals. Upgrade medium to high.",proposed,high
Q653633,Q1052982,Ed Parker,Jeff Speakman,keep,,"[audit:kenpo-hawaii-us; verifier: confirmed] Speakman's Wikipedia article documents years of American Kenpo training 'under his principal instructor, Larry Tatum, as well as under the system's founder Parker', with first-degree black belt in 1984. Upgrade medium to high. Note his prin",proposed,high
Q190141,Q17225688,Jigoro Kano,Kenji Kano,drop,,"[audit:judo-aikido-koryu; verifier: confirmed] Q17225688 is Kano Kenji (1881-1947), a Kobe yakuza boss and boxing promoter ('Pisuken'). Jigoro Kano was his guardian and possibly a cousin, but neither Wikidata nor the Japanese Wikipedia article documents any judo instruction under Jigoro",proposed,
Q190141,Q5618841,Jigoro Kano,Gunji Koizumi,drop,,"[audit:judo-aikido-koryu; verifier: confirmed] Koizumi's documented jujutsu teachers were Tago Nobushige, Yamada Nobukatsu and Akishima Tsunejiro. He first met Kano in July 1920 when Kano visited the Budokwai en route to Antwerp and awarded him 2nd dan on affiliation. An award of rank a",proposed,
Q706726,Q7790297,Gozo Shioda,Thomas H Makiyama,drop,,"[audit:judo-aikido-koryu; verifier: plausible] Wikipedia describes Shioda as Makiyama's 'close friend and professional acquaintance since 1948'; Makiyama opened the first overseas Yoshinkan branch at Shioda's request and held Yoshinkan 8th dan, but no source documents him as Shioda's st",proposed,
Q123398,Q352678,Andy Hug,Bjorn Bregy,keep,,"[audit:judo-aikido-koryu; verifier: confirmed] Sole support is one passing line in Hug's article ('bringing through the next generation of Swiss heavyweights in Xhavit Bajrami, Björn Bregy and Petar Majstorović'). Bregy's own article lists his trainers as Mike Passenier and Klaus Waschk",proposed,low
Q190141,Q2637587,Jigoro Kano,Shiro Saigo,keep,,"[audit:judo-aikido-koryu; verifier: confirmed] Saigo entered the Kodokan in 1882 as one of Kano's first students and is one of the Kodokan shitenno (Four Guardians); this is core, uncontested Kodokan history and deserves high, not medium.",proposed,high
Q190141,Q4340844,Jigoro Kano,Vasili Oshchepkov,keep,,[audit:judo-aikido-koryu; verifier: confirmed] Oshchepkov's admission to the Kodokan in 1911 and shodan in 1913 (nidan 1917) are documented in Kodokan records; he was among the first foreigners Kano admitted. Clearly documented.,proposed,high
Q190141,Q1937662,Jigoro Kano,Minoru Mochizuki,keep,,[audit:judo-aikido-koryu; verifier: confirmed] Mochizuki was a direct Kodokan student under Kano (Kano's kobudo research group) and it was Kano who sent him to Ueshiba in 1930; extensively documented by Aikido Journal.,proposed,high
Q4351940,Q716152,Yasuhiro Konishi,Shoji Nishio,keep,,"[audit:judo-aikido-koryu; verifier: confirmed] Nishio's Wikipedia biography states in text and infobox that he 'trained under Yasuhiro Konishi, the founder of Shindo jinen-ryu karate'; consistently reported in Aikido Journal interviews as well. Merits high.",proposed,high
Q3139173,C00279,Hohan Soken,Seiki Arakaki,keep,,[book:Bishop p.59-60] corroborated by Bishop's own interview record; raise medium -> high. Edge exists (medium). Book supports upgrading confidence: longest-serving student.,proposed,high
Q6426547,C00187,Kokan Oyadomari,Kotsu Oyadomari,keep,,[book:Bishop p.83] corroborated by Bishop's own interview record; raise medium -> high. Chart teacher name lost to OCR but aligns with existing edge Kokan Oyadomari -> Kotsu Oyadomari (medium); data,proposed,high
Q3028499,Q2393877,Kosaku Matsumora,Chotoku Kyan,keep,,[book:Bishop p.91] corroborated by Bishop's own interview record; raise medium -> high. Edge exists (medium). Book: Chinto kata from Matsumora (Tomari-te).,proposed,high
C00291,Q15987228,Seiyei Miyahira,Yuchoku Higa,keep,,[book:Bishop p.113-114] corroborated by Bishop's own interview record; raise medium -> high. Edge exists (medium). Book supports it: Shuri-te Seisan and Sanchin.,proposed,high
Q7447367,C00044,Seko Higa,Choyu Kiyuna,keep,,[book:Bishop p.37] corroborated by Bishop's own interview record; raise medium -> high. Edge exists: Seko Higa -> Choyu Kiyuna (medium); Choyo/Choyu romanisation variant.,proposed,high
C00542,C00107,Shuren Kojo,Kafu Kojo,keep,,[book:Bishop p.48] corroborated by Bishop's own interview record; raise low -> high. Edge exists (low); book interview raises confidence.,proposed,high
Q7447367,C00013,Seko Higa,Chihan Yohena,keep,,[book:Bishop p.37] corroborated by Bishop's own interview record; raise low -> high. Existing edge Seko Higa -> Chihan Yohena (low); book raises confidence.,proposed,high
C00108,Q2473562,Kaho Kojo,Kanbun Uechi,keep,,"[book:Bishop p.41, 46] corroborated by Bishop's own interview record; raise low -> high. Existing edge Kaho Kojo -> Kanbun Uechi (low); book corroborates.",proposed,high
C00107,C00506,Kafu Kojo,Shigeru Kojo,keep,,[book:Bishop p.47] corroborated by Bishop's own interview record; raise low -> high. Existing edge Kafu Kojo -> Shigeru Kojo (low); book corroborates.,proposed,high
C00187,C00476,Kotsu Oyadomari,Seikichi Hokama,keep,,"[book:Bishop p.83-84] corroborated by Bishop's own interview record; raise medium -> high. Existing edge (medium); book is a first-hand interview, raises confidence.",proposed,high
Q1147708,C00514,Choki Motobu,Shinsuke Kaneshima,keep,,[book:Bishop p.128] corroborated by Bishop's own interview record; raise medium -> high. Existing edge Choki Motobu -> Shinsuke Kaneshima (medium); book interview corroborates.,proposed,high
C00604,Q2393877,Tokumine Pechin,Chotoku Kyan,keep,,[book:Bishop p.91] corroborated by Bishop's own interview record; raise low -> high. Existing edge (low). Note Nakama's variant: Tokumine had died and the landlord taught the kata.,proposed,high
A0236,C00508,Ishimine Pechin,Shinbi Kaneshima,keep,,[book:Bishop p.63] corroborated by Bishop's own interview record; raise medium -> high. Old Man Ishimine = dataset 'Ishimine Pechin'; edge exists (medium),proposed,high
C00178,C00476,Konin Oyadomari,Seikichi Hokama,keep,,[book:Bishop p.83-84] corroborated by Bishop's own interview record; raise medium -> high. Edge exists (medium),proposed,high
Q1147708,Q3194253,Choki Motobu,Katsuya Miyahira,keep,,[book:Bishop p.111] corroborated by Bishop's own interview record; raise medium -> high. Edge exists (medium),proposed,high
Q954330,C00252,Ryu Ryu Ko,Kitoku Sakiyama,keep,,[book:Bishop p.148] corroborated by Bishop's own interview record; raise medium -> high. Ru Ru Ko = dataset 'Ryu Ryu Ko'; edge exists (medium),proposed,high
C00450,C00373,Sanda Kanagusuku,Moden Yabiku,keep,,[book:Bishop p.158] corroborated by Bishop's own interview record; raise medium -> high. Edge exists (medium),proposed,high
C00354,C00373,Tawata Pechin,Moden Yabiku,keep,,[book:Bishop p.158] corroborated by Bishop's own interview record; raise medium -> high. Edge exists (medium),proposed,high
C00494,C00253,Seitoku Higa,Kiyohiko Higa,keep,,"[book:Bishop p.171, 174] corroborated by Bishop's own interview record; raise medium -> high. Edge exists (medium)",proposed,high
Q7447367,C00101,Seko Higa,Juei Tamaki,keep,,[book:Bishop p.37] corroborated by Bishop's own interview record; raise medium -> high. Seiko Higa = Seko Higa. Edge 'Seko Higa -> Juei Tamaki (medium)' exists.,proposed,high
Q1728269,C00628,Kanei Uechi,Tsutomu Nakahodo,keep,,[book:Bishop p.43] corroborated by Bishop's own interview record; raise low -> high. Edge 'Kanei Uechi -> Tsutomu Nakahodo (low)' exists.,proposed,high
Q1728269,C00301,Kanei Uechi,Kosuke Yonamine,keep,,[book:Bishop p.43] corroborated by Bishop's own interview record; raise low -> high. Edge 'Kanei Uechi -> Kosuke Yonamine (low)' exists.,proposed,high
C00145,C00141,Iwah,Isei Kojo,keep,,[book:Bishop p.47] corroborated by Bishop's own interview record; raise medium -> high. Edge 'Iwah -> Isei Kojo (medium)' exists.,proposed,high
C00508,C00517,Shinbi Kaneshima,Shinyei Kaneshima,keep,,"[book:Bishop p.63] corroborated by Bishop's own interview record; raise low -> high. Edge 'Shinbi Kaneshima -> Shinyei Kaneshima (low)' exists; book (father-son, from age seven) supports upgradin",proposed,high
Q251784,Q3028499,Annan,Kosaku Matsumora,keep,,[book:Bishop p.85] corroborated by Bishop's own interview record; raise low -> high. Anan = Annan. Edge 'Annan -> Kosaku Matsumora (low)' exists; book supports upgrading confidence. Book also nam,proposed,high
C00261,C00293,Kodatsu Iha,Seiyu Nakasone,keep,,[book:Bishop p.85] corroborated by Bishop's own interview record; raise medium -> high. Edge 'Kodatsu Iha -> Seiyu Nakasone (medium)' exists.,proposed,high
Q1147708,Q15987180,Choki Motobu,Chozo Nakama,keep,,"[book:Bishop p.117] corroborated by Bishop's own interview record; raise medium -> high. Edge 'Choki Motobu -> Chozo Nakama (medium)' exists; first-hand detail (three years, Naihanchi, sparring) supp",proposed,high
C00003,Q3194253,Anbun Tokuda,Katsuya Miyahira,keep,,[book:Bishop p.110-111] corroborated by Bishop's own interview record; raise medium -> high. Edge 'Anbun Tokuda -> Katsuya Miyahira (medium)' exists; interview supports upgrading confidence.,proposed,high
Q38585428,C00574,Shigeru Nakamura,Taketo Nakamura,keep,,[book:Bishop p.149] corroborated by Bishop's own interview record; raise medium -> high. Edge 'Shigeru Nakamura -> Taketo Nakamura (medium)' exists.,proposed,high
C00449,C00275,Sanda Chinen,Seiichiro Higa,keep,,[book:Bishop p.159] corroborated by Bishop's own interview record; raise low -> high. Edge 'Sanda Chinen -> Seiichiro Higa (low)' exists; interview supports upgrading confidence.,proposed,high
C00639,Q699236,Wai Shin Zan,Kanryo Higaonna,keep,,[book:Bishop p.27] corroborated by Bishop's own interview record; raise medium -> high. Edge exists as 'Wai Shin Zan -> Kanryo Higaonna' (medium); Wan/Wai Shin Zan same person.,proposed,high
Q1728269,C00480,Kanei Uechi,Seiki Itokazu,keep,,[book:Bishop p.43-44] corroborated by Bishop's own interview record; raise low -> high. Edge exists: Kanei Uechi -> Seiki Itokazu (low); book raises confidence.,proposed,high
C00639,C00564,Wai Shin Zan,Taitei Kojo,keep,,[book:Bishop p.48] corroborated by Bishop's own interview record; raise medium -> high. Edge exists: Wai Shin Zan -> Taitei Kojo (medium).,proposed,high
C00094,Q15987228,Jiro Shiroma,Yuchoku Higa,keep,,[book:Bishop p.113] corroborated by Bishop's own interview record; raise medium -> high. Edge exists (medium); book raises confidence.,proposed,high
Q1728269,C00507,Kanei Uechi,Shigeru Takamiyagi,keep,,[book:Bishop p.43] corroborated by Bishop's own interview record; raise medium -> high. Edge exists: Kanei Uechi -> Shigeru Takamiyagi (medium).,proposed,high
Q1728269,C00200,Kanei Uechi,Mario Topolsek,keep,,[book:Bishop p.43] corroborated by Bishop's own interview record; raise medium -> high. Edge exists: Kanei Uechi -> Mario Topolsek (medium).,proposed,high
C00108,C00263,Kaho Kojo,Saikyo Kojo,keep,,"[book:Bishop p.48] corroborated by Bishop's own interview record; raise low -> high. Edge exists: Kaho Kojo -> Saikyo Kojo (low); book raises confidence (interview, father-son).",proposed,high
Q3482287,C00129,Shinpan Gusukuma,Horoku Ishikawa,keep,,"[book:Bishop p.108] corroborated by Bishop's own interview record; raise medium -> high. Shinpan Shiroma = Shinpan Gusukuma (same kanji, alternative reading). Edge exists: Shinpan Gusukuma -> Horoku ",proposed,high
A0018,C00550,Tachimura no Peichin,Soko Kishimoto,keep,,"[book:Bishop p.170] corroborated by Bishop's own interview record; raise low -> high. Takemura = Tachimura no Peichin (A0018, 1814-1899; book's 'died aged 85' fits exactly). Edge exists: Tachimura",proposed,high
Q7447367,C00032,Seko Higa,Eikichi Fukumoto,keep,,[book:Bishop p.37] corroborated by Bishop's own interview record; raise low -> high. Edge Seko Higa -> Eikichi Fukumoto exists (low); book raises confidence.,proposed,high
Q1728269,C00197,Kanei Uechi,Kansei Uechi,keep,,[book:Bishop p.43] corroborated by Bishop's own interview record; raise medium -> high. Edge exists (medium).,proposed,high
C00263,C00107,Saikyo Kojo,Kafu Kojo,keep,,[book:Bishop p.48] corroborated by Bishop's own interview record; raise medium -> high. Edge exists (medium).,proposed,high
C00542,C00107,Shuren Kojo,Kafu Kojo,keep,,"[book:Bishop p.49] corroborated by Bishop's own interview record; raise low -> high. Uncle identified as Shuren Kojo from the p48 passage ('Kafu Kojo's father and uncle, Shuren Kojo, took over th",proposed,high
Q221121,Q15987228,Chojun Miyagi,Yuchoku Higa,keep,,[book:Bishop p.113] corroborated by Bishop's own interview record; raise medium -> high. Edge exists (medium); book quote is informal correction rather than formal tuition.,proposed,high
Q921673,A0125,Kanga Sakukawa,Chinen Umikana,keep,,"[book:Bishop p.154] corroborated by Bishop's own interview record; raise low -> high. Sakugawa Satunushi = Tode Sakugawa = Kanga Sakukawa. Chinen Pechin identified as Chinen Umikana (1797-1881, Ya",proposed,high
C00275,C00035,Seiichiro Higa,Eisuke Akamine,keep,,[book:Bishop p.159] corroborated by Bishop's own interview record; raise medium -> high. Edge exists (medium). Co-teacher Kisuke Higa (C00250) -> Akamine is not in the edge list.,proposed,high
C00478,C00494,Seikichi Uehara,Seitoku Higa,keep,,[book:Bishop p.170] corroborated by Bishop's own interview record; raise medium -> high. Edge exists (medium); book adds five-year duration and weapons content.,proposed,high
C00355,Q38585428,Teiichi Nakamura,Shigeru Nakamura,keep,,[research:http://web.archive.org/web/20240417123727/https://ryukyu-bugei.com/?p=3089] corroborated by documented scholarship (Quast / Motobu Naoki); raise low -> medium. Edge exists but at LOW confidence; Quast's biography supports raising ,proposed,medium
Q723832,Q15987228,Shinken Taira,Yuchoku Higa,keep,,"[research:https://ryukyu-bugei.com/?p=5186] corroborated by documented scholarship (Quast / Motobu Naoki); raise low -> medium. Edge exists but low confidence; quote describes 'students and friends', so Higa may be a friend rath",proposed,medium
