node_id,display_name,name_romaji,name_native,note,status
C00039,Frank Hargrove,,,"[panel] Real American Shorin-ryu Shorinkan teacher (student of Shugoro Nakazato, Hampton, Virginia, author on karate history). The embedded 'DR' is a displaced doctoral title from the sour",proposed
C00156,Moshigwa Ire,,,"[panel] 'Moshigwa' fits the genuine Uchinaaguchi nickname pattern (Mōshi + diminutive -gwa; cf. Motobu Choki's childhood name Mōshi) and Ire/Irei is a real Okinawan surname, so 'Moshigwa I",proposed
C00251,Kishin Teruya,,,"[panel] Almost certainly truncated 'Kishin Teruya' (1804-1864), the documented Tomari-te master who taught Kosaku Matsumora and Kokan Oyadomari (Passai, Rohai, Wanshu); Teruya Kishin has h",proposed
C00385,Nanko Minei,,,"[panel] Matches Nanko Minei, a real and currently active Okinawan Goju-ryu 10th dan from Nanjo City (Minei Dojo, opened 1973; senior student of Miyasato in the OGKK line). 'Mine' is a trun",proposed
C00404,Seijin Toguchi,,,"[panel] Nickname entry for Seijin 'One-Eyed' Toguchi (1895-1937), attested in Tomari-te lineage literature as a successor of Kodatsu Iha, who also appears in this dataset (C00261/C00262). ",proposed
C00432,Ryoichi Onishi,,,"[panel] 'Onis' is a truncated surname; 'Ryoichi Onishi' is a coherent Japanese name and a martial artist of that name (karate background, later Systema Osaka founder) exists. Whether that ",proposed
C00641,Wang Ji,,,"[panel] As a lineage node this denotes Wanshu / Wang Ji, the 1683 Qing sapposhi envoy traditionally credited with teaching in Tomari and as namesake of the Wanshu kata. The envoy is histor",proposed
C00657,Chogi Yoshimura,,,"[panel] 'Udun' designates the Yoshimura princely house, but in karate lineage charts 'Yoshimura Udun' conventionally denotes the house's karate figure Yoshimura Chogi (1866-1945), a studen",proposed
Q1046410,,,이준구,verified via wikipedia,proposed
Q1060301,,Shō Chū,尚忠,verified via wikipedia,proposed
Q106695378,,,市川素水,verified via wikipedia,proposed
Q1071733,,Chōshin Chibana,知花朝信,verified via wikipedia,proposed
Q11258528,,,八巻建弐,verified via wikipedia,proposed
Q11263313,,,上原誠,verified via wikipedia,proposed
Q11365653,,,中村日出夫,verified via wikipedia,proposed
Q11383484,,,佐竹雅昭,verified via wikipedia,proposed
Q11399569,,Shigeo Katō,加藤重夫,verified via wikipedia,proposed
Q11428483,,,塚本徳臣,verified via wikipedia,proposed
Q11436963,,Noboru Ōsawa,大沢昇,verified via wikipedia,proposed
Q11449231,,,宇城憲治,verified via wikipedia,proposed
Q11470681,,,山田辰雄,verified via wikipedia,proposed
Q11472844,,,岡崎寛人,verified via wikipedia,proposed
Q11474560,,,岩崎達也,verified via wikipedia,proposed
Q1147708,Choki Motobu,Chōki Motobu,本部朝基,verified via wikipedia,proposed
Q11486455,,,廣重毅,verified via wikipedia,proposed
Q11557545,,,浜井識安,verified via wikipedia,proposed
Q1246030,,,江上茂,verified via wikipedia,proposed
Q124766,,,西山英峻,verified via wikipedia,proposed
Q130739281,Naonobu Ahagon,,,verified via unverified,proposed
Q1335481,,Henry Plée,,verified via unverified,proposed
Q1336547,,Pēchin Takahara,高原親雲上,verified via wikipedia,proposed
Q13424717,,Kyōichi Inoue,井上強一,verified via wikipedia,proposed
Q135222893,,,千歳剛直,verified via wikipedia,proposed
Q1360025,,,加瀬泰治,verified via wikipedia,proposed
Q1372130,,Shō Hashi,尚巴志,verified via wikipedia,proposed
Q1473967,,,出村文男,verified via wikipedia,proposed
Q1494112,,Ken'ichi Sawai,澤井健一,verified via wikipedia,proposed
Q1584213,,,久高正之,verified via wikipedia,proposed
Q15845016,,Kōji Chūbachi,中鉢孝治,verified via wikipedia,proposed
Q15845020,,Ryōsuke Shimizu,志水亮介,verified via wikipedia,proposed
Q15845021,,,栗原一晃,verified via wikipedia,proposed
Q15845024,,,根本敬介,verified via wikipedia,proposed
Q15845028,,Kōji Ogata,尾方弘二,verified via wikipedia,proposed
Q15845030,,,高橋敏,verified via wikipedia,proposed
Q15845032,,,谷山卓也,verified via wikipedia,proposed
Q15845033,,,半崎靖雄,verified via wikipedia,proposed
Q15845034,,Seizō Izumiya,泉屋誠三,verified via wikipedia,proposed
Q15845035,,,椎名勝利,verified via wikipedia,proposed
Q15845038,,,小倉靖典,verified via wikipedia,proposed
Q15845041,,,井村武憲,verified via wikipedia,proposed
Q15845047,,,森俊博,verified via wikipedia,proposed
Q15845053,,Yoshiharu Ōsaka,大阪可治,verified via wikipedia,proposed
Q15987180,Chozo Nakama,Chōzō Nakama,名嘉真朝増,verified via wikipedia,proposed
Q15987228,Yuchoku Higa,Yūchoku Higa,比嘉佑直,verified via wikipedia,proposed
Q15987564,,,植木政明,verified via wikipedia,proposed
Q15987804,,,山本英雄,verified via wikipedia,proposed
Q15987806,,,今村富雄,verified via wikipedia,proposed
Q16006586,,,泉川寛喜,verified via wikipedia,proposed
Q16016038,,,八木明徳,verified via wikipedia,proposed
Q16089695,Satoshi Saito,Satoshi Saitō,齋藤聰,verified via wikipedia,proposed
Q1620643,,Kōri Hisataka,久高幸利,verified via wikipedia,proposed
Q16266721,,Shingo Ōgami,大神真吾,verified via wikipedia,proposed
Q1678211,Jae Chul Shin,,신재철,verified via wikipedia,proposed
Q16907056,,,謝崇祥,verified via wikipedia,proposed
Q17225688,,Kenji Kanō,嘉納健治,verified via wikipedia,proposed
Q1728269,,Kan'ei Uechi,上地完英,verified via wikipedia,proposed
Q1737900,,,阿部圭吾,verified via wikipedia,proposed
Q1738762,,,黒崎健時,verified via wikipedia,proposed
Q1739011,,Kenshirō Abe,阿部謙四郎,verified via wikipedia,proposed
Q182130,,,植芝盛平,verified via well-known,proposed
Q18414412,,,桜村和夫,verified via wikipedia,proposed
Q189805,,Zenryō Shimabukuro,島袋善良,verified via wikidata,proposed
Q190141,Jigoro Kano,Jigorō Kanō,嘉納治五郎,verified via well-known,proposed
Q1908090,Shinpo Matayoshi,Shinpō Matayoshi,又吉真豊,verified via wikidata,proposed
Q1929108,,Kūsankū,公相君,verified via wikipedia,proposed
Q1937515,,,川和田実,verified via wikipedia,proposed
Q1937662,,,望月稔,verified via wikipedia,proposed
Q1963468,,Shōshin Nagamine,長嶺将真,verified via well-known,proposed
Q21503589,,Tōru Arakawa,荒川通,verified via wikipedia,proposed
Q221121,,Chōjun Miyagi,宮城長順,verified via well-known,proposed
Q22124384,Hachinosuke Fukuda,,福田八之助,verified via wikipedia,proposed
Q23688927,,,新谷勝,verified via wikipedia,proposed
Q2393877,,Chōtoku Kyan,喜屋武朝徳,verified via well-known,proposed
Q2453372,,Kyūzō Mifune,三船久蔵,verified via well-known,proposed
Q2456537,,,前田光世,verified via well-known,proposed
Q2473562,,,上地完文,verified via well-known,proposed
Q2599967,,,東恩納盛男,verified via wikipedia,proposed
Q2619054,,Tsutomu Ōshima,大島劼,verified via wikipedia,proposed
Q2636225,,,石井和義,verified via wikipedia,proposed
Q2637587,,Shirō Saigō,西郷四郎,verified via well-known,proposed
Q2664662,,Shōkei Matsui,松井章圭 / 문장규,verified via wikipedia,proposed
Q2672426,Tsunejiro Tomita,Tsunejirō Tomita,富田常次郎,verified via wikipedia,proposed
Q268880,,Gōgen Yamaguchi,山口剛玄,verified via well-known,proposed
Q27363,,,島袋龍夫,verified via well-known,proposed
Q276730,Kosei Nishihira,Kōsei Nishihira,西平向盛,verified via wikipedia,proposed
Q2869852,,,若井敦子,verified via wikipedia,proposed
Q2911640,,,三上孝之,verified via wikipedia,proposed
Q2915906,,,岡崎照幸,verified via wikipedia,proposed
Q294548,,Masutatsu Ōyama,大山倍達 / 최영의,verified via well-known,proposed
Q3025412,,,川田利明,verified via wikipedia,proposed
Q3028499,,Kōsaku Matsumora,松茂良興作,verified via wikipedia,proposed
Q30928815,,Tatsusaburō Nakayama,中山辰三郎,verified via wikipedia,proposed
Q3115887,,,緑健児,verified via wikipedia,proposed
Q3136331,,Hironori Ōtsuka II,大塚博紀（二代目）,verified via well-known,proposed
Q3139173,,Hōhan Sōken,祖堅方範,verified via wikipedia,proposed
Q3194253,,,宮平勝哉,verified via wikidata,proposed
Q320773,,Shigeru Ōyama,大山茂,verified via wikipedia,proposed
Q3236604,,,山下義韶,verified via wikipedia,proposed
Q3272171,,,大島由加里,verified via wikipedia,proposed
Q3276775,,Sakujirō Yokoyama,横山作次郎,verified via wikipedia,proposed
Q3317210,,,原田満祐,verified via wikipedia,proposed
Q348074,,,白井寛,verified via wikipedia,proposed
Q3482287,,,城間真繁,verified via wikidata,proposed
Q3482635,,Shūgorō Nakazato,仲里周五郎,verified via wikidata,proposed
Q3519204,,,村上哲次,verified via wikipedia,proposed
Q3532632,,,藤原敏男,verified via wikipedia,proposed
Q356335,,,최홍희,verified via well-known,proposed
Q3772405,,Kanken Tōyama,遠山寛賢,verified via wikipedia,proposed
Q381799,,,田川洋行,verified via wikipedia,proposed
Q384558,,,中山正敏,verified via well-known,proposed
Q386415,,Hironori Ōtsuka,大塚博紀,verified via well-known,proposed
Q3954660,,,渡口政吉,verified via wikipedia,proposed
Q3959901,,Shōgō Kuniba,国場将豪,verified via wikipedia,proposed
Q3984846,,,知念輝夫,verified via wikipedia,proposed
Q3984847,,,山崎照朝,verified via wikipedia,proposed
Q4023282,,,富山豊,verified via wikipedia,proposed
Q4057557,,,東孝,verified via wikipedia,proposed
Q41105,,,船越義珍,verified via well-known,proposed
Q4340844,,,Василий Ощепков,verified via wikidata,proposed
Q4340863,,Yasuhiko Ōyama,大山泰彦,verified via wikipedia,proposed
Q4351940,,,小西康裕,verified via wikipedia,proposed
Q4457146,,,千田務,verified via wikipedia,proposed
Q4467319,Kiyoyuki Terada,,寺田精之,verified via wikipedia,proposed
Q453505,,,摩文仁賢和,verified via well-known,proposed
Q460890,,,福田敬子,verified via wikipedia,proposed
Q4701154,,,増田章,verified via wikipedia,proposed
Q471629,,,金澤弘和,verified via wikipedia,proposed
Q4763171,,,上江洲安儀,verified via wikipedia,proposed
Q476441,,,西村誠司,verified via wikipedia,proposed
Q4992628,,Yoshimi Ōsawa,大沢慶己,verified via wikipedia,proposed
Q4992635,,Toshirō Daigo,醍醐敏郎,verified via wikipedia,proposed
Q5103850,,Chōgi Kishaba,喜舎場朝義,verified via wikipedia,proposed
Q5104212,,Chōkei Kishaba,喜舎場朝啓,verified via wikipedia,proposed
Q527422,,Ankō Itosu,糸洲安恒,verified via well-known,proposed
Q5349190,,,宮里栄一,verified via well-known,proposed
Q535906,,,ショー・コスギ,verified via wikipedia,proposed
Q5361556,,,数見肇,verified via wikipedia,proposed
Q542989,,,北谷屋良,verified via wikipedia,proposed
Q557301,,,新垣安吉,verified via wikipedia,proposed
Q5618841,,,小泉軍治,verified via wikipedia,proposed
Q562887,,Jōkō Ninomiya,二宮城光,verified via wikipedia,proposed
Q584466,Seisho Arakaki,Seishō Arakaki,新垣世璋,verified via wikipedia,proposed
Q598665,,,窪田孝行,verified via wikipedia,proposed
Q6078918,,,小畑功,verified via wikipedia,proposed
Q6130268,,,添野義二,verified via wikipedia,proposed
Q628761,,Gigō Funakoshi,船越義豪,verified via well-known,proposed
Q6378060,,Katsuaki Satō,佐藤勝昭,verified via wikipedia,proposed
Q6378081,,,新里勝彦,verified via wikipedia,proposed
Q6381580,,,田畑和美,verified via wikipedia,proposed
Q6389379,,,富木謙治,verified via wikipedia,proposed
Q6426232,,,コウイチ,verified via wikipedia,proposed
Q6426547,,Kōkan Oyadomari,親泊興寛,verified via wikipedia,proposed
Q64929894,,,レオナ・ペタス,verified via wikipedia,proposed
Q6519507,,,渡辺俊二,verified via wikipedia,proposed
Q6753487,,Manzō Iwata,岩田万蔵,verified via wikipedia,proposed
Q6782405,,,平良正次,verified via wikipedia,proposed
Q6782517,,,知念正美,verified via wikidata,proposed
Q6782529,,,鶴岡政己,verified via wikipedia,proposed
Q6869269,,,比嘉稔,verified via wikipedia,proposed
Q6884566,,,三浦美幸,verified via wikipedia,proposed
Q6956791,,,松村ナビー,verified via wikipedia,proposed
Q699236,Kanryo Higaonna,Kanryō Higaonna,東恩納寛量,verified via wikipedia,proposed
Q703827,,,三沢光晴,verified via wikipedia,proposed
Q705617,,Chōmo Hanashiro,花城長茂,verified via wikipedia,proposed
Q706389,Choyu Motobu,Chōyū Motobu,本部朝勇,verified via wikipedia,proposed
Q706726,,Gōzō Shioda,塩田剛三,verified via wikipedia,proposed
Q706955,,,中村忠,verified via wikipedia,proposed
Q709520,,,浅井哲彦,verified via wikipedia,proposed
Q715769,Sokon Matsumura,Sōkon Matsumura,松村宗棍,verified via wikipedia,proposed
Q716133,,,榎枝慶之輔,verified via wikipedia,proposed
Q716152,,Shōji Nishio,西尾昭二,verified via wikipedia,proposed
Q721201,,Ankō Azato,安里安恒,verified via wikipedia,proposed
Q722028,,Kentsū Yabu,屋部憲通,verified via wikipedia,proposed
Q723832,Shinken Taira,,平信賢,verified via wikipedia,proposed
Q727360,Kenei Mabuni,Ken'ei Mabuni,摩文仁賢榮,verified via wikipedia,proposed
Q7418861,,,上島三之助,verified via wikipedia,proposed
Q7446670,,,仲村正義,verified via wikipedia,proposed
Q7446692,,Seigō Tada,多田正剛,verified via wikipedia,proposed
Q7446702,,,赤嶺誠一,verified via wikipedia,proposed
Q7446703,,,伊集盛一,verified via wikipedia,proposed
Q7446770,,,伊波清吉,verified via wikidata,proposed
Q7446788,,,藤田西湖,verified via wikipedia,proposed
Q7447367,,Sekō Higa,比嘉世幸,verified via wikipedia,proposed
Q7677342,,,串田誉司,verified via wikipedia,proposed
Q7677484,,,長嶺高兆,verified via wikidata,proposed
Q780966,,,磯部清次,verified via wikipedia,proposed
Q7827674,,Toshihiro Ōshiro,大城利弘,verified via wikipedia,proposed
Q7850204,,Tsuneo Andō,安藤毎夫,verified via wikipedia,proposed
Q8049998,,,塩田泰久,verified via wikipedia,proposed
Q8056246,,,中村佳央,verified via wikipedia,proposed
Q8062088,,,矢口豊,verified via wikipedia,proposed
Q896129,,,越智秀男,verified via wikipedia,proposed
Q9096235,,,이원국,verified via wikipedia,proposed
Q919033,,,芦原英幸,verified via wikipedia,proposed
Q920672,,,盧山初雄,verified via wikipedia,proposed
Q921673,,,佐久川寛賀,verified via wikipedia,proposed
Q922328,,,田中正彦,verified via wikipedia,proposed
Q954330,,Ryū Ryū Ko,,verified via unverified,proposed
Q957513,,Teruo Kōno,河野輝夫,verified via wikipedia,proposed
Q97666381,,,鈴木達夫,verified via wikipedia,proposed
Q982540,Sumiyuki Kotani,,小谷澄之,verified via wikipedia,proposed
Q99517310,,Chōfu Kyan,喜屋武朝扶,verified via wikipedia,proposed
Q18230165,George E. Mattson,,,"[entity audit] Q18230165 is a Wikimedia disambiguation page; the dataset dates 1908-1997 belong to another George Mattson on that page, not the karateka. The intended person is George E. Mattson (b. c. 1937), the Ue",proposed
Q251784,Annan,,,"[entity audit] Q251784 is a Wikimedia disambiguation page (mostly place names such as Anan, Tokushima), so the Wikidata match is wrong. However, the name itself is a legitimate lineage node: Annan/Anan is the Chines",proposed
Q295085,Kanken Toyama,,,"[entity audit] Q295085 is a Wikimedia disambiguation page for the place name 'Toyama' (city/prefecture etc.), not a person. The intended lineage figure is Kanken Toyama (24 Sep 1888 - 24 Nov 1966), founder of the Sh",proposed
Q3518915,Terry O'Neill,,,"[entity audit] Q3518915 is a Wikimedia disambiguation page, and the dataset dates 1938-2019 are those of Terry O'Neill the celebrity photographer. The intended person is Terry O'Neill the martial artist (b. 27 Feb 1",proposed
A0007,,Zhou Zihe,周子和,[wave4] https://ja.wikipedia.org/wiki/%E5%91%A8%E5%AD%90%E5%92%8C,proposed
A0012,,,許田重発,[wave4] https://en.wikipedia.org/wiki/T%C5%8Don-ry%C5%AB,proposed
Q1908088,,,又吉眞光,[wave4] https://en.wikipedia.org/wiki/Shinko_Matayoshi,proposed
Q38585428,,,中村茂,[wave4] https://webhiden.jp/master/_nakamura_shigeru/,proposed
A0159,,,清水隆次,[wave4] https://ja.wikipedia.org/wiki/%E6%B8%85%E6%B0%B4%E9%9A%86%E6%AC%A1,proposed
A0148,,Hironishi Genshin (also Motonobu),廣西元信,[wave4] https://www.shotokai.jp/about/teacher/hironishi/,proposed
A0001,,,황기 (黃琦),[wave4] https://ko.wikipedia.org/wiki/%ED%99%A9%EA%B8%B0,proposed
Q6918025,,,井上元勝,[wave4] https://ja.wikipedia.org/wiki/%E4%BA%95%E4%B8%8A%E5%85%83%E5%8B%9D,proposed
A0151,,Ro Byung-jick,노병직,[wave4] http://news.heraldcorp.com/view.php?ud=20150914000110,proposed
A0046,,,保勇,[wave4] https://ja.wikipedia.org/wiki/%E4%BF%9D%E5%8B%87,proposed
A0132,,,福地清幸,[wave4] https://ja.wikipedia.org/wiki/%E5%89%9B%E6%9F%94%E6%B5%81,proposed
A0157,,,김기황 (金基璜),[wave4] https://ko.wikipedia.org/wiki/%EA%B9%80%EA%B8%B0%ED%99%A9,proposed
A0154,,,윤병인 (尹炳仁),[wave4] https://ko.wikipedia.org/wiki/%EC%9C%A4%EB%B3%91%EC%9D%B8,proposed
A0078,,,谷長治郎,[wave4] https://en.wikipedia.org/wiki/Sh%C5%ABk%C5%8Dkai,proposed
A0150,,,손덕성 (孫德成),[wave4] https://en.wikipedia.org/wiki/Son_Duk-sung,proposed
A0152,,,윤쾌병 (尹快炳),[wave4] https://en.wikipedia.org/wiki/Yun_Kwae-byung,proposed
A0028,,,本部朝正,[wave4] https://www.motobu-ryu.org/%E6%9C%AC%E9%83%A8%E5%BE%A1%E6%AE%BF%E6%89%8B/%E6%9C%AC%E9%83%A8%E5%BE%A1%E6%AE%BF%E6%89%8B%E5%AE%97%E5%AE%B6/%E6%9C%AC%E9%83%A8%E6%9C%9D%E6%AD%A3%E5%AE%97%E5%AE%B6/,proposed
A0009,,,當山清幸,[wave4] https://ja.wikipedia.org/wiki/%E4%B8%8A%E5%9C%B0%E6%B5%81,proposed
A0019,,,親田清勇,[wave4] https://en.wikipedia.org/wiki/Ry%C5%AB-te,proposed
A0053,,,大嶺朝徳,[wave4] https://ominekarate.com/?p=240,proposed
A0003,,,남태희 (南太熙),[wave4] https://ko.wikipedia.org/wiki/%EB%82%A8%ED%83%9C%ED%9D%AC_(%EB%AC%B4%EC%88%A0%EA%B0%80),proposed
A0008,,,新城清優,[wave4] https://ja.wikipedia.org/wiki/%E4%B8%8A%E5%9C%B0%E6%B5%81,proposed
A0156,,,엄운규,[wave4] https://mookas.com/news/3420,proposed
A0011,,,宮城安一,[wave4] https://goju-ryu.jp/about.html,proposed
A0013,,,宮城敬,[wave4] https://goju-karatedo.com/genealogy.html,proposed
A0054,,,田場兼靖,[wave4] https://shogendai.wixsite.com/shogen-ryu/members,proposed
A0022,,,津山克典,[wave4] https://takudai-karatedobu.com/teacher/,proposed
A0125,,,知念,[wave4] SKIP-REMOVE,proposed
Q130739281,,,阿波根直信,[wave4] https://okic.odks.jp/pdf/okinawadojolist.pdf,proposed
A0085,,,坂上節明,[wave4] https://www.nihonkobudokyoukai.org/martialarts/064/,proposed
Q6810356,,,八木明達,[wave4] https://ja.wikipedia.org/wiki/%E5%85%AB%E6%9C%A8%E6%98%8E%E4%BA%BA,proposed
A0123,,,外間哲弘,[wave4] https://ja.wikipedia.org/wiki/%E5%A4%96%E9%96%93%E5%93%B2%E5%BC%98,proposed
A0121,,,糸数盛昌,[wave4] https://okic.odks.jp/pdf/okinawadojolist.pdf,proposed
A0026,,,井上慶身,[wave4] https://www.inoue-ha-karate.com/,proposed
A0153,,Hwang Hyun-chul,황현철,[wave4] https://ko.wikipedia.org/wiki/%ED%99%A9%ED%98%84%EC%B2%A0,proposed
Q665589,,,矢原美紀夫,[wave4] https://ja.wikipedia.org/wiki/%E7%9F%A2%E5%8E%9F%E7%BE%8E%E7%B4%80%E5%A4%AB,proposed
A0118,,,玉寄英美,[wave4] https://ja.wikipedia.org/wiki/%E7%90%89%E7%90%83%E5%8F%A4%E6%AD%A6%E8%A1%93,proposed
A0134,,,八木明哲,[wave4] https://www.odks.jp/aboutus/membergroup/group3/,proposed
A0090,,,摩文仁賢雄,[wave4] https://karatejournal.net/2016/03/01/%E3%80%90%E5%9B%BD%E5%86%85%E3%80%91%E6%91%A9%E6%96%87%E4%BB%81%E8%B3%A2%E9%9B%84%E5%85%88%E7%94%9F%E3%80%81%E7%B3%B8%E6%9D%B1%E6%B5%81%E4%B8%89%E4%BB%A3%E5%AE%97%,proposed
Q6418995,,,新城清秀,[wave4] https://www.okinawatimes.co.jp/articles/-/700471,proposed
Q16875962,,,一柳忍,[wave4] https://ja.wikipedia.org/wiki/%E4%B8%80%E6%9F%B3%E5%BF%8D,proposed
A0122,,,大城善栄,[wave4] https://ageshiojapan.com/jp/program/4-styles-of-okinawan-karate-trial-course,proposed
A0117,,,赤嶺浩,[wave4] https://shimbukan.wordpress.com/about-shimbukan/masters/akamine-hiroshi/,proposed
A0120,,,井上貴勝,[wave4] https://webhiden.jp/master/inoue-kisho/,proposed
Q11501557,,,新垣清,[wave4] https://ja.wikipedia.org/wiki/%E6%96%B0%E5%9E%A3%E6%B8%85,proposed
Q6782576,,,喜久川政信,[wave4] https://ja.wikipedia.org/wiki/%E5%96%9C%E4%B9%85%E5%B7%9D%E6%94%BF%E4%BF%A1,proposed
A0092,,,岩田源三,[wave4] https://webhiden.jp/master/iwata-genzo/,proposed
Q11463345,,,小笠原和彦,[wave4] https://ja.wikipedia.org/wiki/%E5%B0%8F%E7%AC%A0%E5%8E%9F%E5%92%8C%E5%BD%A6,proposed
Q4353136,,,中達也,[wave4] https://ja.wikipedia.org/wiki/%E4%B8%AD%E9%81%94%E4%B9%9F,proposed
A0095,,Otsuka Hironori III,大塚博紀（三代）,[wave4] http://webhiden.jp/master/dtail/ohtsuka_hironori_-.php,proposed
A0014,,,中村哲二,[wave4] https://iogkf-yamashirodojo.com/%E6%B2%96%E7%B8%84%E5%89%9B%E6%9F%94%E6%B5%81%E7%A9%BA%E6%89%8B/,proposed
A0124,,,又吉靖,[wave4] https://okic.odks.jp/pdf/okinawadojolist.pdf,proposed
Q15845027,,,平山裕子,[wave4] https://www.jka.or.jp/jsys2/,proposed
Q15845026,,,大隈広一郎,[wave4] https://www.jka.or.jp/jsys2/,proposed
Q11391351,,,八木明人,[wave4] https://ja.wikipedia.org/wiki/%E5%85%AB%E6%9C%A8%E6%98%8E%E4%BA%BA,proposed
Q15845023,,,奥家沙都美,[wave4] https://www.jka.or.jp/jsys2/,proposed
Q11449100,,,宇佐美里香,[wave4] https://ja.wikipedia.org/wiki/%E5%AE%87%E4%BD%90%E7%BE%8E%E9%87%8C%E9%A6%99,proposed
Q15845014,,,椎名舞,[wave4] https://www.jka.or.jp/taikai-result/6846/,proposed
Q64574038,,,喜友名諒,[wave4] https://ja.wikipedia.org/wiki/%E5%96%9C%E5%8F%8B%E5%90%8D%E8%AB%92,proposed
C00001,,Kojo Homei (nicknamed Akahige),湖城鳳鳴,[wave4] https://ja.wikipedia.org/wiki/%E6%B9%96%E5%9F%8E%E6%B5%81,proposed
A0135,,,八木明広,[wave4] https://www.d3b.jp/npcolumn/19152,proposed
C00003,,,徳田安文,[wave4] https://kyudomugen.com/karateka/,proposed
C00018,,,高嶺朝睦,[wave4] https://ja.wikipedia.org/wiki/%E6%AF%94%E5%98%89%E4%B8%96%E5%B9%B8,proposed
C00024,,,久場長仁,[wave4] https://kyudomugen.com/karateka/,proposed
C00025,,,大城朝恕,[wave4] https://ja.wikipedia.org/wiki/%E5%A4%A7%E5%9F%8E%E6%9C%9D%E6%81%95,proposed
C00026,,,真壁朝顕,[wave4] https://ja.wikipedia.org/wiki/%E7%9C%9F%E5%A3%81%E6%9C%9D%E9%A1%95,proposed
C00037,,,本部朝茂,[wave4] https://www.motobu-ryu.org/%E6%9C%AC%E9%83%A8%E5%BE%A1%E6%AE%BF%E6%89%8B/%E6%9C%AC%E9%83%A8%E5%BE%A1%E6%AE%BF%E6%89%8B%E3%81%AE%E7%B4%B9%E4%BB%8B/,proposed
C00044,,,喜友名朝有,[wave4] https://ja.wikipedia.org/wiki/%E6%AF%94%E5%98%89%E4%B8%96%E5%B9%B8,proposed
A0155,,,전상섭,[wave4] https://mookas.com/news/17782,proposed
C00035,,,赤嶺栄亮,[wave4] https://www.odks.jp/kobudo/history.html,proposed
C00034,,,島袋永三,[wave4] https://ja.wikipedia.org/wiki/%E5%B3%B6%E8%A2%8B%E9%BE%8D%E5%A4%AB,proposed
C00045,,,仲井真元楷,[wave4] https://www.d3b.jp/npcolumn/11003,proposed
C00084,,Go Kenki (Wu Xianhui),呉賢貴,[wave4] https://ja.wikipedia.org/wiki/%E7%99%BD%E9%B6%B4%E6%8B%B3,proposed
C00086,,,山口剛史,[wave4] https://webhiden.jp/master/yamaguchi-goushi/,proposed
A0047,,Tamotsu Iwao,保巖,[wave4] https://ja.wikipedia.org/wiki/%E5%B0%91%E6%9E%97%E5%AF%BA%E6%B5%81%E7%A9%BA%E6%89%8B%E9%81%93%E9%8C%AC%E5%BF%83%E8%88%98,proposed
C00141,,Kojo Isei,湖城以正,[wave4] https://ja.wikipedia.org/wiki/%E6%B9%96%E5%9F%8E%E4%BB%A5%E6%AD%A3,proposed
C00148,,Shinzato Jin'an,新里仁安,[wave4] https://ja.wikipedia.org/wiki/%E5%AE%AE%E5%9F%8E%E9%95%B7%E9%A0%86,proposed
C00150,,,神谷仁清,[wave4] https://ryukyushimpo.jp/okinawa-dic/prentry-40958.html,proposed
C00098,,,仲里常延,[wave4] https://www.d3b.jp/npcolumn/8441,proposed
A0031,,Uema Joki,上間上輝,[wave4] https://www.d3b.jp/npcolumn/23591,proposed
C00107,,,湖城嘉富,[wave4] https://ja.wikipedia.org/wiki/%E6%B9%96%E5%9F%8E%E6%B5%81,proposed
C00108,,,湖城嘉保,[wave4] https://ja.wikipedia.org/wiki/%E6%B9%96%E5%9F%8E%E6%B5%81,proposed
C00174,,,東恩納亀助,[wave4] https://www.d3b.jp/npcolumn/13610,proposed
C00176,,Izumikawa Kanbun,泉川寛文,[wave4] https://ja.wikipedia.org/wiki/%E6%B3%89%E5%B7%9D%E5%AF%9B%E5%96%9C,proposed
A0145,,,泉川勝也,[wave4] https://ja.wikipedia.org/wiki/%E6%B3%89%E5%B7%9D%E5%AF%9B%E5%96%9C,proposed
C00117,,,上地完明,[wave4] https://uechiryu-rengo.jp/about/history/,proposed
C00206,,Uku Karyu,宇久嘉隆,[wave4] https://ja.wikipedia.org/wiki/%E6%B3%8A%E6%89%8B,proposed
C00212,,,村上勝美,[wave4] https://booklog.jp/author/%E6%9D%91%E4%B8%8A%E5%8B%9D%E7%BE%8E,proposed
A0039,,,横山和正,[wave4] https://ja.wikipedia.org/wiki/%E6%A8%AA%E5%B1%B1%E5%92%8C%E6%AD%A3,proposed
C00075,,,仲井間憲忠,[wave4] https://ja.wikipedia.org/wiki/%E5%8A%89%E8%A1%9B%E6%B5%81,proposed
C00229,,,仲井間憲児,[wave4] https://ja.wikipedia.org/wiki/%E5%8A%89%E8%A1%9B%E6%B5%81,proposed
C00232,,,仲井間憲孝,[wave4] https://ja.wikipedia.org/wiki/%E5%8A%89%E8%A1%9B%E6%B5%81,proposed
C00236,,,金城兼盛,[wave4] https://ja.wikipedia.org/wiki/%E7%A9%BA%E7%9C%9F%E6%B5%81,proposed
C00245,,,知念賢祐,[wave4] https://www.okinawatimes.co.jp/articles/-/1207463,proposed
C00246,,,摩文仁賢三,[wave4] https://ja.wikipedia.org/wiki/%E7%B3%B8%E6%9D%B1%E6%B5%81,proposed
C00247,,,島袋吉郎,[wave4] https://www.okinawatimes.co.jp/articles/-/567750,proposed
A0128,,,仲本喜一,[wave4] https://www.gojuryu.jp/aboutus/,proposed
C00252,,,崎山喜徳,[wave4] https://ja.wikipedia.org/wiki/%E6%9D%B1%E6%81%A9%E7%B4%8D%E5%AF%9B%E9%87%8F,proposed
C00261,,,伊波興達,[wave4] https://ja.wikipedia.org/wiki/%E6%B3%8A%E6%89%8B,proposed
C00269,,Sai Choko (Kojo Ueekata),蔡肇功,[wave4] https://ja.wikipedia.org/wiki/%E6%B9%96%E5%9F%8E%E6%B5%81,proposed
C00296,,,伊波康進,[wave4] https://ja.wikipedia.org/wiki/%E5%89%9B%E6%9F%94%E6%B5%81,proposed
C00319,,Gima Shinkin (Makoto),儀間真謹,[wave4] https://ja.wikipedia.org/wiki/%E5%84%80%E9%96%93%E7%9C%9F%E8%AC%B9,proposed
Q6739958,,,中村誠,[wave4] https://www.wikidata.org/wiki/Q11366002,proposed
A0130,,,仲本守,[wave4] https://rosakaba.wixsite.com/bunnbukan-miyako,proposed
C00201,,,仲本政博,[wave4] https://www.okinawatimes.co.jp/articles/-/292475,proposed
C00195,,,真栄田親雲上,[wave4] https://ja.wikipedia.org/wiki/%E5%96%9C%E5%B1%8B%E6%AD%A6%E6%9C%9D%E5%BE%B3,proposed
C00196,,Makabe Choken,真壁朝顕,[wave4] https://ja.wikipedia.org/wiki/%E7%9C%9F%E5%A3%81%E6%9C%9D%E9%A1%95,proposed
C00368,,,仲里稔,[wave4] https://en.wikipedia.org/wiki/Sh%C5%8Drin-ry%C5%AB_Sh%C5%8Drinkan,proposed
C00373,,,屋比久孟伝,[wave4] https://ja.wikipedia.org/wiki/%E7%90%89%E7%90%83%E5%8F%A4%E6%AD%A6%E8%A1%93,proposed
C00375,,,眞栄城守信,[wave4] https://www.okinawatimes.co.jp/articles/-/585318,proposed
A0029,,Motobu Aji Choshin,本部朝真,[wave4] https://ja.wikipedia.org/wiki/%E6%9C%AC%E9%83%A8%E6%9C%9D%E5%9F%BA,proposed
C00244,,,仲井間憲里,[wave4] https://ja.wikipedia.org/wiki/%E5%8A%89%E8%A1%9B%E6%B5%81,proposed
C00427,,Maesato Ranpo,真栄里蘭芳,[wave4] https://ja.wikipedia.org/wiki/%E9%82%A3%E8%A6%87%E6%89%8B,proposed
C00436,,,桑江良正,[wave4] https://ja.wikipedia.org/wiki/%E6%9D%BE%E6%9D%91%E5%AE%97%E6%A3%8D,proposed
C00438,,,友寄隆宏,[wave4] https://www.okinawatimes.co.jp/articles/-/407795,proposed
C00440,,,坂上隆祥,[wave4] https://www.wikidata.org/wiki/Q11424814,proposed
C00441,,,友寄隆優,[wave4] https://ja.wikipedia.org/wiki/%E4%B8%8A%E5%9C%B0%E6%B5%81,proposed
C00444,,,上原三郎,[wave4] https://uechiryu-shinkoukai.com/aboutus/uechiryu,proposed
C00263,,,湖城再鏡,[wave4] https://ja.wikipedia.org/wiki/%E6%B9%96%E5%9F%8E%E6%B5%81,proposed
C00449,,Chinen Saburo (Sanda),知念三郎,[wave4] https://ja.wikipedia.org/wiki/%E7%90%89%E7%90%83%E5%8F%A4%E6%AD%A6%E8%A1%93,proposed
C00450,,Kinjo Ufuchiku,金城大筑,[wave4] https://ja.wikipedia.org/wiki/%E7%90%89%E7%90%83%E5%8F%A4%E6%AD%A6%E8%A1%93,proposed
C00480,,,糸数盛喜,[wave4] https://www.d3b.jp/npcolumn/7924,proposed
C00475,,,比嘉世吉,[wave4] https://ja.wikipedia.org/wiki/%E6%AF%94%E5%98%89%E4%B8%96%E5%B9%B8,proposed
C00478,,,上原清吉,[wave4] https://ja.wikipedia.org/wiki/%E4%B8%8A%E5%8E%9F%E6%B8%85%E5%90%89,proposed
C00064,,,新城清良,[wave4] https://www.d3b.jp/npcolumn/14647,proposed
C00494,,,比嘉清徳,[wave4] https://kyudomugen.com/karateka/,proposed
C00293,,,仲宗根正侑,[wave4] https://www.odks.jp/karate/history.html,proposed
C00506,,,湖城繁,[wave4] https://ja.wikipedia.org/wiki/%E6%B9%96%E5%9F%8E%E6%B5%81,proposed
C00507,,,高宮城繁,[wave4] https://ja.wikipedia.org/wiki/%E4%B8%8A%E5%9C%B0%E6%B5%81,proposed
C00510,,,国吉真吉,[wave4] https://ja.wikipedia.org/wiki/%E5%9B%BD%E5%90%89%E7%9C%9F%E5%90%89,proposed
C00518,,Shinei Kyan,喜屋武眞榮,[wave4] https://ja.wikipedia.org/wiki/%E5%96%9C%E5%B1%8B%E6%AD%A6%E7%9C%9E%E6%A6%AE,proposed
C00522,,,蔡昌偉,[wave4] https://ja.wikipedia.org/wiki/%E6%B9%96%E5%9F%8E%E6%B5%81,proposed
C00527,,,喜納昌盛,[wave4] https://ja.wikipedia.org/wiki/%E9%87%B5,proposed
C00542,,,湖城秀蓮,[wave4] https://ja.wikipedia.org/wiki/%E6%B9%96%E5%9F%8E%E6%B5%81,proposed
C00546,,,真栄城守成,[wave4] https://okic.odks.jp/pdf/okinawadojolist.pdf,proposed
C00550,,,岸本祖孝,[wave4] https://ja.wikipedia.org/wiki/%E7%8E%84%E5%88%B6%E6%B5%81,proposed
C00334,,,大塚忠彦,[wave4] https://de.wikipedia.org/wiki/%C5%8Ctsuka_Tadahiko,proposed
C00564,,,湖城大禎,[wave4] https://ja.wikipedia.org/wiki/%E6%B9%96%E5%9F%8E%E6%B5%81,proposed
C00566,,,金城孝,[wave4] https://okic.odks.jp/pdf/okinawadojolist.pdf,proposed
C00348,,,上原武信,[wave4] https://www.okinawatimes.co.jp/articles/gallery/715489,proposed
A0033,,,上間建,[wave4] https://www.d3b.jp/npcolumn/23591,proposed
C00574,,,中村丈人,[wave4] https://okinawakenposohonbu.com/,proposed
C00350,,,島袋太郎,[wave4] https://www.d3b.jp/npcolumn/23591,proposed
C00352,,,湖城立美,[wave4] https://ja.wikipedia.org/wiki/%E6%B9%96%E5%9F%8E%E6%B5%81,proposed
C00354,,,多和田親雲上,[wave4] https://ja.wikipedia.org/wiki/%E9%87%B5,proposed
C00586,,,林輝男,[wave4] https://www.wikidata.org/wiki/Q706664,proposed
A0142,,,儀間哲,[wave4] https://www.okinawatimes.co.jp/articles/-/674225,proposed
C00604,,,徳嶺親雲上,[wave4] https://okinawa-karate-junior.okinawa/kata/kobudo-tokumine-nu-kun/,proposed
A0056,,,新垣敏光,[wave4] https://okic.odks.jp/pdf/okinawadojolist.pdf,proposed
C00625,,,佐久本嗣男,[wave4] https://ja.wikipedia.org/wiki/%E4%BD%90%E4%B9%85%E6%9C%AC%E5%97%A3%E7%94%B7,proposed
A0091,,,摩文仁司,[wave4] https://ja.wikipedia.org/wiki/%E7%B3%B8%E6%9D%B1%E6%B5%81,proposed
A0143,,,金城常雄,[wave4] https://www.okinawatimes.co.jp/articles/-/674225,proposed
C00628,,,仲程力,[wave4] https://okinawa-karate.okinawa/en/admin/wp-content/uploads/2026/02/okinawa-karate-seminar_brochure.pdf,proposed
A0032,,,上間康弘,[wave4] https://www.d3b.jp/npcolumn/23591,proposed
A0041,,,新里良英,[wave4] https://pt.wikipedia.org/wiki/Yoshihide_Shinzato,proposed
A0141,,,宮里善博,[wave4] https://okic.odks.jp/pdf/okinawadojolist.pdf,proposed
A0055,,,平良慶孝,[wave4] https://okic.odks.jp/pdf/okinawadojolist.pdf,proposed
C00664,,,渡嘉敷唯賢,[wave4] https://www.okinawatimes.co.jp/articles/-/780672,proposed
A0119,,,國吉幸雄,[wave4] https://okic.odks.jp/pdf/okinawadojolist.pdf,proposed
A0048,,,保勇三,[wave4] https://www.hiro-renshin.com/cont1/main.html,proposed
C00672,,,島袋善保,[wave4] https://okic.odks.jp/pdf/okinawadojolist.pdf,proposed
A0042,,,島袋善俊,[wave4] https://okic.odks.jp/pdf/okinawadojolist.pdf,proposed
C00028,,Motobu Chōkō,本部朝恒,[motobu genealogy] ja-wiki 本部御殿,proposed
C00020,,Motobu Chōkyū,本部朝救,[motobu genealogy] ja-wiki 本部御殿,proposed
C00042,,Motobu Chōshō,本部朝章,[motobu genealogy] ja-wiki 本部御殿,proposed
C00021,,Motobu Chōmei,本部朝明,[motobu genealogy] ja-wiki 本部御殿,proposed
A0162,Shiohira Peichin (Shionja),,潮平親雲上,[audit:chinese-antecedents] The native script 潮平親雲上 is correctly read Shiohira Peichin; he is the warehouse-official informant of the 1762 Oshima Hikki. 'Shionja' is a distorted romanisation propagated through secondary karate l,proposed
Q1336547,Takahara Peichin,,高原親雲上,"[audit:chinese-antecedents] Peichin (親雲上) is a Ryukyuan court rank, not a given name, so it follows the surname; the scholarly standard form is 'Takahara Peichin', as used in the Chatan Yara and Sakugawa literature. 'Peichin Tak",proposed
A0189,Pan Yuba (Lin Dachong),,林達崇,"[audit:chinese-antecedents] The native field currently mixes a toponym-based sobriquet with the personal name ('潘嶼八（林達崇）'). His personal name was Lin Dachong 林達崇; 'Pan Yuba' derives from Panyu (盤嶼/潘嶼), the Fuzhou locality where ",proposed
C00251,,,照屋規箴,"[audit:early-shuri-tomari] Native script missing. Japanese Wikipedia (Tomari-te) gives 照屋親雲上規箴 (Teruya Pechin Kishin, 1804-1864); personal name form is 照屋規箴.",proposed
A0116,,,岸本喜順,"[audit:early-shuri-tomari] Native script missing. Higa Seitoku's 1966 primary account (motobu-ryu.org archive) names him 岸本喜順, the household worker who first taught Higa in elementary school; confirms he is distinct from Kishim",proposed
Q922328,,,田中昌彦,"[audit:early-shuri-tomari] Wrong kanji: file has 田中正彦, which is a Japanese voice actor. The JKA karateka Masahiko Tanaka is written 田中昌彦.",proposed
C00354,Tawata Pechin,,,"[audit:early-shuri-tomari] Capitalisation artefact: 'Tawata PECHIN' should be 'Tawata Pechin' (Pechin is a Ryukyuan rank title, conventionally capitalised as a proper noun only).",proposed
C00448,Sakihara Pechin,,,[audit:early-shuri-tomari] Capitalisation artefact: 'Sakihara PECHIN' should be 'Sakihara Pechin'.,proposed
C00195,Maeda Pechin,,真栄田親雲上,"[audit:shorin-kobayashi] Capitalisation artefact: 'PECHIN' is a Ryukyuan court rank (pechin/peichin), not an all-caps surname. Standard romanisation is 'Maeda Pechin'.",proposed
C00604,Tokumine Pechin,,徳嶺親雲上,[audit:shorin-kobayashi] Same capitalisation artefact as Maeda: standard form is 'Tokumine Pechin'.,proposed
Q7373534,Roy Y. Suenaka,,,"[audit:shorin-kobayashi] Standard form includes the full stop after the middle initial, matching his Wikipedia title 'Roy Y. Suenaka'.",proposed
Q4770567,,,宇江城安盛,"[audit:shorin-matsubayashi] Native script missing. The kanji for Ueshiro Ansei is 宇江城 安盛 (born Kin, Okinawa 1933); romanisation 'Ansei Ueshiro' is standard.",proposed
A0020,,,當真嗣安,[audit:shorin-shobayashi-seibukan] Native script missing. The Motobu-ryu soke organisation's official blog (note.com/motoburyu) writes him as 正道館の當真嗣安 (Toma Shian of Seidokan). Romanisation 'Shian Toma' is standard.,proposed
C00066,,Fusei Kise,喜瀬富盛,[audit:matsumura-seito] Native script missing. The official Motobu-ryu blog gives 喜瀬富盛（きせ ふせい）; this kanji form is also used across Japanese karate sources. Romanisation 'Fusei Kise' is standard. Also note his node's style t,proposed
A0068,,Isao Kise,喜瀬功,"[audit:matsumura-seito] Native script missing. The Okinawa Karate Information Center (OKIC) official prefecture-wide dojo directory lists 沖縄少林流空手古武道連盟 拳真館 with representative 喜瀬 功 (キセ イサオ) in Okinawa City, matching the Kensh",proposed
A0049,Hitoshi Oyakawa,Hitoshi Oyakawa,親川仁志,[audit:shorinji-lines] Native script missing. The official Okinawa Karate Navi (prefectural portal) dojo entry for the Shorinji-ryu Shinkokai Nishihara Dojo gives the representative as 親川仁志 (Oyakawa Hitoshi).,proposed
C00657,,,義村朝義,"[audit:goju-okinawa] Native script missing. Japanese Wikipedia article (already cited as edge evidence) gives 義村朝義 (Yoshimura Chogi, 1866-1945), the Okinawan aristocrat who studied under both Matsumura and Higaonna.",proposed
C00196,,,真壁ウドゥン,"[audit:uechi-ryu] Wrong namesake in native script: 真壁朝顕 is Makabe Choken (b. 1769), the famous 'Tobitori' Makabe Udun, who was long dead when Kanbun Uechi enrolled at the Fuzhou Kojo dojo in 1896. Motobu Naoki states t",proposed
C00108,,,湖城嘉宝,"[audit:uechi-ryu] Native script correction: both Japanese Wikipedia (湖城流) and Motobu Naoki's article 湖城嘉宝と上地完文 write Kaho as 嘉宝, not 嘉保 as in the file.",proposed
C00605,,,松田徳三郎,[audit:uechi-ryu] Native script missing; Motobu Naoki's articles (the file's own evidence) write 松田徳三郎.,proposed
C00198,,,上地完得,[audit:uechi-ryu] Native script missing. Ryukyu Shimpo's Okinawa encyclopaedia entry on Uechi Kanbun and Kotobank give his father as 完得 (also read Kandoku); the surname is 上地.,proposed
C00001,Homei Kojo (Akahige),,,"[audit:uechi-ryu] 'Akahige' (red beard) was a nickname; the standard romanisation of 湖城鳳鳴 (the native script already in the file) is Kojo Homei, listed 1861-1919 in the Japanese Wikipedia Kojo-ryu succession. Keep Akah",proposed
Q954330,,,ルールーコウ,"[audit:ryuei-kojo] Native script missing. Standard Japanese-literature form is the katakana ルールーコウ (Japanese Wikipedia article title); Ryuei-ryu records write the name in kanji as 劉龍公, while the disputed Xie Zhongxiang ",proposed
C00253,,Higa Kiyohiko,比嘉清彦,"[audit:okinawa-kenpo-ryute] Native script missing. The official Motobu-ryu blog writes his name 比嘉清彦, son of 比嘉清徳 (Seitoku Higa), Kishimoto-di inheritor within the Bugeikan. Note also his styles field ('karate-generic') should i",proposed
Q1909096,,,比嘉親雲上,"[audit:kobudo-systems] Native script missing in file. Wikipedia gives 比嘉 親雲上 (Higa Peechin, also known as Machuu Hijaa).",proposed
C00449,,,知念三良,"[audit:kobudo-systems] File has 知念三郎; period-informed sources (Andreas Quast's Ryukyu Bugei, Motobu Naoki's Yamane-ryu article) write Chinen Sanda/Sanra as 知念三良.",proposed
C00319,Shinkin Gima,Gima Shinkin,儀間真謹,[audit:shotokan] The standard romanisation in karate scholarship is Shinkin Gima (儀間真謹); 'Makoto' is an alternative reading of 真謹 but Gima-ha organisations and reference biographies use Shinkin. Native script already ,proposed
C00285,Kosei Kokuba,Kokuba Kosei,國場幸盛,"[audit:shito-ryu] Node is currently just the surname 'Kokuba' with no native script. This is Kokuba Kosei (also romanised Kuniba Kosei), founder of Seishinkai and 2nd Soke of Motobu-ha. Japanese Wikipedia's Kuniba Shog",proposed
A0079,Shigeru Kimura,Kimura Shigeru,木村茂,"[audit:shito-ryu] Native script missing: Kimura Shigeru is written 木村茂, as used by Kimura Shukokai lineage dojo listings in Japanese (e.g. 木村 修交会).",proposed
A0094,Kozo Kuniba,Kuniba Kozo,国場浩三,[audit:shito-ryu] Native script missing: Japanese Wikipedia's Kuniba Shogo article names 国場浩三 (Kuniba Kozo) as the Kuniba-kai leader continuing Shogo's line.,proposed
C00076,,,上島菅,"[audit:wado-chito-shudokan] Japanese Wikipedia on Ueshima Sannosuke identifies his first karate teacher as 上島菅, an Okinawan-born police officer in Ako who taught him Pinan and Kushanku at age 9. Add the native script; the 'Sugay",proposed
A0200,,,Füzuli Musayev,[audit:judo-aikido-koryu] Native (Azerbaijani) form missing; Azerbaijani Wikipedia titles him Füzuli Musayev.,proposed
A0206,,,Mirəli Seyidov,[audit:judo-aikido-koryu] Native field currently holds the Russian Cyrillic surname-first form 'Сейидов Мирали'; the subject's own-language (Azerbaijani Latin) form is Mirəli Seyidov (full: Mirəli Mircəlal oğlu Seyidov).,proposed
C00202,Kanyu Higaonna,Higaonna Kanyu,東恩納寛裕,"[audit:orphans-1] Standard romanisation is Kanyu, not Kanyo. This is a real, distinct person ('Higaonna of the East', 1849-1922), NOT a duplicate of Kanryo Higaonna: do not merge with him. Note the English Wikipedia ar",proposed
C00185,Kanken Oyadomari,,,"[audit:orphans-1] Wrong-entity / duplicate flag: Kanken Toyama (1888-1966, founder of Shudokan) was born Oyadomari Kanken and only later took the name Toyama. No independent karateka named 'Kanken Oyadomari' is documen",proposed
C00072,Genwa Nakasone,Nakasone Genwa,仲宗根源和,"[audit:orphans-1] Add native script and Japanese Wikipedia identity: Nakasone Genwa (6 Oct 1895 - 18 Oct 1978), Okinawan politician and pioneering karate publisher (Karate Kenkyu 1934, Karate-do Taikan 1938). Existing ",proposed
C00002,Akio Kinjo,Kinjo Akio,金城昭夫,"[audit:orphans-1] Identified: Kinjo Akio (b. 1936), Okinawan karate historian and researcher famed for over 100 research trips to China/Taiwan/Hong Kong tracing kata origins; founder of the Kensei Budokan; author of Ka",proposed
C00257,Kiyuna Pechin,Kiyuna Pechin,,"[audit:orphans-1] Fix all-caps: Pechin is a Ryukyuan court title, not a surname. Identified as the Kiyuna Pechin who was a senior disciple of Matsumura Sokon and keeper of the Tama-udun royal mausoleum, praised in the ",proposed
C00068,Gamini Soysa,Gamini Soysa,,"[audit:orphans-1] Spelling: the person is consistently rendered Gamini Soysa, Sri Lankan pioneer of Shorin-ryu Shorinkan in South Asia, first Sri Lankan to train in Okinawa. 'Gamani' appears to be a scrape typo.",proposed
C00200,Mario Topolsek,,Mario Topolšek,"[audit:orphans-1] Native (Slovenian/Serbo-Croatian) spelling is Topolšek with a caron; he has a Czech Wikipedia article. Yugoslav/Serbian Uechi-ryu pioneer, founder of the first Uechi-ryu association in Europe (Belgrad",proposed
C00047,Minoru Yamada,,,[audit:orphans-1] Data hygiene: honorific 'Dr' embedded in the name field should be stripped. Identity could not be verified against any acceptable source; likely scraped from an association roster.,proposed
C00031,Shiji Mizokami,,,[audit:orphans-1] Data hygiene: honorific 'Dr' embedded in the name field should be stripped. Identity could not be verified against any acceptable source; 'Shiji' is also an unusual Japanese given name and may itself ,proposed
C00641,,,汪楫,[audit:orphans-2] Identity confirmed: not an Okinawan karateka but the Chinese investiture envoy of 1683 to whom the Tomari kata Wanshu is traditionally attributed. Native script 汪楫 should be added; wiki url https://zh,proposed
C00517,,Kaneshima Shin'ei,,"[audit:orphans-2] Identity note: this is Kaneshima Shin'ei, the man who named the small Shuri school Ishimine-ryu (also 'Kuma-no-te'), covered by the Okinawa Karate Information Center (okic.okinawa, 'Kobudo 8: Kyan Shi",proposed
C00508,,Kaneshima Shinbi,,"[audit:orphans-2] Identity note: Kaneshima Shinbi is the father of Kaneshima Shin'ei (C00517) and the actual student of the famed 19th-century master 'Old Ishimine' (Ishimine Pechin, of Ishimine Bassai fame), whom he s",proposed
C00627,,Tsuken Hantagwa,,"[audit:orphans-2] Identity note: the standard rendering is 'Tsuken Hantagwa' (Chikin in Okinawan), the traditional bojutsu figure credited with the Tsuken-bo tradition; appears in McCarthy's Koryu Uchinadi Vol. 2 and i",proposed
Q3772405,Kanken Toyama,Toyama Kanken,遠山寛賢,"[web scholarship crosscheck] node named 'Kanken Oyadomari' but the kanji 遠山寛賢 is Toyama Kanken, the Shudokan founder (1888-1966); Oyadomari is a wrong surname",proposed
J0001,Shuichi Aragaki,Aragaki Shuichi,新垣修一,[name order] normalised to the dataset's given-name-first convention (208 of 240 two-part Japanese names use it); Japanese order kept in name_romaji,proposed
W0028,Ansei Arakaki,Arakaki Ansei,,[name order] normalised to the dataset's given-name-first convention (208 of 240 two-part Japanese names use it); Japanese order kept in name_romaji,proposed
J0027,Isamu Arakaki,Arakaki Isamu,新垣勇,[name order] normalised to the dataset's given-name-first convention (208 of 240 two-part Japanese names use it); Japanese order kept in name_romaji,proposed
J0038,Masatsune Chinen,Chinen Masatsune,知念正常,[name order] normalised to the dataset's given-name-first convention (208 of 240 two-part Japanese names use it); Japanese order kept in name_romaji,proposed
A0125,Umikana Chinen,Chinen Umikana,知念,[name order] normalised to the dataset's given-name-first convention (208 of 240 two-part Japanese names use it); Japanese order kept in name_romaji,proposed
J0044,Noritsune Genka,Genka Noritsune,源河徳恒,[name order] normalised to the dataset's given-name-first convention (208 of 240 two-part Japanese names use it); Japanese order kept in name_romaji,proposed
J0017,Giyu Gibo,Gibo Giyu,儀保宜裕,[name order] normalised to the dataset's given-name-first convention (208 of 240 two-part Japanese names use it); Japanese order kept in name_romaji,proposed
J0050,Shintoku Gushiken,Gushiken Shintoku,具志堅新徳,[name order] normalised to the dataset's given-name-first convention (208 of 240 two-part Japanese names use it); Japanese order kept in name_romaji,proposed
J0043,Tetsuo Hanashiro,Hanashiro Tetsuo,玻名城哲夫,[name order] normalised to the dataset's given-name-first convention (208 of 240 two-part Japanese names use it); Japanese order kept in name_romaji,proposed
Q1909096,Peechin Higa,Higa Peechin,比嘉親雲上,[name order] normalised to the dataset's given-name-first convention (208 of 240 two-part Japanese names use it); Japanese order kept in name_romaji,proposed
J0035,Yoshio Higa,Higa Yoshio,比嘉敏雄,[name order] normalised to the dataset's given-name-first convention (208 of 240 two-part Japanese names use it); Japanese order kept in name_romaji,proposed
J0036,Kōtarō Iha,Iha Kōtarō,伊波光太郎,[name order] normalised to the dataset's given-name-first convention (208 of 240 two-part Japanese names use it); Japanese order kept in name_romaji,proposed
J0025,Hiroshi Inada,Inada Hiroshi,稲田弘,[name order] normalised to the dataset's given-name-first convention (208 of 240 two-part Japanese names use it); Japanese order kept in name_romaji,proposed
J0005,Seigi Ishikawa,Ishikawa Seigi,石川清義,[name order] normalised to the dataset's given-name-first convention (208 of 240 two-part Japanese names use it); Japanese order kept in name_romaji,proposed
J0006,Seitoku Ishikawa,Ishikawa Seitoku,石川精徳,[name order] normalised to the dataset's given-name-first convention (208 of 240 two-part Japanese names use it); Japanese order kept in name_romaji,proposed
J0034,Mitsuo Kakazu,Kakazu Mitsuo,嘉数光雄,[name order] normalised to the dataset's given-name-first convention (208 of 240 two-part Japanese names use it); Japanese order kept in name_romaji,proposed
J0032,Eiki Kanagusuku,Kanagusuku Eiki,金城榮喜,[name order] normalised to the dataset's given-name-first convention (208 of 240 two-part Japanese names use it); Japanese order kept in name_romaji,proposed
J0021,Seikō Kina,Kina Seikō,喜納正興,[name order] normalised to the dataset's given-name-first convention (208 of 240 two-part Japanese names use it); Japanese order kept in name_romaji,proposed
W0002,Hiroshi Kinjo,Kinjo Hiroshi,,[name order] normalised to the dataset's given-name-first convention (208 of 240 two-part Japanese names use it); Japanese order kept in name_romaji,proposed
J0031,Yoshio Kuba,Kuba Yoshio,久場良男,[name order] normalised to the dataset's given-name-first convention (208 of 240 two-part Japanese names use it); Japanese order kept in name_romaji,proposed
J0049,Kiyomasa Maeda,Maeda Kiyomasa,前田清正,[name order] normalised to the dataset's given-name-first convention (208 of 240 two-part Japanese names use it); Japanese order kept in name_romaji,proposed
W0025,Chotoku Maeshiro,Maeshiro Chotoku,,[name order] normalised to the dataset's given-name-first convention (208 of 240 two-part Japanese names use it); Japanese order kept in name_romaji,proposed
J0002,Seitoku Matayoshi,Matayoshi Seitoku,又吉清徳,[name order] normalised to the dataset's given-name-first convention (208 of 240 two-part Japanese names use it); Japanese order kept in name_romaji,proposed
J0045,Yoshimasa Matsuda,Matsuda Yoshimasa,松田芳正,[name order] normalised to the dataset's given-name-first convention (208 of 240 two-part Japanese names use it); Japanese order kept in name_romaji,proposed
J0013,Yoshio Matsuda,Matsuda Yoshio,松田義雄,[name order] normalised to the dataset's given-name-first convention (208 of 240 two-part Japanese names use it); Japanese order kept in name_romaji,proposed
W0016,Hisateru Miyagi,Miyagi Hisateru,,[name order] normalised to the dataset's given-name-first convention (208 of 240 two-part Japanese names use it); Japanese order kept in name_romaji,proposed
J0041,Minoru Miyagi,Miyagi Minoru,宮城實,[name order] normalised to the dataset's given-name-first convention (208 of 240 two-part Japanese names use it); Japanese order kept in name_romaji,proposed
J0008,Takeshi Miyagi,Miyagi Takeshi,宮城驍,[name order] normalised to the dataset's given-name-first convention (208 of 240 two-part Japanese names use it); Japanese order kept in name_romaji,proposed
J0004,Masanobu Miyahira,Miyahira Masanobu,宮平昌信,[name order] normalised to the dataset's given-name-first convention (208 of 240 two-part Japanese names use it); Japanese order kept in name_romaji,proposed
J0042,Kōsuke Miyazato,Miyazato Kōsuke,宮里幸助,[name order] normalised to the dataset's given-name-first convention (208 of 240 two-part Japanese names use it); Japanese order kept in name_romaji,proposed
A0209,Chochi Motobu,Motobu Chochi,本部按司朝智,[name order] normalised to the dataset's given-name-first convention (208 of 240 two-part Japanese names use it); Japanese order kept in name_romaji,proposed
A0207,Chohei Motobu,Motobu Chohei,本部王子朝平,[name order] normalised to the dataset's given-name-first convention (208 of 240 two-part Japanese names use it); Japanese order kept in name_romaji,proposed
A0208,Chokan Motobu,Motobu Chokan,本部按司朝完,[name order] normalised to the dataset's given-name-first convention (208 of 240 two-part Japanese names use it); Japanese order kept in name_romaji,proposed
A0219,Chomo Motobu,Motobu Chomo,本部朝茂,[name order] normalised to the dataset's given-name-first convention (208 of 240 two-part Japanese names use it); Japanese order kept in name_romaji,proposed
A0210,Choryu Motobu,Motobu Choryu,本部王子朝隆,[name order] normalised to the dataset's given-name-first convention (208 of 240 two-part Japanese names use it); Japanese order kept in name_romaji,proposed
A0029,Choshin Motobu,Motobu Choshin,本部朝真,[name order] normalised to the dataset's given-name-first convention (208 of 240 two-part Japanese names use it); Japanese order kept in name_romaji,proposed
A0220,Naoki Motobu,Motobu Naoki,本部朝行,[name order] normalised to the dataset's given-name-first convention (208 of 240 two-part Japanese names use it); Japanese order kept in name_romaji,proposed
J0047,Eishō Nakamoto,Nakamoto Eishō,仲本英征,[name order] normalised to the dataset's given-name-first convention (208 of 240 two-part Japanese names use it); Japanese order kept in name_romaji,proposed
J0010,Seiyū Nakamura,Nakamura Seiyū,中村清祐,[name order] normalised to the dataset's given-name-first convention (208 of 240 two-part Japanese names use it); Japanese order kept in name_romaji,proposed
J0011,Seiei Nakaza,Nakaza Seiei,仲座清栄,[name order] normalised to the dataset's given-name-first convention (208 of 240 two-part Japanese names use it); Japanese order kept in name_romaji,proposed
W0018,Bokuhitsu Nakazato,Nakazato Bokuhitsu,,[name order] normalised to the dataset's given-name-first convention (208 of 240 two-part Japanese names use it); Japanese order kept in name_romaji,proposed
W0003,Eiro Oyadomari,Oyadomari Eiro,,[name order] normalised to the dataset's given-name-first convention (208 of 240 two-part Japanese names use it); Japanese order kept in name_romaji,proposed
J0039,Yoshitsune Senaga,Senaga Yoshitsune,瀬長義常,[name order] normalised to the dataset's given-name-first convention (208 of 240 two-part Japanese names use it); Japanese order kept in name_romaji,proposed
J0015,Isao Shima,Shima Isao,島勇夫,[name order] normalised to the dataset's given-name-first convention (208 of 240 two-part Japanese names use it); Japanese order kept in name_romaji,proposed
J0023,Katsuyuki Shimabukuro,Shimabukuro Katsuyuki,島袋勝之,[name order] normalised to the dataset's given-name-first convention (208 of 240 two-part Japanese names use it); Japanese order kept in name_romaji,proposed
J0048,Tsuneo Shimabukuro,Shimabukuro Tsuneo,島袋常雄,[name order] normalised to the dataset's given-name-first convention (208 of 240 two-part Japanese names use it); Japanese order kept in name_romaji,proposed
J0003,Anyu Shinjo,Shinjo Anyu,新城安勇,[name order] normalised to the dataset's given-name-first convention (208 of 240 two-part Japanese names use it); Japanese order kept in name_romaji,proposed
J0037,Yoshio Taira,Taira Yoshio,平良吉雄,[name order] normalised to the dataset's given-name-first convention (208 of 240 two-part Japanese names use it); Japanese order kept in name_romaji,proposed
J0029,Tetsuo Takamiyagi,Takamiyagi Tetsuo,高宮城鉄男,[name order] normalised to the dataset's given-name-first convention (208 of 240 two-part Japanese names use it); Japanese order kept in name_romaji,proposed
J0007,Shintoku Takara,Takara Shintoku,高良信徳,[name order] normalised to the dataset's given-name-first convention (208 of 240 two-part Japanese names use it); Japanese order kept in name_romaji,proposed
J0009,Seiki Takushi,Takushi Seiki,澤岻政輝,[name order] normalised to the dataset's given-name-first convention (208 of 240 two-part Japanese names use it); Japanese order kept in name_romaji,proposed
A0212,Iken Tokashiki,Tokashiki Iken,渡嘉敷唯賢,[name order] normalised to the dataset's given-name-first convention (208 of 240 two-part Japanese names use it); Japanese order kept in name_romaji,proposed
W0006,Jugo Toma,Toma Jugo,,[name order] normalised to the dataset's given-name-first convention (208 of 240 two-part Japanese names use it); Japanese order kept in name_romaji,proposed
J0018,Yuko Tomimoto,Tomimoto Yuko,富本裕宏,[name order] normalised to the dataset's given-name-first convention (208 of 240 two-part Japanese names use it); Japanese order kept in name_romaji,proposed
J0030,Kiyoshi Tsuha,Tsuha Kiyoshi,津波清,[name order] normalised to the dataset's given-name-first convention (208 of 240 two-part Japanese names use it); Japanese order kept in name_romaji,proposed
J0022,Kōsei Wakugawa,Wakugawa Kōsei,湧川幸盛,[name order] normalised to the dataset's given-name-first convention (208 of 240 two-part Japanese names use it); Japanese order kept in name_romaji,proposed
J0046,Ikuo Yonamine,Yonamine Ikuo,与那嶺育孝,[name order] normalised to the dataset's given-name-first convention (208 of 240 two-part Japanese names use it); Japanese order kept in name_romaji,proposed
W0024,Isshun Yonamine,Yonamine Isshun,,[name order] normalised to the dataset's given-name-first convention (208 of 240 two-part Japanese names use it); Japanese order kept in name_romaji,proposed
