node_id,name,name_native,birth_year,death_year,styles,locality,wikipedia_url,reason,status
A0001,Hwang Kee,,1914,2002,tang-soo-do|soo-bahk-do|korean-martial-arts,,https://en.wikipedia.org/wiki/Hwang_Kee,"[island research] Founder of the Moo Duk Kwan and of Tang Soo Do Moo Duk Kwan / Soo Bahk Do; required as the bridge node: documented teacher of Shin Jae-chul (who taught Chuck Norris), and claimed student of Won Kuk Lee at the Chung Do Kw",proposed
A0002,Werner Schenker,,,,kyokushin,,,"[island research] Andy Hug's first and formative Kyokushin karate teacher at the Wohlen karate school in Switzerland, explicitly named in Hug's Wikipedia biography. Swiss Kyokushin instructor; no Wikipedia article of his own and no docume",proposed
A0003,Nam Tae-hi,,1929,2013,taekwondo|tang-soo-do|korean-martial-arts,,https://en.wikipedia.org/wiki/Nam_Tae-hi,"[island research] Bridge person: Chung Do Kwan senior under Won Kuk Lee, co-founder of the Oh Do Kwan with Choi Hong-hi (Q356335, already in tree) and described as Choi's right-hand man, and the documented instructor of Jhoon Rhee. Not pr",proposed
A0004,T'ung Gee Hsing,,,,kung-fu|shuri-te|kenpo,,,"[island research] Trias's primary claimed teacher (xingyiquan and Shuri karate kempo, Tulagi 1944) and the traditional bridge to Motobu Choki via Kume Mura. No standalone Wikipedia article; covered within the Robert Trias and Shuri-ryu ar",proposed
A0005,William J. Dometrich,,1935,2012,chito-ryu,,https://en.wikipedia.org/wiki/William_J._Dometrich,"[island research] American Chito-ryu pioneer, direct student of founder Tsuyoshi Chitose from 1952 in Kyushu, founder of the United States Chito-ryu Karate Federation; documented teacher of Vic Moore, giving the island a second, well-docu",proposed
A0006,Frank Ruiz,,1934,1995,goju-ryu|nisei-goju|karate-generic,,,"[island research] Co-founder of the Nisei Goju-Ryu system (1969), student of Peter Urban and teacher of Ron van Clief; needed as bridge for the documented Urban -> Ruiz -> van Clief chain. Documented via Nisei Goju organisation biography ",proposed
A0007,Shu Shiwa (Zhou Zihe),,1874,1926,pangai-noon|kung-fu|chinese-martial-arts,,,"[lineage completion] Kanbun Uechi's documented teacher in Fuzhou, China; essential to root the Uechi-ryu line. Dates per the Uechi-ryu Europe chronology; teaching relationship per Wikipedia (Kanbun Uechi, Uechi-ryu articles).",proposed
A0008,Seiyu Shinjo,,1929,1981,uechi-ryu,,,"[lineage completion] Second-generation Shinjo: student of Kanbun Uechi (from 1939) and listed student of Kanei Uechi; father and teacher of orphan Kiyohide Shinjo (Q6418995) and teacher of Tsutomu Nakahodo (C00628), so the documented chains ",proposed
A0009,Seiko Toyama,,1928,2009,uechi-ryu,,,"[lineage completion] Last surviving Wakayama-era direct student of Kanbun Uechi (from 1938), senior under Kanei Uechi, founder of the Uechi-ryu Zankyokai, and a named teacher of Tsutomu Nakahodo. Sources: en.wikipedia.org/wiki/Kanbun_Uechi, ",proposed
A0010,Shinyu Gushi,,,2012,uechi-ryu|pangai-noon,,,[lineage completion] Notable student listed in Kanei Uechi's Wikipedia infobox and explicitly documented student of Saburo Uehara (IUKF biography) and Seiyu Shinjo; founder of the RyuKoKaku line in the USA; died November 2012 per IUKF obitua,proposed
A0011,An'ichi Miyagi,,1931,2009,goju-ryu,,,"[lineage completion] Needed to complete the documented chain Chojun Miyagi -> An'ichi Miyagi -> Morio Higaonna (Q2599967, connected). Trained at Miyagi's garden dojo 1948-1953 (per IOGKF and Wikipedia's Chojun Miyagi student list; extent dis",proposed
A0012,Juhatsu Kyoda,,1887,1968,toon-ryu|naha-te|goju-ryu,,https://en.wikipedia.org/wiki/Juhatsu_Kyoda,"[lineage completion] Founder of To'on-ryu and the most senior student of Kanryo Higaonna (entered the dojo in 1902, one month before Chojun Miyagi, and stayed until Higaonna's death); also an early teacher of Kanki Izumigawa (Q16006586). Abs",proposed
A0013,Ken Miyagi,,1931,2003,,,,[lineage completion] Specifically requested by the researcher. Verified: Ken was Chojun Miyagi's fourth son (b. 1931; d. 2003 per an interview with his son Toru Miyagi at https://karateresearch.com/2025/11/18/remembering-miyagi-chojun-a-conv,proposed
A0014,Tetsuji Nakamura,,1965,,goju-ryu|karate-generic,,,"[lineage completion] IOGKF World Chief Instructor since 2012, Higaonna's designated successor. Not in either roster (the Nakamura orphans are unrelated manual entries).",proposed
A0015,Kazuo Terauchi,,,,goju-ryu|uechi-ryu|karate-generic,,,"[lineage completion] Senior IOGKF instructor (9th dan), student of Higaonna from the Yoyogi dojo, TOGKF Technical Advisor. Not in either roster. Birth year not found in consulted sources.",proposed
A0016,Bakkies Laubscher,,1948,,goju-ryu|karate-generic,,,"[lineage completion] Higaonna's most senior Western student (9th dan), pioneer of Okinawan Goju-ryu in South Africa, TOGKF Vice Chief Instructor. Not in either roster.",proposed
A0017,Sakugawa Kangi,,1733,1815,te|shuri-te|chuan-fa,,https://en.wikipedia.org/wiki/Sakugawa_Kanga,"[lineage completion] The documented 'second Sakugawa': father of Kanga Sakukawa (Q921673). Wikipedia's Sakugawa and Takahara articles, and the KishimotoDi lineage, route the Takahara/Kusanku transmission through him ('Takahara... was the fir",proposed
A0018,Tachimura no Peichin,,1814,1899,shuri-te|te,,,"[lineage completion] 'Bushi' Tachimura, listed on Wikipedia's Sakugawa Kanga page as a notable student and recorded in the KishimotoDi lineage (ilpracticalkarate.com, karateobsession.com) as Sakugawa Kanga's student, contemporary of Matsumur",proposed
A0019,Seiyu Oyata,,1928,2012,okinawa-kenpo|ryukyu-kempo|ryu-te|okinawan-kobudo,,https://en.wikipedia.org/wiki/Ry%C5%AB-te,"[lineage completion] Founder of Ryu-te and populariser of tuite/kyusho in the West; explicitly requested in the brief. Documented student of Shigeru Nakamura (orphan Q38585428) and of Seikichi Uehara, so he is needed to wire the Okinawa Kenp",proposed
A0020,Shian Toma,,1929,2013,seidokan|shorin-ryu|motobu-udundi|okinawan-kobudo,,https://en.wikipedia.org/wiki/Okinawa_Seidokan,"[lineage completion] Founder of Okinawa Seidokan (1984), named in the brief; documented student of Zenryo Shimabukuro, Shigeru Nakamura, Seiki Toma and Seikichi Uehara, and the first to teach Motobu-ryu toide outside Okinawa. Needed to ancho",proposed
A0021,Seiki Toma,,1922,2007,shorin-ryu|okinawan-kobudo|seidokan|tozan-ryu,,,"[lineage completion] Documented teacher of both Seikichi Odo (per Odo's Wikipedia article) and Shian Toma, and of orphan Masanobu Kikukawa (Q6782576, per his Wikipedia article); ran the original Seidokan dojo. Sometimes romanised Seikichi To",proposed
A0022,Katsunori Tsuyama,,1936,,shotokan,,,"[lineage completion] Essential missing hub: long-time head coach of Takushoku University karate and JKA instructor, student of Nakayama, called the 'master of the masters'; needed to wire orphans Tatsuya Naka, Masao Kawasoe and Takemasa Okuy",proposed
A0023,Hiroyasu Fujishima,,1941,,shotokan,,,[lineage completion] JKA/SKIF 8th dan instructor in Los Angeles and 1970 WUKO US team coach; needed as the only documented instructor connection for orphan Shinobu Ichiyanagi (link graded low).,proposed
A0024,Sokuichi Gibu,,1941,,shorin-ryu|shorin-ryu-shorinkan|kobayashi-shorin-ryu,,,"[lineage completion] Essential intermediate: documented senior student of Shugoro Nakazato (Shorinkan vice-president, first Shorinkan 8th dan, founder of Okinawa Shorin-ryu Butokukan, 1991) and the documented teacher of orphan Masanobu Kikuk",proposed
A0025,Tsuken Shosoku Oyakata,,,,okinawan-kobudo,,,"[lineage completion] Chikin (Tsuken) Shosoku Oyakata, bojutsu expert of the Ryukyu court exiled to Tsuken-jima; required as the documented (traditional) teacher of orphan C00626 Tsuken Akachu in the eku-jutsu origin story. No Wikipedia artic",proposed
A0026,Yoshimi Inoue,,1946,2015,shito-ryu,,,"[lineage completion] Founder of Inoue-ha Shito-ryu Keishin-kai (2004), legendary Japan national kata coach; needed to wire Rika Usami (Q11449100) into the tree via Teruo Hayashi's Hayashi-ha line. Sources: http://findingkarate.com/wordpress/",proposed
A0027,Katsuoh Yamamoto,,1938,2017,chito-ryu|yoshukai,,https://en.wikipedia.org/wiki/Yoshukai_Karate,[lineage completion] Founder of Yoshukai Karate; top student of Tsuyoshi Chitose (Q135222893) and teacher of Michael G. Foster (Q6830460); required to complete the documented Chitose-to-Foster chain. Sources: https://www.usadojo.com/katsuoh-,proposed
A0028,Chosei Motobu,,1925,,motobu-ryu|motobu-udundi|karate-generic,,https://en.wikipedia.org/wiki/Motobu-ry%C5%AB,"[kojo-motobu-ryuei] Third son of Motobu Choki; trained under his father 1938-1942, under his cousin Chomei after WWII, and under Seikichi Uehara from 1976; second Soke of Motobu-ryu (Motobu Kenpo) and 14th Soke of Motobu Udundi from 2003. E",proposed
A0029,Motobu Choshin,,,,motobu-udundi|te,,https://en.wikipedia.org/wiki/House_of_Motobu,[kojo-motobu-ryuei] 9th head of the House of Motobu (Motobu Aji Choshin) and father of Choyu and Choki; documented as teaching Choyu the family art Motobu Udundi from age six. Essential to complete Choyu's teacher chain. Dates not given in ,proposed
A0030,Sakuma Pechin,,,,shuri-te|te,,,"[kojo-motobu-ryuei] One of Motobu Choki's four documented teachers, instructing him in kakidi (old-style kumite); named on Choki's Wikipedia article. Dates unknown. Source: https://en.wikipedia.org/wiki/Motobu_Ch%C5%8Dki",proposed
A0031,Joki Uema,,,,kobayashi-shorin-ryu|shorin-ryu-shubukan,,,"[branch completion] Founder of Shorin-ryu Shubukan, direct student of Chibana Choshin, Hanshi 10th dan; head of one of the four main Kobayashi branches, missing from both rosters.",proposed
A0032,Yasuhiro Uema,,,,kobayashi-shorin-ryu|shorin-ryu-shubukan,,,"[branch completion] Second-generation head of Shorin-ryu Shubukan, son and student of founder Joki Uema, chairman of Okinawa Shubukan.",proposed
A0033,Takeshi Uema,,,,kobayashi-shorin-ryu|shorin-ryu-shubukan,,,"[branch completion] Third-generation and current head of Shorin-ryu Shubukan, trained by his father Yasuhiro and grandfather Joki Uema.",proposed
A0034,Oscar Higa,,1945,,shorin-ryu-kyudokan|kobayashi-shorin-ryu,,https://it.wikipedia.org/wiki/Oscar_Higa,"[branch completion] 10th dan, World Technical Director / head of the World Shorin-ryu Kyudokan Higa-te Federation; son of Jintatsu Higa and student of his uncle Yuchoku Higa; spread Kyudokan to over 30 countries.",proposed
A0035,Benito Higa,,,,shorin-ryu-kyudokan|kobayashi-shorin-ryu,,,[branch completion] Son and student of Jintatsu Higa; credited on Wikipedia's Kyudokan page with establishing Kyudokan branches across South America.,proposed
A0036,Doug Perry,,,,shorin-ryu-shorinkan|kobayashi-shorin-ryu,,,"[branch completion] Hanshi, Shorinkan North American representative; trained directly under Shugoro Nakazato from 1981, promoted 9th dan by him in 2009, first non-Okinawan at that rank in the organisation.",proposed
A0037,Noel Smith,,,,shorin-ryu-shorinkan|kobayashi-shorin-ryu,,,[branch completion] One of Shorinkan's 'Original 7' who brought the style to America; trained directly under Shugoro Nakazato in the early 1960s; senior US Shorinkan teacher named on Wikipedia.,proposed
A0038,Eddie Bethea,,,,shorin-ryu-shorinkan|kobayashi-shorin-ryu,,,[branch completion] One of Shorinkan's 'Original 7'; trained directly under Shugoro Nakazato from the early 1960s; named on both the Nakazato and Shorinkan Wikipedia pages.,proposed
A0039,Kazumasa Yokoyama,,,,shorin-ryu-shorinkan|kobayashi-shorin-ryu,,,[branch completion] Named on Wikipedia's Shugoro Nakazato page as one of his notable students (Shorinkan).,proposed
A0040,Pat Nakata,,,2013,kobayashi-shorin-ryu|shorin-ryu,,,[branch completion] Direct student of Chibana Choshin in Okinawa; founded the Okinawa Shorin Ryu Karate Association of Hawaii in 1963; prominent Kobayashi lineage holder documented in Classical Fighting Arts and multiple interviews.,proposed
A0041,Yoshihide Shinzato,,,,kobayashi-shorin-ryu|shorin-ryu,,,[branch completion] Listed on Wikipedia's Chibana Choshin page among his notable students; pioneer of Kobayashi Shorin-ryu in Brazil.,proposed
A0042,Zenshun Shimabukuro,,,,Shorin-ryu Seibukan,,,"[branch completion] Eldest son of Zenpo Shimabukuro, instructor at the Seibukan Hombu Dojo and Ozato Dojo, designated next head of Shorin-ryu Seibukan.",proposed
A0043,Zenji Shimabukuro,,,,Shorin-ryu Seibukan,,,[branch completion] Nephew of founder Zenryo Shimabukuro and one of his core students; senior figure of Seibukan named on Zenryo's Wikipedia page.,proposed
A0044,Dan Smith,,,,Shorin-ryu Seibukan,,,"[branch completion] Hanshi 9th dan, President of Seibukan USA, over 40 years under Zenpo Shimabukuro, one of only two non-Okinawan Hanshi in Seibukan; brought Seibukan to the United States.",proposed
A0045,Walter Dailey,,,,Shorin-ryu Seibukan,,,[branch completion] American serviceman student of Zenryo Shimabukuro and pioneer of Seibukan Shorin-ryu in the United States (Philadelphia).,proposed
A0046,Isamu Tamotsu,,1919,,Shorinji-ryu Renshinkan,,,"[branch completion] Founder (Shodai Soke) of Shorinji-ryu Renshinkan, established in Kagoshima on 8 November 1955; trained under Zenryo Shimabukuro and Joen Nakazato in the Kyan line.",proposed
A0047,Iwao Tamotsu,,,2016,Shorinji-ryu Renshinkan,,,[branch completion] Son of Isamu Tamotsu; second Soke (Nidaime) of Shorinji-ryu Renshinkan from May 2000 until his death in November 2016.,proposed
A0048,Yuzo Tamotsu,,,,Shorinji-ryu Renshinkan,,,"[branch completion] Third Soke (Sandaime) and current Grand Master of Shorinji-ryu Renshinkan, 10th degree black belt.",proposed
A0049,Hitoshi Oyakawa,,,,Shorinji-ryu,,,"[branch completion] Head of Okinawa Karate-do Shorinji-ryu Shinkokai (Nishihara Dojo), direct student of Joen Nakazato, preserving the Kyan-to-Nakazato kata transmission.",proposed
A0050,Eiko Shimabukuro,,,,Shobayashi Shorin-ryu,,,"[branch completion] Son of Eizo Shimabukuro, 10th dan, ran the Koza City branch dojo and is the presumed head of Shobayashi Shorin-ryu since Eizo's death in 2017.",proposed
A0051,Bill Hayes,,,,Shobayashi Shorin-ryu,,,"[branch completion] Senior American student of Eizo Shimabukuro (US Marine, trained on Okinawa from the 1960s), leader of the Shobayashi Kan study and preservation group and key transmitter of Shobayashi-ryu in the United States.",proposed
A0052,Matt Larsen,,,,Shobayashi Shorin-ryu,,,"[branch completion] Founder of the US Army Modern Combatives programme; listed as a karate student of Eizo Shimabukuro (low-confidence single source, included dashed).",proposed
A0053,Chotoku Omine,,1929,1975,matsubayashi-ryu,,,"[branch completion] Senior student of Shoshin Nagamine from 1947 and head instructor of the Nagamine Kodokan dojo; sent to the US in 1969 as head instructor for the American organisation, founded the Omine dojo in San Bruno, California in 1",proposed
A0054,Kensei Taba,,1933,2012,matsubayashi-ryu|shogen-ryu,,,"[branch completion] Hanshi 10th dan, senior Nagamine student, head of the Matsubayashi-ryu organisation at Nagamine's death and first WMKA president; left to found Okinawa Shogen-ryu (c. 1999-2001), named in honour of Shoshin Nagamine. Year",proposed
A0055,Yoshitaka Taira,,,,matsubayashi-ryu,,,"[branch completion] Hanshi 10th dan, direct student of Shoshin Nagamine, WMKA president since 2012 and head of the Kodokan Taira honbu dojo in Urasoe; also president of the Okinawa Prefecture Karatedo Association. Sources: http://matsubayas",proposed
A0056,Toshimitsu Arakaki,,,,matsubayashi-ryu,,,"[branch completion] Direct student of Shoshin Nagamine, elected WMKA vice-president after Takayoshi Nagamine's death in 2012, now co-leader of the WMKA. Sources: https://en.wikipedia.org/wiki/Takayoshi_Nagamine, https://en.wikipedia.org/wik",proposed
A0057,James Wax,,,,matsubayashi-ryu,,,"[branch completion] American serviceman who trained at Nagamine's Naha dojo, reported as the first American black belt in Matsubayashi-ryu; brought the style to Dayton, Ohio in 1959 and sponsored Ansei Ueshiro's 1962 visa. Sources: https://",proposed
A0058,Frank Grant,,1933,2019,matsubayashi-ryu,,,"[branch completion] Hanshi 10th dan, student of James Wax (1959), Ansei Ueshiro and Chotoku Omine, graded before Shoshin Nagamine; chaired the World Shorin-Ryu Karate-Do Federation, leading US Matsubayashi lineage. Sources: https://www.mats",proposed
A0059,Robert Scaglione,,,,matsubayashi-ryu,,,"[branch completion] Hanshi 10th dan, black belt under Ansei Ueshiro, founder of the Manhattan honbu (1977), hand-picked by Ueshiro to head Ueshiro Shorin-Ryu Karate USA after 2002. Sources: https://www.shorinryu.com/about-hanshi-scaglione, ",proposed
A0060,Terry Maccarrone,,,,matsubayashi-ryu,,,[branch completion] Shihan of the Hegashi (St James) dojo on Long Island within Ueshiro's Shorin-Ryu Karate USA; teacher of Robert Scaglione. Sources: https://www.shorinryu.com/about-hanshi-scaglione,proposed
A0061,Joseph Carbonara,,,,matsubayashi-ryu,,,"[branch completion] East Northport, New York dojo head who hosted Chotoku Omine as instructor after 1969; direct student under Soke Takayoshi Nagamine per SRKDI lineage, teacher of Jerry Figgiani. Sources: https://ominekarate.com/?p=240, ht",proposed
A0062,Jerry Figgiani,,,,matsubayashi-ryu,,,"[branch completion] 9th dan, student of Joseph Carbonara who also trained with Takayoshi Nagamine; founder and president of Shorin Ryu Karate Do International (2009), continuing the Nagamine lineage internationally. Sources: https://srkdi.o",proposed
A0063,Masao Shima,,,,matsubayashi-ryu,,,[branch completion] Okinawan dojo head described as one of the most important students of Shoshin Nagamine; first teacher of Eihachi Ota. Sources: https://okinawanshorinryuindia.com/Ota%20Eihachi.html,proposed
A0064,Eihachi Ota,,,,matsubayashi-ryu|okinawan-kobudo,,,"[branch completion] Hanshi 10th dan, student of Masao Shima and of Nagamine at the home dojo; moved to the US in 1969, teaching Matsubayashi Shorin-ryu in Los Angeles since 1973, described as the highest-ranking practitioner outside Okinawa",proposed
A0065,Takaya Yabiku,,,,Matsumura Seito Shorin-ryu|Konan-ryu|Okinawan kobudo,,,[branch completion] Senior student of Hohan Soken (twenty years) and founder of the Matsusokan branch of Matsumura Seito; blended Gokenki's white crane material into Konan-ryu.,proposed
A0066,Yuichi Kuda,,1928,1999,Matsumura Kenpo Shorin-ryu|Okinawan Kenpo|Okinawan kobudo,,,[branch completion] Student of Shigeru Nakamura (Okinawan Kenpo) then Hohan Soken; founded Matsumura Kenpo Shorin-ryu Karate Kobudo Association.,proposed
A0067,Tomosada Kuda,,1950,,Matsumura Kenpo Shorin-ryu|Okinawan kobudo,,,"[branch completion] Son and successor of Yuichi Kuda; president of the All Okinawa Shorin Ryu Matsumura Karate and Kobudo Association and head of the Kobukan dojo, Urasoe.",proposed
A0068,Isao Kise,,1957,2025,Matsumura Seito Shorin-ryu|Kenshinkan|Okinawan kobudo,,,[branch completion] Son and designated successor of Fusei Kise; 10th dan and president (kaicho) of the All Okinawan Shorin Ryu Matsumura Seito Kenshin Kan Karate and Kobudo Federation.,proposed
A0069,Seizan Kinjo,,,,Matsumura Seito Shorin-ryu,,,[branch completion] Senior Matsumura Seito student under Hohan Soken and Fusei Kise (listed as Seizen Kinjo on Wikipedia); primary instructor of Ronald Lindsey in Okinawa.,proposed
A0070,Ronald Lindsey,,1945,2023,Matsumura Seito Shorin-ryu|Okinawan kobudo,,,"[branch completion] American Matsumura Seito pioneer in Texas, 10th dan hanshi; author of Okinawa no Bushi no Te; held certificates from Soken, Kise, Kuda and Yabiku.",proposed
A0071,James Coffman,,,,Matsumura Seito Shorin-ryu,,,[branch completion] Listed among Hohan Soken's senior students on Wikipedia; one of Soken's early American students and a Matsumura Seito pioneer in the USA.,proposed
A0072,Nobutake Shingake,,,,Okinawan karate,,,"[branch completion] Okinawan teacher under whom Fusei Kise received shodan in 1955, per Kise's official biography; single-tradition source.",proposed
A0073,Giuseppe Meloni,,,,Matsumura Seito Shorin-ryu,,,"[branch completion] Officially recognised successor of Nishihira Kosei for Europe (Wikipedia, Nishihira Kosei article); carries the orthodox Matsumura Seito transmission in Italy.",proposed
A0074,Ricky Rose,,,,Matsumura Seito Shorin-ryu,,,[branch completion] Officially recognised successor of Nishihira Kosei for the USA; also listed among Hohan Soken's senior and notable students on Wikipedia.,proposed
A0075,Theodore Lange,,,,Matsumura Seito Shorin-ryu,,,[branch completion] Officially recognised successor of Nishihira Kosei for Australia; also listed among Hohan Soken's senior students on Wikipedia.,proposed
A0076,Steve Watson,,,,Matsumura Seito Shorin-ryu,,,[branch completion] Officially recognised successor of Nishihira Kosei (Australia) per the Wikipedia Nishihira Kosei article.,proposed
A0077,Richard Boyden,,,,Matsumura Seito Shorin-ryu,,,[branch completion] Officially recognised successor of Nishihira Kosei per the Wikipedia Nishihira Kosei article.,proposed
A0078,Chojiro Tani,,1921,1998,tani-ha-shito-ryu|shukokai|shito-ryu|goju-ryu,,https://en.wikipedia.org/wiki/Ch%C5%8Djir%C5%8D_Tani,[branch completion] Founder of Tani-ha Shito-ryu (Shukokai); received certificate of succession from Kenwa Mabuni in 1946.,proposed
A0079,Shigeru Kimura,,1941,1995,shukokai|tani-ha-shito-ryu|shito-ryu,,,"[branch completion] Tani's most senior student; spread Shukokai to Africa, Europe and the US; head of Kimura Shukokai worldwide until his death.",proposed
A0080,Haruyoshi Yamada,,,,shukokai|tani-ha-shito-ryu|shito-ryu,,,[branch completion] 9th dan hanshi; inaugural head of the Shito-ryu Shukokai Karate-do Union founded 28 June 1998 after Tani's death.,proposed
A0081,Eddie Daniels,,,,shukokai|shito-ryu,,,"[branch completion] Senior Kimura student; head of Shukokai Karate Federation, one of four co-leaders of Kimura's organisation after 1995.",proposed
A0082,Bill Bressaw,,,,shukokai|shito-ryu,,,[branch completion] Senior Kimura student; head of the American Shukokai Karate Union.,proposed
A0083,Chris Thompson,,,,shukokai|shito-ryu,,,[branch completion] Senior Kimura student; co-leader of Kimura Shukokai International.,proposed
A0084,Lionel Marinus,,,,shukokai|shito-ryu,,,[branch completion] Senior Kimura student (South Africa); co-leader of Kimura Shukokai International.,proposed
A0085,Sadaaki Sakagami,,1942,,itosu-ryu|shito-ryu|ryukyu-kobudo,,,[branch completion] Son of Ryusho Sakagami; 4th Itosu-ryu soke and president of Japan Karatedo Itosu-kai from 30 April 1994.,proposed
A0086,Seiko Suzuki,,,,shito-ryu,,,"[branch completion] Notable Sakagami disciple; founder of Seiko-kai Shito-ryu, Tokyo.",proposed
A0087,Kei Tsumura,,,,shito-ryu|itosu-ryu,,,[branch completion] Notable Sakagami disciple; founded Shito-ryu Itosu-kai Canada in 1969.,proposed
A0088,Akio Minakami,,1948,,hayashi-ha-shito-ryu|shito-ryu,,https://en.wikipedia.org/wiki/Akio_Minakami,"[branch completion] President of US Hayashi-ha Shitoryu-kai, 8th dan, leading carrier of Teruo Hayashi's lineage in North America.",proposed
A0089,Chuzo Kotaka,,1941,,kotaka-ha-shito-ryu|shito-ryu|shukokai,,,[branch completion] 1962 All Japan champion from the Seishinkai line; founded the International Karate Federation Hawaii and Kotaka-ha Shito-ryu in 1966; teacher of Akio Minakami.,proposed
A0090,Kenyu Mabuni,,1951,,shito-ryu,,,[branch completion] Eldest son of Kenei Mabuni; inaugurated 3rd soke of Shito-ryu in Osaka on 28 February 2016.,proposed
A0091,Tsukasa Mabuni,,,,shito-ryu|seito-shito-ryu,,,"[branch completion] Eldest daughter of Kenzo Mabuni; announced 3rd soke of Seito Shito-ryu in Osaka, July 2005.",proposed
A0092,Genzo Iwata,,1958,,shito-ryu,,,[branch completion] Son of Manzo Iwata; president of the World Shitoryu Karate Federation (Shito-kai).,proposed
A0093,William H. Price,,,,motobu-ha-shito-ryu|kuniba-ryu|shito-ryu,,,[branch completion] Named second soke of Kuniba-ryu Karate-do and Goshindo by Shogo Kuniba on 16 March 1992.,proposed
A0094,Kozo Kuniba,,,,motobu-ha-shito-ryu|shito-ryu,,,"[branch completion] Son of Shogo Kuniba; head of Kuniba-kai, established in Japan in 1999.",proposed
A0095,Kazutaka Otsuka (Hironori Otsuka III),,1965,,wado-ryu,,,[branch completion] Grandson of the founder and current (3rd) grandmaster of Wado-ryu since 2015; named in the Wado-ryu Wikipedia article as Jiro Otsuka's son and successor. Needed to bring the Otsuka family line to the present head.,proposed
A0096,Hideho Takagi,,1942,2018,wado-ryu,,,[branch completion] Direct student of Hironori Otsuka at Nihon University; chairman of the JKF Wadokai Technical Committee and the organisation's highest technical authority for about thirty years; 8th dan. Documented in the WKSI obituary.,proposed
A0097,Yoshiaki Ajari,,1933,,wado-ryu|goju-ryu,,,"[branch completion] Otsuka's student at Meiji University who pioneered Wado-ryu on the US West Coast from 1957, founded the US Wadokai Karatedo Federation, and made the 1965 legacy films with Otsuka. Named in the Wado-ryu Wikipedia article ",proposed
A0098,Masafumi Shiomitsu,,1940,,wado-ryu|shorin-ryu,,https://fr.wikipedia.org/wiki/Masafumi_Shiomitsu,"[branch completion] 9th dan Hanshi; Otsuka's Nihon University student sent abroad in 1965, central to Wado-ryu's European expansion, founder and head of the worldwide Wado-Ryu Karate-Do Academy (1989).",proposed
A0099,Jon Wicks,,,,wado-ryu,,,"[branch completion] Tatsuo Suzuki's student and appointed successor; WIKF World Chief Instructor since 2009/2011, 8th dan awarded by Suzuki. Current head of the WIKF branch, per the official WIKF site.",proposed
A0100,Denis Labbé,,,,wado-ryu,,,"[branch completion] Shintani's named successor and President of the Shintani Wado Kai Karate Federation (Canada's largest Wado organisation) since 2000; 9th dan, per shintani.ca.",proposed
A0101,Ron Mattie,,,,wado-ryu,,,"[branch completion] Long-time Shintani student appointed SWKKF Chief Instructor after Shintani's death in 2000; 9th dan, per shintani.ca.",proposed
A0102,Hajimu Takashima,,,,wado-ryu,,,"[branch completion] Third of the senior instructors Otsuka dispatched in 1963 with Suzuki and Arakawa to spread Wado-ryu internationally, named in the Wado-ryu and Toru Arakawa Wikipedia articles.",proposed
A0103,Akira Kitagawa,,,,shorin-ryu,,,"[branch completion] Masaru Shintani's first karate teacher (Shorin-ryu, roughly 20 years from the early 1940s in Canada), named in Shintani's Wikipedia biography; explains Shintani's pre-Wado lineage.",proposed
A0104,Roy J. Hobbs,,,,Seidokan|Shorin-ryu,,,"[branch completion] Col. (USAF ret.) Roy Jerry Hobbs, 10th dan Hanshi Shorin-ryu Karate and Kobudo; Shian Toma's most senior/prolific student, President of the Seidokan Shihan Kai, direct student of both Toma Shian and Toma Seiki; founded t",proposed
A0105,Ron Nix,,1958,,Seidokan|Shorin-ryu|Okinawan kobudo,,,"[branch completion] Okinawa Seidokan senior (9th dan from Shian Toma), President of the Ryukoku Seidokan Karate Kobudo Renmei (RSKKR, founded 2008) and International Ambassador; runs the Nix Seidokan Dojo in Okinawa City, RSKKR internationa",proposed
A0106,Stephen Chan,,1949,,Seidokan|Shorin-ryu|Jindokai,,https://en.wikipedia.org/wiki/Stephen_Chan_(academic),"[branch completion] Professor of World Politics at SOAS and Seidokan master: 7th dan/Shihan from Shian Toma, 8th dan/Kyoshi from Seiki Toma, 9th dan/Hanshi from Roy Hobbs; pioneered Seidokan in Zambia (1981-85) and founded the Jindokai orga",proposed
A0107,Shigemitsu Tamae,,1950,,Seidokan|Okinawan kobudo,,,[branch completion] Second headmaster of Okinawa Seidokan from May 2013 on Shian Toma's death; Toma's student since 1963; heads the Okinawa Seidokan Karate Kobudo Renmei from his Yomitan dojo. This is the 'Tamai' 10th dan the owner asked ab,proposed
A0108,John E. Kennedy,,,,Seidokan,,,"[branch completion] Senior Shian Toma student who brought Seidokan to the United States; promoted to 9th dan by Toma in 2001 (Wikipedia, Okinawa Seidokan).",proposed
A0109,Allen Tackett,,,,Seidokan,,,[branch completion] Seidokan 9th dan listed among Shian Toma's senior students on the Okinawa Seidokan Wikipedia article.,proposed
A0110,Glenn Capistrant,,,,Seidokan,,,[branch completion] Seidokan 9th dan listed among Shian Toma's senior students on the Okinawa Seidokan Wikipedia article.,proposed
A0111,C. Michial Jones,,,,Seidokan,,,[branch completion] Graded Shihan by Shian Toma and Kyoshi by Roy Hobbs in Seidokan Karate and Kobudo; founded the International Karate Kobudo Kyokai (2016) to further Toma's teachings; co-authored the 2002 Seidokan history with Hobbs.,proposed
A0112,Larry Isaac,,,,Okinawa Kenpo|Okinawan kobudo,,,"[branch completion] Hanshi, 10th dan Okinawa Kenpo Karate-Kobudo (Jacksonville NC), retired US Marine; explicitly asked about by the owner. Documented teachers are Eizo Shimabukuro, Fusei Kise, Seikichi Odo and Seifuku Nitta, NOT Shian Toma",proposed
A0113,Seifuku Nitta,,,,Okinawa Kenpo|Shorin-ryu,,,[branch completion] Okinawan grandmaster named by Shuriway as a student of Seiki Toma and by Larry Isaac's school as one of Isaac's four Okinawan teachers; needed to wire Isaac into the graph.,proposed
A0114,Ulf Karlsson,,,,kishimoto-di|shuri-te|taido,,,"[branch completion] Foremost KishimotoDi instructor outside Okinawa; first person granted a Shihan licence in the art by Bugeikan head Higa Kiyohiko; based in Sweden, trains at the Bugeikan on near-annual visits and teaches internationally.",proposed
A0115,Noah Legel,,,,kishimoto-di|shorin-ryu,,,[branch completion] First American authorised to teach KishimotoDi; student of Ulf Karlsson since 2014 and principal English-language documenter of the Bugeikan's Kishimoto-di line (Illinois Practical Karate).,proposed
A0116,Kijun Kishimoto,,,,te|karate-generic,,,"[branch completion] Higa Seitoku's first karate teacher (elementary-school years), named as 岸本喜順 in Higa's own 1966 essay preserved in the Motobu-ryu archive; distinct from Soko Kishimoto. Note: not the same as orphan C00217 Kazuo Kishimoto",proposed
A0117,Hiroshi Akamine,,1954,,ryukyu-kobudo|shorin-ryu,,,"[branch completion] Son and student of Eisuke Akamine; 3rd president of Ryukyu Kobudo Hozon Shinkokai, founded Ryukyu Kobudo Shimbukan in 2011; Hanshi 9th dan.",proposed
A0118,Hidemi Tamayose,,1949,,ryukyu-kobudo,,,[branch completion] Senior student of Eisuke Akamine; founded Ryukyu Kobudo Tesshinkan (1999); 10th dan Okinawa Ken Kobudo Renmei (2015).,proposed
A0119,Yukio Kuniyoshi,,,,ryukyu-kobudo,,,[branch completion] Senior student of Eisuke Akamine and current (4th) president of the Ryukyu Kobudo Hozon Shinkokai.,proposed
A0120,Kisho Inoue,,1954,,ryukyu-kobudo|yuishinkai,,,[branch completion] Son and successor of Motokatsu Inoue; president of the Ryukyu Kobujutsu Hozon Shinko Kai and Yuishinkai since 1993.,proposed
A0121,Seisho Itokazu,,1945,,matayoshi-kobudo,,,"[branch completion] Student of Matayoshi Shinpo; Kancho of the Matayoshi Kodokan 2002-2014, then founder of the Matayoshi Kobudo Shinbukai.",proposed
A0122,Zenei Oshiro,,1953,,matayoshi-kobudo|goju-ryu,,,"[branch completion] Student of Matayoshi Shinpo; 9th dan kobudo and Goju-ryu, head of Matayoshi kobudo in Europe (Academie Internationale de Kobudo d'Okinawa, France).",proposed
A0123,Tetsuhiro Hokama,,1944,,goju-ryu|matayoshi-kobudo|kenshikai,,,"[branch completion] 10th dan Hanshi, founder of Goju-ryu Kenshikai and of the world's first karate museum; kobudo student of Matayoshi Shinpo, Goju-ryu student of Seko Higa.",proposed
A0124,Yasushi Matayoshi,,1965,,matayoshi-kobudo,,,[branch completion] Only son of Matayoshi Shinpo; soke/spiritual head of the Matayoshi Kodokan since 1997 (succession rather than practising student).,proposed
A0125,Chinen Umikana,,1797,1881,yamanni-ryu|okinawan-kobudo,,,"[branch completion] Aka Aburaya Yamagusuku / Chinen Andaya Pechin; Yamane-ryu progenitor between Sakugawa and Chinen Sanda, uncle and teacher of Sanda Chinen.",proposed
A0126,Kiyoshi Nishime,,,,yamanni-ryu|shorin-ryu|okinawan-kobudo,,,"[branch completion] Student of Chogi Kishaba sent to the US in 1979; co-founder and current US director/chief instructor of the RBKD, 9th dan.",proposed
A0127,Kaishu Isa,,,,ufuchiku-kobujutsu|shorin-ryu,,,[branch completion] 3rd soke of Ufuchiku-den Ryukyu Kobujutsu (sokeship 1976 from Kina Shosei); 2nd president of the Ufuchiku-den Hozonkai from 1981.,proposed
A0128,Kiichi Nakamoto,,,,goju-ryu|ufuchiku-kobujutsu,,,"[branch completion] 10th dan Goju-ryu and 10th dan Ryukyu Dento Kobujutsu; student of Kina Shosei and Kyan Shinyei, president of the Ryukyu Dento Kobujutsu preservation body from 1997. Distinct from Masahiro Nakamoto (C00201).",proposed
A0129,Kantoku Izumikawa,,,,okinawan-kobudo|ufuchiku-kobujutsu,,,[branch completion] Ufuchiku-den student of Kina Shosei; cousin and first kobudo teacher of Senbukan Goju-ryu founder Kanki Izumigawa.,proposed
A0130,Mamoru Nakamoto,,,,okinawan-kobudo|shorin-ryu,,,[branch completion] Son and student of Masahiro Nakamoto; senior instructor of the Bunbukan organisation.,proposed
A0131,Eiko Kaneshi,,,,isshin-ryu,,,[branch completion] Senior student and 'right-hand man' of Tatsuo Shimabuku from 1947-48; central figure in the founding of Isshin-ryu; Shinto priest.,proposed
A0132,Seiko Fukuchi,,1919,1975,goju-ryu,,,[branch completion] Senior student and assistant of Seko Higa at the Shodokan; opened his own Naha dojo in 1964; teacher of Tetsuhiro Hokama and Iken (Yuken) Tokashiki. Needed to complete the Shodokan lineage.,proposed
A0133,Eiki Kurashita,,,,goju-ryu,,,"[branch completion] Student of Seko Higa, founder of the Eikikan dojo; became president of the Goju-ryu Kokusai Karate Kobudo Renmei after Seikichi Higa's death in 1999.",proposed
A0134,Meitetsu Yagi,,1949,2024,goju-ryu|meibukan,,,"[branch completion] Younger son of Meitoku Yagi, vice-president of the Goju-ryu Meibukai from 1976, promoted to Hanshi Judan by his father in 2001.",proposed
A0135,Akihiro Yagi,,,,goju-ryu|meibukan,,,[branch completion] Son of Meitatsu Yagi and grandson of Meitoku; vice president of the Meibukan organisation alongside his brother Akihito.,proposed
A0136,Gosen Yamaguchi,,,1990,goju-kai|goju-ryu,,,"[branch completion] Second son of Gogen Yamaguchi (Kishio Gosen); taught Goju-Kai in San Francisco from 1963 and briefly succeeded his father as JKGA/IKGA president in 1989, dying in 1990 aged 49.",proposed
A0137,Ingo de Jong,,,,goju-kai|goju-ryu,,,"[branch completion] Hanshi 8th dan, IKGA vice president and head of Goju-Kai in Europe/Scandinavia (appointed by Gogen Yamaguchi in 1986); began under Paul Starling in Sydney.",proposed
A0138,Masanobu Shinjo,,1938,1993,goju-ryu|shobukan,,,"[branch completion] Founder of the Shobukan dojo (1963), Hanshi 10th dan, president of the Okinawa Goju-ryu Goju-kai from 1990; student of Seikichi Toguchi and Seko Higa. Some sources give birth year 1937.",proposed
A0139,Masashi Shinjo,,,,goju-ryu|shobukan,,,[branch completion] Eldest son of Masanobu Shinjo and current Kancho (head) of the Goju-ryu Shobukan association.,proposed
A0140,Takashi Shinjo,,,,goju-ryu|shobukan,,,"[branch completion] Youngest son of Masanobu Shinjo, vice president of the Shobukan association.",proposed
A0141,Yoshihiro Miyazato,,,,goju-ryu|jundokan,,,[branch completion] Son of Eiichi Miyazato and current Kancho of the Jundokan So-Honbu in Naha.,proposed
A0142,Tetsu Gima,,,,goju-ryu|jundokan,,,[branch completion] Noteworthy student of Eiichi Miyazato and current chief director of the Jundokan.,proposed
A0143,Tsuneo Kinjo,,,,goju-ryu|jundokan,,,[branch completion] Notable student of Eiichi Miyazato and permanent director of the Jundokan.,proposed
A0144,Kazuya Higa,,,,goju-ryu|jundokan,,,[branch completion] Prominent student of Eiichi Miyazato and permanent director of the Jundokan.,proposed
A0145,Katsuya Izumikawa,,,,goju-ryu|senbukan,,,"[branch completion] Second son of Kanki Izumikawa; third soke of the Senbukan from 1982, renamed it the International Karate-do Goju-ryu Senbukai in 2016 and still heads it.",proposed
A0146,Glaube Feitosa,,1973,,kyokushin,,https://en.wikipedia.org/wiki/Glaube_Feitosa,"[branch completion] Brazilian Kyokushin champion and K-1 World GP 2005 (Las Vegas) winner, trained from a young age under Seiji Isobe's Brazilian Kyokushin school; absent from both rosters.",proposed
A0147,Ewerton Teixeira,,1982,,kyokushin,,https://en.wikipedia.org/wiki/Ewerton_Teixeira,"[branch completion] Kyokushin world-level competitor and K-1 heavyweight from Isobe's Brazilian school, named as Isobe's student on Isobe's Wikipedia page; absent from both rosters.",proposed
A0148,Genshin Hironishi,,1913,1999,shotokai|shotokan,,,[branch completion] Also recorded as Motonobu Hironishi. Student of Gichin and Gigo Funakoshi and president of the Shotokai 1962-1995 (per the Shotokai Wikipedia article); a branch head missing from both rosters and needed to complete the S,proposed
A0149,Tadao Okuyama,,,,shotokan|shotokai,,,"[branch completion] Waseda-era Shotokan instructor documented on Mitsusuke Harada's Wikipedia page as a formative influence on Harada's Shotokai method; dates not reliably documented, edge drawn medium.",proposed
A0150,Son Duk-sung (Duk Sung Son),,1922,2011,taekwondo|tang-soo-do|korean-martial-arts,,https://en.wikipedia.org/wiki/Son_Duk-sung,"[branch completion] Second head of the Chung Do Kwan (1950-59), founder-president of the World Tae Kwon Do Association in New York and author of Korean Karate: The Art of Tae Kwon Do; named in the task brief and missing from both rosters.",proposed
A0151,Byung Jick Ro,,1919,2015,taekwondo|shotokan|korean-martial-arts,,https://en.wikipedia.org/wiki/Song_Moo_Kwan,"[branch completion] Founder of the Song Moo Kwan (1944), one of the five original kwans of taekwondo; Shotokan black belt under Funakoshi.",proposed
A0152,Yun Kwae-byung,,1922,2000,taekwondo|shudokan|shito-ryu|korean-martial-arts,,https://en.wikipedia.org/wiki/Yun_Kwae-byung,"[branch completion] First president of the Jidokwan and head of the Kanbukan dojo in Japan, a pioneer of full-contact bogu karate; named in the task brief.",proposed
A0153,Hwang Hyun-chul (H.C. Hwang),,1947,,tang-soo-do|soo-bahk-do|korean-martial-arts,,https://en.wikipedia.org/wiki/Hwang_Hyun-chul,"[branch completion] Son and formally designated successor of Hwang Kee as worldwide head of Soo Bahk Do Moo Duk Kwan (2002), 10th dan equivalent; named in the task brief.",proposed
A0154,Yoon Byung-in,,1920,1983,taekwondo|shudokan|chuan-fa|korean-martial-arts,,https://en.wikipedia.org/wiki/Yoon_Byung-in,"[branch completion] Founder of the YMCA Kwon Bop Bu (1946), forerunner of the Chang Moo Kwan; brought Shudokan karate and Manchurian chuan-fa to Korea.",proposed
A0155,Chun Sang-sup,,,,taekwondo|shotokan|korean-martial-arts,,https://en.wikipedia.org/wiki/Yun_Mu_Kwan,"[branch completion] Founder of the Chosun Yun Mu Kwan karate school (1946), forerunner of the Jidokwan; disappeared during the Korean War. Birth year inconsistently reported so left blank.",proposed
A0156,Uhm Woon-kyu,,1929,2017,taekwondo|korean-martial-arts,,https://en.wikipedia.org/wiki/Chung_Do_Kwan,"[branch completion] Long-time head of the Chung Do Kwan and president of the Kukkiwon until 2008, 10th dan and one of the most senior figures in taekwondo history.",proposed
A0157,Kim Ki-whang,,1920,1993,taekwondo|shudokan|tang-soo-do|korean-martial-arts,,https://en.wikipedia.org/wiki/Ki_Whang_Kim,"[branch completion] Shudokan 4th dan under Toyama, US Moo Duk Kwan chairman and 1988 US Olympic taekwondo team chairman; a key American taekwondo pioneer who trained over 25,000 students.",proposed
A0158,Steve Armstrong,,1931,2006,isshin-ryu,,,"[branch completion] One of Tatsuo Shimabuku's senior American students (10th dan), founder of the American Okinawan Karate Association and leading US Isshin-ryu pioneer alongside Nagle, Long and Mitchum; named in the task brief. No English ",proposed
A0159,Takaji Shimizu,,1896,1978,shinto-muso-ryu|nihon-kobudo,,https://en.wikipedia.org/wiki/Takaji_Shimizu,[branch completion] 25th headmaster of Shinto Muso-ryu jodo; needed to wire orphan Donn Draeger into the tree and independently documented as jodo teacher of the already-connected Shoji Nishio.,proposed
A0160,Michael Gneck,,,,shorin-ryu,,,[branch completion] Documented Shorin-ryu teacher of Bill 'Superfoot' Wallace (per Wallace's Wikipedia biography); added solely to give orphan Q862634 his sourced teacher edge.,proposed
A0161,Herbert Peters,,,,shorin-ryu,,,[branch completion] Documented Shorin-ryu teacher of tournament pioneer Mike Stone at Fort Chaffee (per Stone's Wikipedia biography); added solely to give orphan Q3857461 his sourced teacher edge.,proposed
A0162,Shionja,潮平親雲上,,,,,,"[wave4] Shionja Peichin of Shuri, named in tradition as one of Kusanku's three Okinawan students. His only near-contemporary documentation is the Oshima Hikki (1762), in which a Ryukyuan official aboard the ship stranded at Tosa",proposed
A0163,Jin'an Shinzato,新里仁安,,1945,goju-ryu|naha-te,,,[wave4] Miyagi Chojun's leading pre-war disciple whose 1930 Meiji Shrine demonstration led to the naming of Goju-ryu; died in WWII. Needed as the documented Naha-te teacher (from 1934) of Higa Yuchoku per ja.wikipedia.,proposed
A0164,Kinjo Ufuchiku,金城大筑,1834,1916,okinawan-kobudo,,,"[wave4] Sai master also rendered Kanagusuku Sanda; head of the Ufuchiku kobudo tradition. Documented (Motobu-ryu honbu notes, WEB Hiden) teacher of Kina Shosei (already in tree) and Yabiku Moden; wires the Ufuchiku line to its r",proposed
A0165,Choei Motobu,本部朝英,,,motobu-udundi,,,"[wave4] 6th head of the Motobu Udun family (Motobu Oji Choei, per ja.wikipedia 本部御殿); bridging node required to connect orphaned udundi heads Chokyu and Chosho in the traditional transmission chain.",proposed
A0166,Chotoku Inohama,伊野波朝徳,,,motobu-udundi,,,"[wave4] 7th head of the Motobu Udun family (Inohama Aji Chotoku, per ja.wikipedia 本部御殿); bridging node in the traditional udundi transmission chain between Choei and Chosho.",proposed
A0167,Motokuni Sugiura,杉浦初久二,1924,2015,shotokan,,,"[wave4] Second Chief Instructor (首席師範) of the Japan Karate Association, 1991-2010, between Masatoshi Nakayama and Masaaki Ueki; studied under Gichin Funakoshi and Gigo (Yoshitaka) Funakoshi. Documented on the JKA official site (",proposed
A0168,Eizo Onishi,,,,koei-kan|shudokan|toon-ryu,,,"[wave4] Founder of Koei-kan karate-do (style founded 1952, first dojo opened 2 April 1954 in Kanagawa). Documented pupil of Kanken Toyama (about ten years, 6th dan) and, on Toyama's recommendation, of Juhatsu Kyoda for Naha-te. ",proposed
A0169,Yasuhiro Chitose,,,,chito-ryu,,,"[wave4] Son of Tsuyoshi Chitose; trained under his father from early childhood and became 2nd generation Soke of Chito-ryu in August 1984, taking his father's name (Tsuyoshi Chitose II). Sources: https://en.wikipedia.org/wiki/Ts",proposed
A0170,Naoyuki Chitose,,,,chito-ryu,,,"[wave4] Grandson of the founder; received the Chito-ryu Soke title from his father Yasuhiro Chitose on 14 August 2023, becoming 3rd generation (Sandaime) Soke. Sources: https://usa-ickf.com/history and https://www.ickf.ca/histor",proposed
A0171,Ken Nishimura,西村拳,1995,,wado-ryu,,https://ja.wikipedia.org/wiki/%E8%A5%BF%E6%9D%91%E6%8B%B3,"[wave4] WKF world-ranked kumite competitor (born 31 December 1995), trained from age 3 by his father Seiji Nishimura (Q476441, 1982 world kumite champion). Documented on Japanese Wikipedia and Olympics.com. Extends the Wado-ryu ",proposed
A0172,Lee Kyo-yoon,이교윤,1930,2017,taekwondo|korean-martial-arts,,https://ko.wikipedia.org/wiki/%ED%95%9C%EB%AC%B4%EA%B4%80,"[wave4] Founder of Han Moo Kwan, one of the nine kwans of taekwondo; trained at the Chosun Yun Moo Kwan under Chun Sang-sup; died 12 May 2017 aged 87 (birth year inferred c.1930), posthumous Kukkiwon 10th dan.",proposed
A0173,Lee Yong-woo,이용우,,2006,taekwondo|korean-martial-arts,,https://en.wikipedia.org/wiki/Kwan_(martial_arts),"[wave4] Founder of Jung Do Kwan (1956), one of the nine kwans; first-generation Chung Do Kwan student of Won Kuk Lee.",proposed
A0174,Park Chul-hee,박철희,,2016,taekwondo|korean-martial-arts,,https://en.wikipedia.org/wiki/Kang_Duk_Won,"[wave4] Co-founder of Kang Duk Won (1956), one of the nine kwans; former YMCA Kwon Bop Bu student under Yoon Byung-in; stepped down as world head of Kang Duk Won in November 2015 and died 2 April 2016.",proposed
A0175,Hong Jong-pyo,홍정표,,,taekwondo|korean-martial-arts,,https://en.wikipedia.org/wiki/Kang_Duk_Won,"[wave4] Co-founder of Kang Duk Won (1956), one of the nine kwans; former YMCA Kwon Bop Bu student under Yoon Byung-in.",proposed
A0176,Lee Chong-woo,이종우,1928,2015,taekwondo|korean-martial-arts,,,[wave4] Top student of Chun Sang-sup at the Chosun Yun Moo Kwan (entered 1946); proposed the renaming to Jidokwan in 1954; first chairman of the KTA technical committee and founding Secretary-General of the World Taekwondo Feder,proposed
A0177,Lee Nam-suk,이남석,1925,2000,taekwondo|korean-martial-arts,,https://ko.wikipedia.org/wiki/%EC%9D%B4%EB%82%A8%EC%84%9D,"[wave4] YMCA Kwon Bop Bu member who succeeded Yoon Byung-in, reopening the school as Chang Moo Kwan in October 1953 and heading one of the nine kwans; born 28 June 1925 Yeoju, died 29 August 2000 Torrance, California.",proposed
A0178,Han Cha-kyo,한차교,1934,1996,taekwondo|korean-martial-arts,,https://en.wikipedia.org/wiki/Han_Cha-kyo,"[wave4] One of the twelve original masters of taekwondo; trained under Nam Tae-hi, Son Duk-sung and Uhm Woon-kyu; helped establish the Oh Do Kwan; pioneer instructor in Singapore and Chicago.",proposed
A0179,Rhee Ki-ha,이기하,1938,,taekwondo|korean-martial-arts,,https://en.wikipedia.org/wiki/Rhee_Ki-ha,[wave4] First Grandmaster of the ITF; learned taekwondo from Choi Hong-hi in the South Korean army's 35th Infantry Division; father of taekwondo in the United Kingdom and Ireland; one of the twelve original masters.,proposed
A0180,Park Jong-soo,박종수,1941,2021,taekwondo|korean-martial-arts,,https://en.wikipedia.org/wiki/Park_Jong-soo_(taekwondo),"[wave4] One of the twelve original masters of taekwondo; trained under Choi Hong-hi; pioneered taekwondo in the Netherlands, Germany and Canada.",proposed
A0181,Park Jung-tae,박정태,1943,2002,taekwondo|korean-martial-arts,,https://en.wikipedia.org/wiki/Park_Jung-tae,[wave4] One of the twelve original masters; ITF Secretary-General under Choi Hong-hi; founded the Global Taekwondo Federation (GTF) in 1990.,proposed
A0182,Choi Chang-keun,최창근,1940,,taekwondo|korean-martial-arts,,https://en.wikipedia.org/wiki/Choi_Chang-keun,[wave4] One of the twelve original masters (C.K. Choi); helped Choi Hong-hi create the Chang Hon patterns from 1961; pioneered taekwondo in Malaysia and Canada.,proposed
A0183,Kong Young-il,공영일,1943,,taekwondo|korean-martial-arts,,https://en.wikipedia.org/wiki/Kong_Young-il,[wave4] One of the twelve original masters; trained under Choi Hong-hi and Nam Tae-hi; pioneer of taekwondo in the United States.,proposed
A0184,Fang Zhong,方種,,,chinese-martial-arts,,https://zh.wikipedia.org/wiki/永春白鶴拳,"[wave4] Shaolin master and Ming loyalist, father and teacher of Fang Qiniang; head of the zh-wiki Yongchun White Crane lineage chart. Needed to head the White Crane chain feeding Xie Zongxiang. Active late Ming/early Qing.",proposed
A0185,Fang Qiniang,方七娘,,,fujian-white-crane,,https://zh.wikipedia.org/wiki/方七娘,"[wave4] Founder of Fujian White Crane (白鶴拳); born in the Chongzhen era (1628-1644), active in the Kangxi era. Named in the task as a Chinese antecedent but absent from both rosters; required to head the documented chain down to ",proposed
A0186,Zeng Si,曾四,,,fujian-white-crane,,https://zh.wikipedia.org/wiki/方七娘,"[wave4] Yongchun native, accepted as Fang Qiniang's student and later her husband; transmitted White Crane to Yongchun. Kangxi era. Needed for the documented Fang Qiniang succession.",proposed
A0187,Zheng Li,鄭禮,,,fujian-white-crane,,https://zh.wikipedia.org/wiki/永春白鶴拳,"[wave4] One of the 前五虎 (Former Five Tigers) of the first Yongchun disciple generation; credited by zh-wiki with spreading White Crane across Fujian, and named as the lineage source of Fuzhou Minghe founder-ancestor Lin Shixian. ",proposed
A0188,Lin Shixian,林世咸,,,fujian-white-crane,,https://zh.wikipedia.org/zh-hant/鳴鶴拳,"[wave4] Called 泉州仔; recognised in zh-wiki Minghequan as founding ancestor of Whooping Crane in the Fuzhou region, Daoguang era (1821-1850); teacher of Pan Yuba. Needed to complete the chain above Xie Zongxiang.",proposed
A0189,Pan Yuba,潘嶼八（林達崇）,,,fujian-white-crane,,https://zh.wikipedia.org/zh-hant/鳴鶴拳,[wave4] Real name Lin Dachong (林達崇) of Panyu; student of Lin Shixian and founder of Minghe (Whooping Crane) in Fuzhou; teacher of Xie Zongxiang per both zh-wiki Xie Zongxiang and zh-wiki Minghequan. 19th century. Required as Xie,proposed
A0190,Zheng Bugong,鄭步恭,,,kung-fu|chinese-martial-arts,,https://zh.wikipedia.org/zh-hans/虎尊拳,"[wave4] Huzunquan (Tiger fist) practitioner named by zh-wiki as the teacher Uechi Kanbun sought out, through whom Tiger fist reached Okinawa and became Uechi-ryu; an alternative account to the Zhou Zihe tradition. Late Qing.",proposed
A0191,Arata Kinjo,金城新,1991,,,,https://ja.wikipedia.org/wiki/%E9%87%91%E5%9F%8E%E6%96%B0,"[wave4] Needed to show Ryuei-ryu continuing beyond Ryo Kiyuna: Sakumoto-trained member of Japan's world-champion team kata trio (with Kiyuna and Uemura), documented on Japanese Wikipedia and the JKF site.",proposed
A0192,Takuya Uemura,上村拓也,1992,,,,https://ja.wikipedia.org/wiki/%E4%B8%8A%E6%9D%91%E6%8B%93%E4%B9%9F,[wave4] Second member of Sakumoto's world-champion Ryuei-ryu team kata trio; documented on Japanese Wikipedia and the JKF site.,proposed
A0193,Masao Kagawa,香川政夫,1955,,shotokan,,https://ja.wikipedia.org/wiki/%E9%A6%99%E5%B7%9D%E6%94%BF%E5%A4%AB,"[wave4] JKS (Japan Karate Shoto Federation) chief instructor from 2010, successor to Tetsuhiko Asai; needed to continue the Asai/JKS Shotokan line.",proposed
A0194,Nobuaki Kanazawa,,1972,,shotokan,,,[wave4] Eldest son and documented student of Hirokazu Kanazawa; Kancho of SKIF since April 2014; needed for SKIF succession.,proposed
A0195,Manabu Murakami,,1966,,shotokan,,,"[wave4] SKIF Shuseki Shihan (Chief Instructor) since 2014, long-time assistant and student of Hirokazu Kanazawa, three-time SKIF world champion; needed for SKIF succession.",proposed
A0196,Yoshinobu Ohta,,1959,,shotokan,,,[wave4] Keinosuke Enoeda's assistant at JKA England from 1982 and his successor as JKA England chief instructor from 2003; continues the Enoeda line in the UK.,proposed
A0197,Antonio Diaz,,1980,,shito-ryu,,https://en.wikipedia.org/wiki/Antonio_D%C3%ADaz_(karateka),"[wave4] Venezuelan two-time WKF world kata champion, documented student of Yoshimi Inoue (Inoue-ha Shito-ryu); extends the Inoue line internationally.",proposed
A0198,Akira Shiomi,,,,goju-ryu,,,"[wave4] JKF Gojukai Chief Technical Director, named on Wikipedia as Atsuko Wakai's primary mentor; needed as her documented teacher.",proposed
A0199,Nobuaki Kakuda,角田信朗,1961,,seidokaikan,,https://ja.wikipedia.org/wiki/%E8%A7%92%E7%94%B0%E4%BF%A1%E6%9C%97,"[wave4] Seidokaikan supreme instructor and K-1 executive referee under Kazuyoshi Ishii, part of Seidokaikan from its founding; continues the Ishii/K-1 line.",proposed
A0200,Fizuli Musayev,,1962,,karate-generic,,,[wave4] Azerbaijani coach at the Budokan club who trained Rafael Aghayev; explicitly requested example of a WKF champion's documented coach.,proposed
A0201,Rafael Aghayev,Rafael Ağayev,1985,,karate-generic,,https://en.wikipedia.org/wiki/Rafael_Aghayev,[wave4] Five-time WKF world kumite champion and Olympic silver medallist; documented student of Fizuli Musayev; explicitly requested for the modern international era.,proposed
A0202,Jesus del Moral,,,,karate-generic,,,"[wave4] Spanish national kata coach, documented on Wikipedia as Sandra Sanchez's coach; needed as her teacher node.",proposed
A0203,Sandra Sanchez,,1981,,shito-ryu,,https://en.wikipedia.org/wiki/Sandra_S%C3%A1nchez,[wave4] 2020 Olympic kata champion and two-time WKF world champion coached by Jesus del Moral; leading WKF-era international figure.,proposed
A0204,Yasunari Ishimi,,1943,,shito-ryu,,https://en.wikipedia.org/wiki/Yasunari_Ishimi,"[island anchor] Pioneer of Shito-ryu in Spain (arrived 1969), founded Spanish Shito-ryu Association 1970, national coach of Spanish Karate Federation; student of Kenei Mabuni per en-wiki; teacher of national kata coach Jesus del Moral",proposed
A0205,Azad Kazimov,Azad Kazımov,,,karate-generic|judo,,https://ru.wikipedia.org/wiki/Карате_в_Азербайджане,"[island anchor] First licensed karate coach in Azerbaijan (Burevestnik, Baku); judo master of sport; certified at the first attestation seminar of Alexey Shturmin's Moscow Central School of Karate; teacher of Fizuli Musayev per az-wiki and the Azerbaijan NOC profile",proposed
A0206,Mir-Ali Seyidov,Сейидов Мирали,,,karate-generic,,"https://ru.wikipedia.org/wiki/Сейидов,_Мирали_Мирджалал_оглы","[island anchor] First head coach of the Azerbaijani national karate team (Dinamo school, Baku); ru-wiki lists Fizuli Musayev among his students",proposed
A0207,Motobu Chohei,本部王子朝平,1655,1687,motobu-udundi,,https://ja.wikipedia.org/wiki/本部御殿,"[motobu genealogy] Founder of the Motobu Udun, sixth son of King Sho Shitsu; the house transmitted udundi head to head from him",proposed
A0208,Motobu Chokan,本部按司朝完,,,motobu-udundi,,https://ja.wikipedia.org/wiki/本部御殿,[motobu genealogy] 2nd head of the Motobu Udun (ja-wiki genealogy),proposed
A0209,Motobu Chochi,本部按司朝智,,,motobu-udundi,,https://ja.wikipedia.org/wiki/本部御殿,[motobu genealogy] 3rd head of the Motobu Udun (ja-wiki genealogy),proposed
A0210,Motobu Choryu,本部王子朝隆,,,motobu-udundi,,https://ja.wikipedia.org/wiki/本部御殿,"[motobu genealogy] 4th head of the Motobu Udun, brother of Chochi, promoted to oji rank (ja-wiki genealogy)",proposed
A0211,Seiken Shukumine,祝嶺正献,1925,2001,gensei-ryu|taido|shuri-te,,https://en.wikipedia.org/wiki/Seiken_Shukumine,"[audit:early-shuri-tomari] Needed as student endpoint for the documented Kishimoto Soko lineage; founder of Gensei-ryu karate and Taido, one of Kishimoto's two final students alongside Higa Seitoku. Add only if not already present in another domai",proposed
A0212,Tokashiki Iken,渡嘉敷唯賢,1938,,gohakukai|tomari-te|goju-ryu,,,[audit:shorin-matsubayashi] Born 2 June 1938 in Naha; sole certified successor of Nakasone Seiyu's Matsumora-ha Tomari-te and founder of the Gohakukai (1982). Essential to complete the Matsumora>Iha>Nakasone transmission already present in this fil,proposed
A0213,Sokishi Shinzato,,,,shorin-ryu,,,"[audit:shorin-shobayashi-seibukan] Required as teacher node for the new edge Sokishi Shinzato>Shian Toma: the official Seidokan biography identifies him as Toma's first teacher for over 20 years, and Wikipedia lists him among Toma's teachers. Birth/death ",proposed
A0214,Yoshimatsu Akamine,赤嶺嘉松,1943,,matsumura-seito,,,"[audit:matsumura-seito] Essential Okinawan gap in a domain otherwise dominated by Western students: 22-year direct student of Hohan Soken (1959-1982), shihan certificate from Soken (1980), and current head of the Shorin-ryu Matsumura Seito Kara",proposed
A0215,Shigeru Ishino,,,,shorinjiryu-kenkokan|shorinjiryu-kenyukai,,,"[audit:shorinji-lines] Direct student of Kori Hisataka, founder of Ishino Shorinjiryu Genbukan and co-founder of the Shorinjiryu Kenyukai federation; needed as the student node for the proposed edge. Kanji and years not reliably sourced, so le",proposed
A0216,Shuji Tasaki,田崎修司,1933,2011,goju-ryu|goju-kai|seiwakai,,,"[audit:goju-japan-world] Founder of Goju-ryu Seiwakai (1972), student of Gogen Yamaguchi from 1951-52 and first All Japan Goju-kai kumite champion; JKF Gojukai 9th dan (2009). Kanji confirmed on Seiwakai Ibaraki branch site; dates from Seiwakai ",proposed
A0217,So Nei Chu,曹寧柱,1908,,goju-ryu,,,"[audit:goju-japan-world] Korean-born senior Goju-ryu figure in mainland Japan (Ritsumeikan circle), kept the Goju school alive during Yamaguchi's Soviet captivity and was Mas Oyama's principal Goju teacher and mentor. Death year is inconsistentl",proposed
A0218,Takeo Maruta,丸田武雄,,,goju-ryu,,,"[audit:goju-japan-world] Okinawan carpenter and Goju-ryu practitioner who gave Gogen Yamaguchi his first sustained Goju-ryu instruction (from c. age 14), per both English and Japanese Wikipedia and Noble's biography of Yamaguchi. Essential to re",proposed
A0219,Motobu Chomo,本部朝茂,,,motobu-udundi,,https://ja.wikipedia.org/wiki/本部朝勇,[audit:motobu-udun] Second son of Motobu Choyu and intended family heir of Motobu Udundi; listed among Choyu's direct students on ja.wiki and received the art via Uehara Seikichi in Wakayama before dying in WWII. Essential endpoint for two ,proposed
A0220,Motobu Naoki,本部朝行,,,motobu-ryu|motobu-udundi,,,[audit:motobu-udun] Eldest son of Motobu Chosei; became 3rd soke of Motobu Kenpo and head of Motobu Udundi on 14 June 2025 at Chosei's 100th-birthday ceremony (succession name 本部朝行; publishes internationally as Motobu Naoki). Essential for ,proposed
A0221,Uhugushiku,,,,okinawan-kobudo|tuite,,https://en.wikipedia.org/wiki/Ry%C5%AB-te,"[audit:okinawa-kenpo-ryute] Needed only as teacher node for the traditional Ryu-te lineage edge to Oyata. Retired palace guard per Oyata's account; died late 1960s per the Ryu-te article, but no independently verifiable dates, so years left blank. ",proposed
A0222,Wakinaguri,,,,kenpo,,https://en.wikipedia.org/wiki/Ry%C5%AB-te,[audit:okinawa-kenpo-ryute] Needed only as teacher node for the traditional Ryu-te lineage edge to Oyata. Bushi of Chinese descent who taught Oyata pressure-point strikes per the cited Wikipedia article; no verifiable dates; historicity rests solel,proposed
A0223,Sherman Harrill,,1941,2002,isshin-ryu,,,"[audit:isshin-ryu] Needed as student node for the new Tatsuo Shimabuku>Sherman Harrill link. Sherman Jordan Harrill, 11 May 1941 - 4 November 2002; first-generation Isshin-ryu student on Okinawa 1959-1960, named on the Tatsuo Shimabuku Wik",proposed
A0224,Takeshi Shimoda,下田武,,,shotokan,,,"[audit:shotokan] Funakoshi's senior assistant instructor at the early Shotokan, who led university teaching and demonstration tours until his early death (commonly dated 1934, not given in the cited article, so years left blank); Gigo Fu",proposed
A0225,Kiyoshi Yamazaki,,1940,2023,shindo-jinen-ryu|shito-ryu|japanese-karate-generic,,https://en.wikipedia.org/wiki/Kiyoshi_Yamazaki,"[audit:shito-ryu] Needed for the Konishi>Yamazaki link. Born 16 August 1940, Chiba; died 28 August 2023. Konishi's senior successor as international chief instructor of Japan Karate-do Ryobu-kai; listed as a student in Konishi's Wikipedia",proposed
A0226,Mie Nakayama,中山三枝,,,hayashi-ha-shito-ryu|shito-ryu,,,"[audit:shito-ryu] Needed for the Inoue>Nakayama link. Three-time consecutive WKF world kata champion (1982, 1984, 1986), the dominant women's kata competitor of the 1980s, trained in Hayashi-ha Shito-ryu under Yoshimi Inoue. Birth year no",proposed
A0227,Isao Ichikawa,,1935,1996,shudokan|doshinkan,,,"[audit:wado-chito-shudokan] Essential to carry the Toyama>Ichikawa edge: founder of Karatedo Doshinkan (Vienna, 1967), Toyama's last inner disciple and designated successor, 10th dan Hanshi from Toyama. Documented on the official Doshinkan honbu si",proposed
A0228,So Nei-chu,曺寧柱,1908,1996,goju-ryu,,,[audit:kyokushin-lines] Mas Oyama's principal Goju-ryu teacher and spiritual mentor after WWII; essential upstream node for the Kyokushin lineage (needed for the So Nei-chu>Mas Oyama edge).,proposed
A0229,Yang Kuk-jin,양국진,,,chinese-martial-arts,,,"[audit:korean-arts] Chinese martial-arts master in Manchuria, the only teacher Hwang Kee ever formally acknowledged; essential to anchor the new Yang Kuk-jin>Hwang Kee edge (Moo Duk Kwan lineage root). Dates not recorded in any reliable sou",proposed
A0230,Adriano Emperado,,1926,2009,kenpo|kajukenbo|kara-ho-kempo,,https://en.wikipedia.org/wiki/Adriano_Directo_Emperado,"[audit:kenpo-hawaii-us] Essential Hawaii kenpo figure: Chow's first black belt and co-founder/lead figure of Kajukenbo (born 15 June 1926, died April 2009). Needed for the Chow>Emperado edge.",proposed
A0231,Larry Tatum,,,,american-kenpo,,,"[audit:kenpo-hawaii-us] Senior American Kenpo master in the Parker lineage; named on Jeff Speakman's Wikipedia page as Speakman's principal instructor. Years not reliably documented in acceptable sources, so left blank.",proposed
A0232,Al Tracy,,,,kenpo|tracy-kenpo,,,"[audit:kenpo-hawaii-us] Founder of the Tracy Kenpo branch (early Parker-lineage school); named on Jay T. Will's Wikipedia page as Will's teacher who promoted him to 8th dan. Years not reliably documented in acceptable sources, so left blank.",proposed
A0233,Sokaku Takeda,武田惣角,1859,1943,daito-ryu,,https://en.wikipedia.org/wiki/Sokaku_Takeda,"[audit:judo-aikido-koryu] Required for the Takeda>Ueshiba edge, the best-documented teacher relationship in aikido history (Daito-ryu eimeiroku records). Create only if no Takeda node exists in another domain file.",proposed
A0234,Tsunetoshi Iikubo,飯久保恒年,1835,1889,kito-ryu,,,"[audit:judo-aikido-koryu] Required for the Iikubo>Kano edge (Kano's Kito-ryu teacher and early Kodokan instructor, awarded Kano the Kito-ryu densho in 1883). Birth year circa 1835 per Kodokan sources.",proposed
A0235,Kisshomaru Ueshiba,植芝吉祥丸,1921,1999,aikido,,https://en.wikipedia.org/wiki/Kisshomaru_Ueshiba,[audit:judo-aikido-koryu] Second Aikikai Doshu; required to connect Christian Tissier's documented aikido lineage and Morihei Ueshiba's succession. Create only if not already present in another domain file.,proposed
A0236,Ishimine Pechin,石嶺親雲上,,,shuri-te,Shuri,,"[audit:orphans-2] 'Old Ishimine' (Bushi Ishimine), famous 19th-century Shuri master associated with Matsumura's circle; documented teacher of Kaneshima Shinbi (okic.okinawa profile; Motobu-ryu blog article on Ishimine-ryu)",proposed
B0001,Ko Uehara,,,,goju-ryu|jundokan,,,[book:Bishop p.33] Absent from dataset. Appears in Eiichi Miyazato's Jundokan lineage chart.,proposed
B0002,Nobuhide Asato,,,,uechi-ryu,,,[book:Bishop p.161] Absent from dataset (distinct from Anko Azato). Student of Shinpo Matayoshi per the Matayoshi kobudo chart; see matching link item.,proposed
B0003,Eiji Kinjo,,1899,1995,,,,"[book:Bishop p.194] Absent from dataset; a martial arts figure with full dates and styles from the book. Okinawan, administrator in Taiwan during the war.",proposed
B0004,Ch'en Yu-an,,,,,,,[book:Bishop p.20] Chinese boxer in the Ryuei-ryu/Nakaima lineage context; absent from dataset.,proposed
B0005,Akihiko Suzuki,,,,goju-ryu|jundokan,,,[book:Bishop p.33] Kyoto-based Jundokan follower; absent from dataset.,proposed
B0006,Hideki Kojo,,,,kojo-ryu,,,[book:Bishop p.72] Kojo family member absent from dataset; no dates given.,proposed
B0007,Jesus Martinez,,,,shorin-ryu-shorinkan|shorin-ryu,,,[book:Bishop p.120] American student listed under Shugoro Nakazato; absent from dataset (Jesus del Moral is a different person).,proposed
B0008,Ryotaro Kanai,,,,,,,[book:Bishop p.125] Absent from dataset; mainland Japan context (Shito-ryu/Kushin-ryu chapter); no dates or style given.,proposed
B0009,Eiki Kaneji,,,,,,,"[book:Bishop p.131] Absent from dataset; named karate figure in book (name may carry OCR risk, verify spelling before adding).",proposed
B0010,Keihan Ono,,,,karate-generic,,,[book:Bishop p.171] Absent from dataset; figure on Seitoku Higa's lineage chart.,proposed
B0011,Kanei Uechi (Shito-ryu),,1904,,shito-ryu,,,"[book:Bishop p.203] Distinct from Uechi-ryu Kanei Uechi (Q1728269, b.1911). Locality Untenbaru, Motobu; dojo in Itoman City. Absent from dataset; needed as teacher of Junjiro Nishime (C00102).",proposed
B0012,Shiroma (Gusukuma) of Tomari,,,,tomari-te,,,"[book:Bishop p.85] Absent from dataset; 19th-century Tomari-te master (also read Gusukuma of Tomari), named as teacher of Anko Itosu on p106; distinct from Shinpan Gusukuma",proposed
B0013,Bushi Kunishi,,,,,,,"[book:Bishop p.28] Absent from dataset; Okinawan te expert (title Bushi), named in the Higaonna chapter. No dates given.",proposed
B0014,Jerry Gold,,,,karate-generic,,,[book:Bishop p.103] Absent from dataset. No dates given.,proposed
B0015,Heisaburo Nakamura,,1894,1975,,,,"[book:Bishop p.152] Absent from dataset. Died 1975 aged 81 (so born c. 1894); of Toguchi, Motobu; teacher in Masakazu Miyagi's Honshin-ryu background.",proposed
B0016,Kencho Miyagi,,,,,,,[book:Bishop p.172] Absent from dataset; named in the Bugeikan (Seitoku Higa) chapter. No dates given.,proposed
B0017,Shingo Hayashi,,,,kojo-ryu,,,"[book:Bishop p.49] Absent from dataset. Kojo-ryu teacher in Tottori City, Japanese mainland.",proposed
B0018,Yamada (of Tomari),,,,tomari-te,,,[book:Bishop p.85] Absent from dataset (existing Yamadas are unrelated). 19th-century Tomari-te figure named by Funakoshi.,proposed
B0019,Masao Kobayashi,,,,matsubayashi-ryu,,,[book:Bishop p.95] Absent from dataset; listed in Nagamine's Matsubayashi-ryu lineage chart.,proposed
B0020,Takao Miyagi,,,,motobu-ryu,,,"[book:Bishop p.166, 168] Absent from dataset (no Takao Miyagi among the many Miyagis); Motobu-ryu ti practitioner.",proposed
B0021,Arakaki no TANMEI,,,,,,,[book:Bishop p.174] Absent from dataset; Naha ti figure known by honorific nickname ('old man Arakaki').,proposed
B0022,One-Eyed Toguchi,,,,tomari-te,,,[book:Bishop p.84] Absent from dataset; Tomari-te (Matsumora-type) teacher known only by nickname. Teacher of Seikichi Hokama (see link).,proposed
B0023,Ho Feng,,,,fujian-white-crane,,,"[book:Bishop p.19] Monk of the Sazan Kozan Temple, Fukien; root of the Ryuei-ryu tradition. Absent from dataset.",proposed
B0024,David Scot,,,,uechi-ryu,,,[book:Bishop p.43] Great Britain representative in the Uechi-ryu association chart. Absent from dataset; spelling possibly 'Scott'.,proposed
B0025,Ten Senshi,,,,,,,[book:Bishop p.84] Chinese merchant at Tomari who taught Seikichi Hokama a punching technique. Marginal but martially relevant; absent from dataset.,proposed
B0026,Kenwa Kanna,,,,,,,"[book:Bishop p.92] Appears in the Chotoku Kyan students passage; plausibly the Okinawan naval officer Kanna Kenwa, documented elsewhere as a Kyan student. Absent from dataset.",proposed
B0027,Masanori Ishikawa,,,,matsubayashi-ryu,,,[book:Bishop p.95] From Nagamine's Matsubayashi-ryu chart; absent from dataset (only Horoku Ishikawa exists).,proposed
B0028,Kanzo Nakandakari,,,,,,,[book:Bishop p.131] Karate figure: taught the Pinan kata to Seitoku Higa (p174). Absent from dataset.,proposed
B0029,Hiroshi Shima,,,,,,,"[book:Bishop p.153] Absent from dataset. Appears in the Kuniyoshi/Okinawa Kenpo chapter; no dates or styles given, add at low confidence.",proposed
B0030,Soeishi,,,,,,,"[book:Bishop p.155] Bojutsu figure of Ona village, Shuri; the kobudo kata Soeishi no Kun bears the name. Family name only, but the tradition figure is absent from the dataset.",proposed
B0031,Shingo Araki,,,,,,,"[book:Bishop p.171] Absent from dataset. Appears in the Seitoku Higa/Bugeikan section; no dates or styles given, add at low confidence.",proposed
J0001,Aragaki Shuichi,新垣修一,1929,2021,goju-ryu,,,"[10th-dan register] Born 1929 in Taiwan; family returned to Okinawa 1947. Grandson of Aragaki Ryuko, Miyagi Chojun's first instructor, who introduced him to Miyagi. Trained directly under Miyagi Chojun from 1951 until Miyagi's death in 1953",proposed
J0002,Matayoshi Seitoku,又吉清徳,,,goju-ryu,,,"[10th-dan register] Goju-ryu master of the Higa Seko lineage. Named among Higa Seko's students on the Seko Higa Wikipedia page, and listed as one of the senior students of Tamaki Juei (b.1905, Higa's oldest student, Seigokan dojo, 1965) alo",proposed
J0003,Shinjo Anyu,新城安勇,1942,,goju-ryu|jundokan,,,"[10th-dan register] Born 9 April 1942 on Tinian (Mariana Islands). Began karate at 9 under Kakazu Yoshio; karate club at Naha Commercial High School under Iraha Choko. Joined the Okinawa prefectural police at 23, met Miyazato Eiichi and ent",proposed
J0004,Miyahira Masanobu,宮平昌信,,,matayoshi-kobudo,,,[10th-dan register] Given name 昌信 is read 'Shoshin' in Western kobudo sources (Miyahira Shoshin). Long-time student of Matayoshi Shinpo; photographed with Matayoshi Shinpo and Kanei Katsuyoshi in the early 1970s. Became 2nd president of the,proposed
J0005,Ishikawa Seigi,石川清義,1926,,kobayashi-shorin-ryu,,,"[10th-dan register] Almost certainly Ishikawa Seitoku, written 石川精徳 in Japanese sources (the register's 清義 appears to be a variant/mistranscription; no Okinawan karate figure under 石川清義 is otherwise documented). One of the last direct long-",proposed
J0006,Ishikawa Seitoku,石川精徳,1925,2013,kobayashi-shorin-ryu,,,"[10th-dan register] Okinawa Prefecture Intangible Cultural Asset holder; hanshi 10th dan and third president of the Okinawa Shorin-ryu Karate-do Kyokai. First introduced to karate at elementary school by Shinpan Gusukuma, then a long-term d",proposed
J0007,Takara Shintoku,高良信徳,1930,,uechi-ryu,,,[10th-dan register] Okinawa Prefecture Intangible Cultural Asset holder and the most senior Uechi-ryu grandmaster. Began under Kanei Uechi (son of founder Kanbun Uechi) in 1950; instructor at the Uechi family's Futenma Shubukan honbu dojo f,proposed
J0008,Miyagi Takeshi,宮城驍,1935,,kobayashi-shorin-ryu,,,"[10th-dan register] Born 8 June 1935 in Shiroma, Urasoe (despite the Miyagi surname he is Shorin-ryu, not Goju-ryu). Hanshi 10th dan (2004); fourth president of the Okinawa Shorin-ryu Karate-do Kyokai from December 2012; former chairman of ",proposed
J0009,Takushi Seiki,澤岻政輝,1940,,goju-ryu|shobukan|matayoshi-kobudo,,,"[10th-dan register] Also written 沢岻政輝. Senior master of Goju-ryu Shobukan (the school of Masanobu Shinjo): after Shinjo Masanobu's death he ran the Shobukan Sohonbu dojo and association as kancho from 1993 until 2005, when Shinjo Masashi to",proposed
J0010,Nakamura Seiyū,中村清祐,1941,,shorin-ryu-shidokan|okinawan-kobudo,,,[10th-dan register] Born 10 February 1941. Hanshi 10th dan in Okinawa Dento Shidokan karate and 10th dan in kobujutsu; disciple of Katsuya Miyahira (Shidokan founder) for more than 50 years. Began kobujutsu in Kochinda at age 6. Heads the N,proposed
J0011,Nakaza Seiei,仲座清栄,1942,2013,shorin-ryu-shorinkan|shorinji-ryu|goju-ryu,,,"[10th-dan register] Born 1942, Okinawa. Began karate 1957 (Shuri-te) under Joen Nakazato (Shorinji-ryu founder); added Naha-te/Goju-ryu under Seiko Higa from 1960; from 1966 under Shugoro Nakazato (Shorin-ryu Shorinkan), becoming vice-direc",proposed
J0012,Ōshiro Masatoshi,大城マサトシ,,,okinawan-karate-generic,,,"[10th-dan register] Genuinely under-documented beyond the register. The katakana given name indicates an overseas-born person of Okinawan descent. Best identification found: Masatoshi Oshiro, 10th dan, pioneer of karate in Peru and soke/fou",proposed
J0013,Matsuda Yoshio,松田義雄,,,uechi-ryu,,,"[10th-dan register] Uechi-ryu hanshi 10th dan; kancho of the Yafuso Shubukan (屋富祖修武館), Yafuso 3-17-2, Urasoe City, listed under the Uechi-ryu Karate-do Renmei (上地流空手道連盟) within the Uechi-ryu Karate-do Rengokai umbrella. Beyond the register ",proposed
J0014,Yara Choi,屋良朝意,1915,2014,tomari-te,,,"[10th-dan register] Founder and first soke of the Matsumora-ryu Kotokukai (松茂良流興徳会), the surviving orthodox Tomari-te line: Matsumora Kosaku (1829-1898) → Iha Kodatsu (1873-1928) → Kuba Chojin (1904-1989) → Yara Choi. Moved to Osaka in 1940",proposed
J0015,Shima Isao,島勇夫,,,matsubayashi-ryu,,,"[10th-dan register] Documented on video as 'Isao Shima, hanshi 10th dan, Matsubayashi' demonstrating the kata Wankan (Nagamine's signature kata) at the Okinawa Traditional Karatedo Kobudo World Tournament 2009 (Okinawa Budokan). Otherwise e",proposed
J0016,Nakazone Kinei (Nakasone Kinei),ナカゾネ キンエイ,1936,2002,goju-ryu|shoreikan,,,"[10th-dan register] Goju-ryu hanshi 10th dan. Born 1 December 1936 in Goya, Okinawa City. Trained in Toguchi's Shoreikan from 1956, ran a Shoreikan dojo in Kin from 1962, joined Masanobu Shinjo's Shobukan in 1980 and led it from 1994, then ",proposed
J0017,Gibo Giyu,儀保宜裕,1938,,kobayashi-shorin-ryu|shorin-ryu-shorinkan,,,"[10th-dan register] Born 1938 into a martial-arts family in Urasoe City; began karate in 1957. Head of the Okinawa Shorin-ryu Shobukan Association (沖縄空手古武道小林流翔武舘協会), teaching at the Gibo Karate Dojo, Uchima 3-18-1, Urasoe. Rose through the ",proposed
J0018,Tomimoto Yuko,富本裕宏,1939,2023,okinawan-kobudo,,,"[10th-dan register] Hanshi 10th dan, Ryukyu Kobudo Maeda-ryu bojutsu: head of the Maeda bo (前田棒) village stick-fighting tradition of Maeda, Urasoe, a communal bojutsu said to have over 500 years of continuous transmission, taught by him as ",proposed
J0019,Tokuyama Yoshinori (usually romanised Yoshiki Tokuyama),徳山良規,1946,,shudokan|kobayashi-shorin-ryu,,,"[10th-dan register] Born 22 October 1946. Heir of the Toyama Kanken Shudokan lineage: hanshi 10th dan in Okinawa Seito Karatedo (awarded 22 Oct 2000) and head of the Okinawa Seito Karatedo Hiroshima Shudokan, with branches in Japan, Mexico,",proposed
J0020,Kinjō Yoshitaka,金城嘉孝,1953,,goju-ryu|tomari-te,,,"[10th-dan register] Gohakukai (Okinawa Goju-ryu Tomarite Karatedo Association) master, president of the Canadian Gohakukai Karate-do Association. Became a student of Tokashiki Iken in Okinawa in 1968, moved to Canada in 1971 as an agricultu",proposed
J0021,Kina Seikō,喜納正興,,,goju-ryu,,,"[10th-dan register] Pre-war direct student of Miyagi Chōjun and one of the first of that group permitted to teach, running a dojo in Izumizaki-chō, Naha, which Miyagi and Shinzato Jin'an would visit (per the Okinawa Karate Kobudo Jiten). Af",proposed
J0022,Wakugawa Kōsei,湧川幸盛,1926,2021,goju-ryu|shodokan-goju-ryu,,,[10th-dan register] Goju-ryu hanshi 10th dan and holder of the Okinawa Prefecture designated intangible cultural asset 'Okinawa Karate and Kobujutsu' (certified 2000). Born 1926; studied under Miyazato Eiichi and Iha Kōshin before being ent,proposed
J0023,Shimabukuro Katsuyuki,島袋勝之,,,kobayashi-shorin-ryu,,,"[10th-dan register] Okinawa Shorin-ryu (Kobayashi) hanshi, student of Higa Yūchoku (Kyudokan) in the Chibana Chōshin line; some accounts also place him directly under Chibana. Interviewed in Gekkan Karatedo (Vol. 445, Aug 2007) relaying Chi",proposed
J0024,Ishimine Chōshin,伊志嶺朝信,,,goju-ryu,,,"[10th-dan register] Goju-ryu; one of the most senior and favourite disciples of Higa Sekō, training with him from before the Shōdōkan dojo was established. Regarded around 1953 as the finest Suparinpei performer among Higa's students (per K",proposed
J0025,Inada Hiroshi,稲田弘,1933,2013,uechi-ryu|shohei-ryu,,,"[10th-dan register] Uechi-ryu hanshi 10th dan, born 15 February 1933; direct student of Uechi Kanei and adviser of the Okikukai (Okinawa Karatedo Kyokai, Shōhei-ryu). Associated with Uechi Kanei's Futenma Shubukan circle. Died in September ",proposed
J0026,Tōyama Zenshū,當山全秋,1936,,goju-ryu|shoreikan,,,"[10th-dan register] Goju-ryu hanshi 10th dan, born 1936 in Awase (now Okinawa City); began karate at about age 20. Direct senior deshi of Toguchi Seikichi at the Shoreikan in Koza, with additional guidance in Suparinpei and Kururunfa from F",proposed
J0027,Arakaki Isamu,新垣勇,1941,2013,kobayashi-shorin-ryu|shorin-ryu-kyudokan,,,[10th-dan register] Born 18 September 1941 in Naha. Entered Higa Yuchoku's Kyudokan in 1960 and became one of his senior disciples; accompanied Higa to Argentina in 1977 and founded the Shorin-ryu Kodokan (a Kyudokan offshoot with branches ,proposed
J0028,Shiroma Kiyonori (Seihan),城間清範,1941,2012,motobu-udundi,,,"[10th-dan register] Usually romanised Shiroma Seihan. Direct student of Uehara Seikichi from age 27; received the full Motobu Udundi and Motobu Ryukyu Kobujutsu transmission and, with Uehara's agreement, founded his own school, the Muti (Mo",proposed
J0029,Takamiyagi Tetsuo,高宮城鉄男,1942,,shorin-ryu|motobu-udundi|okinawan-kobudo,,,"[10th-dan register] Born 17 December 1942 in Okinawa. Hanshi 10th dan karate, 9th dan kobudo, 8th dan Motobu Udun-ti. Trained Shorin-ryu under Eizo Shimabuku (and, per his association's biography, under 'Toma Seiki', a Nagamine student) and",proposed
J0030,Tsuha Kiyoshi,津波清,1944,,kobayashi-shorin-ryu|okinawan-kobudo,,,"[10th-dan register] Born 15 February 1944. Head of the Iso Bugeikan dojo, Iso, Urasoe City, within the Okinawa Shorin-ryu Karate-do Kyokai (Chibana Choshin's 1948 association, Shidokan line). Student since April 1971 of Miyagi Takeshi (Shid",proposed
J0031,Kuba Yoshio,久場良男,1946,,goju-ryu,,,"[10th-dan register] Born 7 September 1946. Entered Toguchi Seikichi's Shoreikan at 15 (per ja.wikipedia; English sources say 17) and became one of Toguchi's senior students, directing the Shoreikan by 27; also trained at the Shoreikan under",proposed
J0032,Kanagusuku Eiki,金城榮喜,,,okinawan-karate-generic|okinawan-kobudo,,,"[10th-dan register] Sparsely documented. Representative of the Ryukyu Traditional Karate Kobudo Hozon Kyokai's Ryukyu Butokuden Dojo, Makiminato, Urasoe City (OKIC official dojo register, as 金城栄喜 / Eiki Kinjo). The dojo's former Okinawa Kar",proposed
J0033,Kinjō Kenpo,金城憲保,,,okinawan-karate-generic,,,"[10th-dan register] Genuinely undocumented beyond the register. Extensive searching in Japanese (金城憲保 with 空手/範士/十段/流派 terms, Okinawa prefecture dojo registers, the 2022 Okinawa karate survey, university papers) and English (Kinjo Kenpo / K",proposed
J0034,Kakazu Mitsuo,嘉数光雄,,,okinawan-kobudo,,,"[10th-dan register] Okinawan kobudo master, famed tekko (iron knuckle) specialist and author of the kata Kakazu no Tekko. Reported as one of the best-known students of Matayoshi Shinko. Principal kobudo teacher of Odo Seikichi (register no.",proposed
J0035,Higa Yoshio,比嘉敏雄,1930,,uechi-ryu|shohei-ryu,,,"[10th-dan register] Kanji 敏雄 normally reads Toshio; the register prints Yoshio. English sources use Higa Toshio. Born 1 February 1930. Direct student of Uechi Kanei. Founding senior of the Okinawa Karatedo Kyokai (Okikukai, est. April 1989,",proposed
J0036,Iha Kōtarō,伊波光太郎,1939,,okinawan-kobudo|kobayashi-shorin-ryu,,,"[10th-dan register] Born 12 February 1939. Founder and president of Ryukyu Kobudo Ryukonkai (Shudokan dojo, Gushikawa/Uruma, dojo 1973-74, Ryukonkai organised 1981). Okinawa Prefecture intangible cultural asset holder for karate and kobujut",proposed
J0037,Taira Yoshio,平良吉雄,,,goju-ryu|shobukan,,,"[10th-dan register] Goju-ryu, Shobukan line. Director of the Goju-ryu Shobukan Teruya dojo (Okinawa Karate-do Goju-kai Shobukan), Teruya, Okinawa City; trained under Shobukan founder Shinjo Masanobu (1938-1993). Director (riji) of the Zen O",proposed
J0038,Chinen Masatsune,知念正常,,2016,goju-ryu,,,"[10th-dan register] Goju-ryu hanshi 10th dan; died 12 March 2016 (Okinawa Traditional Karate Liaison Bureau obituary). Recipient of the 5th Ryukyu Shimpo award (2013) for services to Okinawan karate, listed as Goju-ryu. His specific Goju br",proposed
J0039,Senaga Yoshitsune,瀬長義常,1937,,uechi-ryu,,,"[10th-dan register] Born 1937. President of Uechi-ryu Kenseikai, honbu dojo in Tomigusuku (heads it since April 1981). Reported training history: began Goju-ryu at Higa Seko's dojo in 1953, switched to Uechi-ryu under Uehara Saburo in 1955,",proposed
J0040,Kiyūna Chōkō,喜友名朝孝,1939,,shorin-ryu,,,"[10th-dan register] Born 1939. Head (kaihacho) of the Okinawa Shorin-ryu Karate-do Kokusai Renmei Risshikan, Chatan; belongs to the Kyan Chotoku lineage of Shorin-ryu (少林流). Chairman/president of the Okinawa Dento Karatedo Shinkokai (the um",proposed
J0041,Miyagi Minoru,宮城實,1941,,uechi-ryu,,,"[10th-dan register] Born 22 June 1941 in Yomitan. Began Uechi-ryu at 19 at the Kadena dojo under Shinjo Seiyu; promoted hanshi 10th dan in December 2010 by the Okinawa Uechi-ryu Karatedo Hozonkai, of which he is head (Wikipedia lists Minoru",proposed
J0042,Miyazato Kōsuke,宮里幸助,,,ryukyu-kobudo-akamine|shorin-ryu,,,"[10th-dan register] 10th dan, founder of the Seiryukan (清流館), honbu dojo in Urasoe. Sole student to whom Akamine Eisuke transmitted both his Ryukyu kobudo (Taira Shinken line) and the karate the school calls Funakoshi Shorin-ryu; Seiryukan ",proposed
J0043,Hanashiro Tetsuo,玻名城哲夫,,,okinawan-karate-generic,,,"[10th-dan register] 10th dan of Yabiku-ryu (屋比久流心拳八重山拳法王道会), the Yaeyama Kenpo school of Ishigaki Island, recognised in 2002 as Ishigaki's sole indigenous martial-arts culture. Appointed second-generation chairman (二代目会長) in 2007 (Heisei 19",proposed
J0044,Genka Noritsune,源河徳恒,,,shorin-ryu-shorinkan,,,"[10th-dan register] Hanshi of Shorin-ryu Shorinkan (Kobayashi Shorin-ryu), a senior in Nakazato Shugoro's organisation who was sent from Okinawa to represent Nakazato at US Shorinkan events (Midwest-Okinawan Connection camps, 2011 and 2016)",proposed
J0045,Matsuda Yoshimasa,松田芳正,,,shorin-ryu|kobayashi-shorin-ryu,,,"[10th-dan register] Founder (1971) of Okinawa Shorin-ryu Myobukan, honbu in Tomari, Naha. Trained Kobayashi Shorin-ryu under Nakazato Shugoro and Tomari-te Shorin-ryu under Shinjo Heitaro, whose line the Myobukan traces Matsumura Sokon → Ki",proposed
J0046,Yonamine Ikuo,与那嶺育孝,,,goju-ryu|meibukan,,,"[10th-dan register] Okinawan-born Goju-ryu master who emigrated to Sao Paulo, Brazil, where he is known as Yasunori Yonamine (育孝 admits readings Ikuo/Iko/Yasunori; register prints 'Ikuo'). Direct student of Yagi Meitoku (Meibukan); taught G",proposed
J0047,Nakamoto Eishō,仲本英征,,,goju-ryu|ufuchiku-kobujutsu,,,[10th-dan register] Sparsely documented beyond the register. The OKIC prefectural dojo roster gives the furigana Hideyuki for 英征 (the register prints the on-reading Eishō) and lists him as representative of the Okinawakan Ginowan dojo withi,proposed
J0048,Shimabukuro Tsuneo,島袋常雄,1945,,uechi-ryu|ryukyu-kobudo,,,"[10th-dan register] Born 1945 in Uruma City. Uechi-ryu karate and Ryukyu/Okinawa kobudo; chief instructor of the Minamihara Shureikan, chairman of the Okinawa Prefecture Kobudo Federation and of the Okinawa Prefecture Uechi-ryu Karate Feder",proposed
J0049,Maeda Kiyomasa,前田清正,,,shogen-ryu|yamanni-ryu,,,"[10th-dan register] President of the Okinawa Shogen-ryu Karate-do Association, hanshi 10th dan (awarded 2012 by Kensei Taba); dojo in Itoman City (Zaha), where he teaches Shogen-ryu karate and Yamane-ryu kobudo (9th dan under Kishaba Chogi)",proposed
J0050,Gushiken Shintoku,具志堅新徳,,,goju-ryu|shobukan,,,"[10th-dan register] President of the (International) Okinawan Goju-ryu Karate-do Seibukai, appointed after the death of founder Nakasone Kinei (1936-2002); heads the Seibukai general headquarters dojo in Okinawa City (Takahara/Matsumoto), c",proposed
W0001,Miki Jisaburo,,,,karate-generic,,,[research:https://ryukyu-bugei.com/?p=11696] Absent from dataset; learned from Oshiro Chojo 1929.,proposed
W0002,Kinjo Hiroshi,,1919,2013,karate-generic,,,[research:https://ryukyu-bugei.com/?p=7432] Absent from dataset (no Hiroshi Kinjo among the many Kinjo entries).,proposed
W0003,Oyadomari Eiro,,1878,1926,tomari-te,,,"[research:https://ryukyu-bugei.com/?p=7351] Absent; distinct from Kokan, Konin and Kotsu Oyadomari already in dataset.",proposed
W0004,Takano Genjuro,,,,motobu-ryu,,,[research:https://medium.com/@motobu715/motobu-ch%C5%8Dkis-kata-0d96d24afd6e] Absent; adding him also implies a new edge Motobu Choki (Q1147708) -> Takano Genjuro.,proposed
W0005,Tawada (of Shuri),,,,,,,"[research:https://ryukyu-bugei.com/wp-content/uploads/2013/12/preview2.pdf] No Tawada node in the dataset. Almost certainly Tawada Shinboku ('Megantu'), Matsumura's student, also required by two link claims (?p=4911, ?p=5186). Add once, not",proposed
W0006,Toma Jugo,,1895,1971,,,,"[research:https://ryukyu-bugei.com/?p=8553] Absent. Existing Toma nodes (A0020 Shian, A0021 Seiki, C00104 Jushin, C00520 Shiyu) are different people.",proposed
W0007,Kudeken Kenyu,,,,,,,[research:https://ryukyu-bugei.com/?p=10056] Absent from dataset.,proposed
W0008,Takamura Seiko,,,,,,,"[research:https://ryukyu-bugei.com/?p=9238] Absent. Existing C00346 Masaru Takamura and C00387 Narihiko Takamura appear to be different people (Matsubayashi-ryu Kansai context suggests possible family relation, unverified).",proposed
W0009,Tawada Shinjun,,,,,,,[research:https://ryukyu-bugei.com/?p=9260] Absent. Distinct from Tawada Shinboku; keep the two Tawada separate if both are added.,proposed
W0010,Shirotaru,,,,,,,"[research:https://ryukyu-bugei.com/?p=7553] Absent. Legendary/semi-historical figure (name attested 1314 per OKKJ 2008); if added, mark legendary=yes like other legend nodes.",proposed
W0011,Nohara Hoichi ('Nohara no Ojisan'),,,,,,,[research:https://ryukyu-bugei.com/?p=3458] Absent. C00565 Takao Nohara is presumably a different person (given names differ).,proposed
W0012,Fukuhara Chosei,,,,,,,"[research:https://medium.com/@motobu715/self-introduction-9c4fb4e44e5a] Absent. Motobu-ryu master in Osaka, teacher of Motobu Naoki (A0220); adding him enables that edge.",proposed
W0013,Tamagusuku Seiju,,1868,1945,,,,[research:https://medium.com/motobu-ryu-blog/autobiography-of-uehara-seikichi-1-e8acdec5e742] Absent. Appears in Uehara Seikichi's autobiography; no Tamagusuku nodes exist.,proposed
W0014,Tamotsu Sachie,,1923,2016,,,,"[research:http://web.archive.org/web/20220702201828/https://ryukyu-bugei.com/?p=6937] Absent. Eyewitness source (Tamotsu family, Kagoshima; A0046 Isamu, A0047 Iwao, A0048 Yuzo Tamotsu exist). Chiefly a testimony source rather than a lineage",proposed
W0015,Bushi Nagahama,,,,,,,[research:https://ryukyu-bugei.com/wp-content/uploads/2013/12/preview2.pdf] Absent from dataset. Teacher of Itosu Anko per Motobu/Quast sources; only surname and Naha locality known.,proposed
W0016,Miyagi Hisateru,,1895,,,,,[research:https://ryukyu-bugei.com/?p=7432] Absent from dataset. Author of 'Karatedo'; student of Yabu Kentsu and Itosu Anko.,proposed
W0017,Tawada 'Meganto' Shinboku,,,,,,,[research:https://ryukyu-bugei.com/?p=5186] Absent from dataset. Student of Matsumura Sokon; eponym of Tawada no Sai. Needed for the Matsumura -> Tawada edge.,proposed
W0018,Nakazato Bokuhitsu,,1835,1902,,,,[research:https://ryukyu-bugei.com/?p=7351] Absent from dataset (no Bokuhitsu among the Nakazatos). Tomari figure; death year uncertain per source.,proposed
W0019,Marukawa Kenji,,,,motobu-ryu|kenpo,,,[research:https://medium.com/@motobu715/the-secretiveness-of-motobu-ch%C5%8Dki-95db4441cd04] Absent from dataset. Tokyo student of Motobu Choki for ten years; filmed performing Choki's Seisan in 1992. Needed for the Choki -> Marukawa edge.,proposed
W0020,Kin Ryojin and Kin Ryosho,,,,,,,[research:https://medium.com/motobu-ryu-blog/is-motobus-karate-self-taught-bd3c3b9bf7eb] Both absent from dataset. NB: this is two separate people bundled in one claim; create two nodes (Okinawan figures mentioned in Motobu Naoki's article),proposed
W0021,Ganeku Shinko,,,,shuri-te,,,[research:http://web.archive.org/web/20240225020323/https://ryukyu-bugei.com/?p=5016] Absent from dataset. Adding him implies a new edge Itosu Anko (Q527422) -> Ganeku Shinko.,proposed
W0022,Tokuda Antei,,1884,1979,,,,[research:https://ryukyu-bugei.com/?p=7324] Absent from dataset; distinct from C00003 Anbun Tokuda (1886-1945). Shuri; Prefectural Middle School / Normal School memoirist who trained under Itosu-era teachers.,proposed
W0023,Miyake Sango,,,,,,,[research:https://ryukyu-bugei.com/?tag=miyake-sango] Absent from dataset. Minimal data on the claim page (tag only); mainland budo instructor associated with early karate period. Low priority.,proposed
W0024,Yonamine Isshun,,,,,,,[research:https://ryukyu-bugei.com/?p=8166] Absent from dataset (existing Yonamine entries are different given names).,proposed
W0025,Maeshiro Chotoku,,1909,1979,,,,[research:https://ryukyu-bugei.com/?p=3954] Absent from dataset (existing Maeshiro are Morinobu and Shusei). Yamane-ryu bojutsu context (Oshiro Chojo lineage page).,proposed
W0026,Kanegawa no Gibu,,,,,,,[research:https://ryukyu-bugei.com/?p=5186] Absent from dataset (A0024 Sokuichi Gibu is unrelated). Kobudo transmission figure named in Taira Shinken article; no dates.,proposed
W0027,Nakata Mizuhiko,,,,,,,"[research:https://medium.com/@motobu715/motobu-ch%C5%8Dki-is-tomari-te-1c70d1dc4e2c] Absent from dataset (A0040 Pat Nakata unrelated). Karate essayist/associate of Motobu Choki; chronicler rather than lineage node, include per project polic",proposed
W0028,Arakaki Ansei,,,,,,,"[research:http://web.archive.org/web/20240225010834/https://ryukyu-bugei.com/?p=4661] Absent from dataset (Q4770567 Ansei Ueshiro is a different person). Kyan/Arakaki-ryu lineage, Okinawa; no dates in claim.",proposed
