node_id,style_id,reason,status
A0001,moo-duk-kwan,"[taxonomy:Mainland Japanese + Korean trees (Shotokan, Wado, Chito, Shudokan group, Shindo Jinen-ryu, Kushin-ryu, Koei-kan, Kyokushin tree, Taekwondo kwans, ITF/Kukkiwon, Tang Soo Do/Soo Bahk Do)/confirmed] Founder of the Moo Duk Kwan (1945)",proposed
A0001,soo-bahk-do,"[taxonomy:Mainland Japanese + Korean trees (Shotokan, Wado, Chito, Shudokan group, Shindo Jinen-ryu, Kushin-ryu, Koei-kan, Kyokushin tree, Taekwondo kwans, ITF/Kukkiwon, Tang Soo Do/Soo Bahk Do)/confirmed] Founder of Soo Bahk Do (Korea Soo ",proposed
A0003,itf-taekwondo,"[taxonomy:Mainland Japanese + Korean trees (Shotokan, Wado, Chito, Shudokan group, Shindo Jinen-ryu, Kushin-ryu, Koei-kan, Kyokushin tree, Taekwondo kwans, ITF/Kukkiwon, Tang Soo Do/Soo Bahk Do)/confirmed] ITF founding pioneer",proposed
A0003,oh-do-kwan,"[taxonomy:Mainland Japanese + Korean trees (Shotokan, Wado, Chito, Shudokan group, Shindo Jinen-ryu, Kushin-ryu, Koei-kan, Kyokushin tree, Taekwondo kwans, ITF/Kukkiwon, Tang Soo Do/Soo Bahk Do)/confirmed] Co-founder of the Oh Do Kwan with ",proposed
A0006,nisei-goju,"[taxonomy:Goju-ryu complete tree (Okinawan branches, Japanese Goju-kai and its offshoots)/confirmed] Peter Urban student; co-founded Nisei Gōjū-ryū in 1969 with Harry Rosenstein and Ron Taganashi.",proposed
A0007,pangai-noon,"[taxonomy:kobudo + uechi-ryu + remaining trees (ryuei-ryu, kojo-ryu, toon-ryu, motobu, kishimoto-di, bugeikan, genseiryu/taido)/confirmed] Uechi Kanbun's teacher in Fuzhou; source of the Pangai-noon art that became Uechi-ryū.",proposed
A0014,iogkf,"[taxonomy:Goju-ryu complete tree (Okinawan branches, Japanese Goju-kai and its offshoots)/confirmed] IOGKF World Chief Instructor, successor to Morio Higaonna.",proposed
A0016,iogkf,"[taxonomy:Goju-ryu complete tree (Okinawan branches, Japanese Goju-kai and its offshoots)/confirmed] Long-serving IOGKF senior instructor and Vice Chief Instructor (South Africa).",proposed
A0018,kishimoto-di,"[taxonomy:kobudo + uechi-ryu + remaining trees (ryuei-ryu, kojo-ryu, toon-ryu, motobu, kishimoto-di, bugeikan, genseiryu/taido)/plausible] Source of the system: 'Bushi' Tachimura (1814–1899), fellow student line of Sakugawa's Shuri-te, whos",proposed
A0026,inoue-ha-shito-ryu,"[taxonomy:shito-ryu/confirmed] Uchi-deshi of Teruo Hayashi; founded Inoue-ha Shito-ryu Keishin-kai (Tottori) after Hayashi's death, as a direct descendant of Hayashi-ha.",proposed
A0054,shogen-ryu,[taxonomy:shorin-ryu-tree/confirmed] Founder of Shogen-ryu (2000) after stepping down as first WMKA president; more precise than his current matsubayashi-ryu tag.,proposed
A0068,kenshinkan,[taxonomy:shorin-ryu-tree/confirmed] Son of Fusei Kise and current head of the Kenshin-kan federation; more precise than his current matsumura-seito tag.,proposed
A0079,kimura-shukokai,[taxonomy:shito-ryu/confirmed] Tani's student from 1957 and eponym of Kimura Shukokai; his method was formalised as Kimura Shukokai International after his death in 1995.,proposed
A0080,yamada-ha-shito-ryu-shukokai,[taxonomy:shito-ryu/confirmed] Selected inaugural head of the Shito-ryu Shukokai Karate-do Union on 28 June 1998; now 10th dan soke of the Yamada-ha Shukokai World Union.,proposed
A0081,kimura-shukokai,[taxonomy:shito-ryu/confirmed] One of the four senior Kimura students (Great Britain) who lead Kimura Shukokai International.,proposed
A0082,kimura-shukokai,[taxonomy:shito-ryu/confirmed] One of the four senior Kimura students (spelled Breslaw in Wikipedia) who lead Kimura Shukokai International.,proposed
A0083,kimura-shukokai,[taxonomy:shito-ryu/confirmed] One of the four senior Kimura students who lead Kimura Shukokai International.,proposed
A0084,kimura-shukokai,[taxonomy:shito-ryu/confirmed] One of the four senior Kimura students (South Africa) who lead Kimura Shukokai International.,proposed
A0086,seiko-kai,[taxonomy:shito-ryu/confirmed] Student of Ryusho Sakagami from 1954; founded Suzuki-ha Shito-ryu Nihon Karatedo Seiko-kai after Sakagami's death in 1993.,proposed
A0089,kotaka-ha-shito-ryu,"[taxonomy:shito-ryu/confirmed] All Japan Seishinkai champion 1960-62; founded the International Karate Federation in Honolulu in 1966, where Kotaka-ha Shito-ryu was born.",proposed
A0091,seito-shito-ryu,"[taxonomy:shito-ryu/confirmed] Daughter of Kenzo Mabuni; announced 3rd soke of Seito Shito-ryu at the 5th International Seito Shito-Ryu Taikai, Osaka, July 2005.",proposed
A0092,shito-kai,[taxonomy:shito-ryu/confirmed] Son of Manzo Iwata; current president (kaicho) of the World Shito-ryu Karatedo Federation / Shito-kai.,proposed
A0093,kuniba-ha,[taxonomy:shito-ryu/confirmed] Named by Shogo Kuniba as second soke of Kuniba-ryu Karate-do and Kuniba-ryu Goshindo on 16 March 1992.,proposed
A0094,kuniba-ha,"[taxonomy:shito-ryu/confirmed] Son of Shogo Kuniba; co-heads Nihon Karate-do Kuniba-kai (established 1999), the home organisation of Motobu-ha/Kuniba-ha Shito-ryu.",proposed
A0104,shobayashi-shorin-ryu,[taxonomy:shorin-ryu-tree/confirmed] Trained in the Eizo Shimabukuro Shobayashi line per roster tags; also leads Dentokan (Seidokan lineage).,proposed
A0117,ryukyu-kobudo-akamine,"[taxonomy:kobudo + uechi-ryu + remaining trees (ryuei-ryu, kojo-ryu, toon-ryu, motobu, kishimoto-di, bugeikan, genseiryu/taido)/confirmed] Son of Eisuke Akamine; led the Hozon Shinkō Kai until 2011, then formed the Ryūkyū Kobudō Shimbukan a",proposed
A0118,ryukyu-kobudo-tesshinkan,"[taxonomy:kobudo + uechi-ryu + remaining trees (ryuei-ryu, kojo-ryu, toon-ryu, motobu, kishimoto-di, bugeikan, genseiryu/taido)/confirmed] Senior student of Akamine Eisuke; founded the Ryūkyū Kobudō Tesshinkan in May 1999 with Akamine's per",proposed
A0119,ryukyu-kobudo-akamine,"[taxonomy:kobudo + uechi-ryu + remaining trees (ryuei-ryu, kojo-ryu, toon-ryu, motobu, kishimoto-di, bugeikan, genseiryu/taido)/confirmed] Senior student of Akamine Eisuke; kaichō (fifth director) of the Ryūkyū Kobudō Hozon Shinkō Kai from ",proposed
A0120,ryukyu-kobujutsu-hozon-shinko-kai,"[taxonomy:kobudo + uechi-ryu + remaining trees (ryuei-ryu, kojo-ryu, toon-ryu, motobu, kishimoto-di, bugeikan, genseiryu/taido)/confirmed] Son of Inoue Motokatsu and his successor as head of the Ryūkyū Kobujutsu Hozon Shinkō Kai / Yuishinka",proposed
A0121,kingai-ryu,"[taxonomy:kobudo + uechi-ryu + remaining trees (ryuei-ryu, kojo-ryu, toon-ryu, motobu, kishimoto-di, bugeikan, genseiryu/taido)/confirmed] Documented inheritor of Kingai-ryū methods (featured demonstrating Kingai-ryū karate and kama-jutsu).",proposed
A0123,kenshikai,"[taxonomy:Goju-ryu complete tree (Okinawan branches, Japanese Goju-kai and its offshoots)/confirmed] Founded the Okinawa Gōjū-ryū Kenshikai (16 February 1978); 10th dan and founder of the Okinawa karate museum.",proposed
A0130,bunbukan,"[taxonomy:kobudo + uechi-ryu + remaining trees (ryuei-ryu, kojo-ryu, toon-ryu, motobu, kishimoto-di, bugeikan, genseiryu/taido)/plausible] Son of Nakamoto Masahiro and successor at the Bunbukan honbu in Shuri, per Bunbukan organisation mate",proposed
A0132,shodokan-goju-ryu,"[taxonomy:Goju-ryu complete tree (Okinawan branches, Japanese Goju-kai and its offshoots)/confirmed] Top student of Seko Higa in the Shōdōkan line; principal teacher of Tetsuhiro Hokama.",proposed
A0138,shobukan,"[taxonomy:Goju-ryu complete tree (Okinawan branches, Japanese Goju-kai and its offshoots)/confirmed] Founded the Shōbukan in 1963 and built it into an international Okinawan Gōjū-ryū organisation.",proposed
A0139,shobukan,"[taxonomy:Goju-ryu complete tree (Okinawan branches, Japanese Goju-kai and its offshoots)/confirmed] Son of Masanobu Shinjo; current head of the Shōbukan.",proposed
A0140,shobukan,"[taxonomy:Goju-ryu complete tree (Okinawan branches, Japanese Goju-kai and its offshoots)/plausible] Shinjo family senior instructor within the Shōbukan organisation.",proposed
A0150,chung-do-kwan,"[taxonomy:Mainland Japanese + Korean trees (Shotokan, Wado, Chito, Shudokan group, Shindo Jinen-ryu, Kushin-ryu, Koei-kan, Kyokushin tree, Taekwondo kwans, ITF/Kukkiwon, Tang Soo Do/Soo Bahk Do)/confirmed] Second head of the Chung Do Kwan; ",proposed
A0151,song-moo-kwan,"[taxonomy:Mainland Japanese + Korean trees (Shotokan, Wado, Chito, Shudokan group, Shindo Jinen-ryu, Kushin-ryu, Koei-kan, Kyokushin tree, Taekwondo kwans, ITF/Kukkiwon, Tang Soo Do/Soo Bahk Do)/confirmed] Founder of the Song Moo Kwan (1944",proposed
A0152,ji-do-kwan,"[taxonomy:Mainland Japanese + Korean trees (Shotokan, Wado, Chito, Shudokan group, Shindo Jinen-ryu, Kushin-ryu, Koei-kan, Kyokushin tree, Taekwondo kwans, ITF/Kukkiwon, Tang Soo Do/Soo Bahk Do)/confirmed] First president of the Jidokwan (1",proposed
A0153,soo-bahk-do,"[taxonomy:Mainland Japanese + Korean trees (Shotokan, Wado, Chito, Shudokan group, Shindo Jinen-ryu, Kushin-ryu, Koei-kan, Kyokushin tree, Taekwondo kwans, ITF/Kukkiwon, Tang Soo Do/Soo Bahk Do)/confirmed] Son of Hwang Kee, head of Soo Bahk",proposed
A0154,chang-moo-kwan,"[taxonomy:Mainland Japanese + Korean trees (Shotokan, Wado, Chito, Shudokan group, Shindo Jinen-ryu, Kushin-ryu, Koei-kan, Kyokushin tree, Taekwondo kwans, ITF/Kukkiwon, Tang Soo Do/Soo Bahk Do)/confirmed] Founder of the YMCA Kwon Bup Bu / ",proposed
A0155,ji-do-kwan,"[taxonomy:Mainland Japanese + Korean trees (Shotokan, Wado, Chito, Shudokan group, Shindo Jinen-ryu, Kushin-ryu, Koei-kan, Kyokushin tree, Taekwondo kwans, ITF/Kukkiwon, Tang Soo Do/Soo Bahk Do)/confirmed] Founder of the Chosun Yun Mu Kwan ",proposed
A0156,chung-do-kwan,"[taxonomy:Mainland Japanese + Korean trees (Shotokan, Wado, Chito, Shudokan group, Shindo Jinen-ryu, Kushin-ryu, Koei-kan, Kyokushin tree, Taekwondo kwans, ITF/Kukkiwon, Tang Soo Do/Soo Bahk Do)/confirmed] Long-time head of the Chung Do Kwa",proposed
A0156,kukki-taekwondo,"[taxonomy:Mainland Japanese + Korean trees (Shotokan, Wado, Chito, Shudokan group, Shindo Jinen-ryu, Kushin-ryu, Koei-kan, Kyokushin tree, Taekwondo kwans, ITF/Kukkiwon, Tang Soo Do/Soo Bahk Do)/confirmed] President of the Kukkiwon",proposed
A0172,han-moo-kwan,"[taxonomy:Mainland Japanese + Korean trees (Shotokan, Wado, Chito, Shudokan group, Shindo Jinen-ryu, Kushin-ryu, Koei-kan, Kyokushin tree, Taekwondo kwans, ITF/Kukkiwon, Tang Soo Do/Soo Bahk Do)/confirmed] Founder of the Han Moo Kwan (1954)",proposed
A0173,jung-do-kwan,"[taxonomy:Mainland Japanese + Korean trees (Shotokan, Wado, Chito, Shudokan group, Shindo Jinen-ryu, Kushin-ryu, Koei-kan, Kyokushin tree, Taekwondo kwans, ITF/Kukkiwon, Tang Soo Do/Soo Bahk Do)/confirmed] Founder of the Jung Do Kwan (1956,",proposed
A0174,kang-duk-won,"[taxonomy:Mainland Japanese + Korean trees (Shotokan, Wado, Chito, Shudokan group, Shindo Jinen-ryu, Kushin-ryu, Koei-kan, Kyokushin tree, Taekwondo kwans, ITF/Kukkiwon, Tang Soo Do/Soo Bahk Do)/confirmed] Co-founder of the Kang Duk Won (19",proposed
A0175,kang-duk-won,"[taxonomy:Mainland Japanese + Korean trees (Shotokan, Wado, Chito, Shudokan group, Shindo Jinen-ryu, Kushin-ryu, Koei-kan, Kyokushin tree, Taekwondo kwans, ITF/Kukkiwon, Tang Soo Do/Soo Bahk Do)/confirmed] Co-founder of the Kang Duk Won (19",proposed
A0176,ji-do-kwan,"[taxonomy:Mainland Japanese + Korean trees (Shotokan, Wado, Chito, Shudokan group, Shindo Jinen-ryu, Kushin-ryu, Koei-kan, Kyokushin tree, Taekwondo kwans, ITF/Kukkiwon, Tang Soo Do/Soo Bahk Do)/confirmed] Senior Jidokwan leader",proposed
A0176,kukki-taekwondo,"[taxonomy:Mainland Japanese + Korean trees (Shotokan, Wado, Chito, Shudokan group, Shindo Jinen-ryu, Kushin-ryu, Koei-kan, Kyokushin tree, Taekwondo kwans, ITF/Kukkiwon, Tang Soo Do/Soo Bahk Do)/confirmed] Senior Kukkiwon figure (vice-presi",proposed
A0177,chang-moo-kwan,"[taxonomy:Mainland Japanese + Korean trees (Shotokan, Wado, Chito, Shudokan group, Shindo Jinen-ryu, Kushin-ryu, Koei-kan, Kyokushin tree, Taekwondo kwans, ITF/Kukkiwon, Tang Soo Do/Soo Bahk Do)/confirmed] Second head of the Chang Moo Kwan",proposed
A0178,itf-taekwondo,"[taxonomy:Mainland Japanese + Korean trees (Shotokan, Wado, Chito, Shudokan group, Shindo Jinen-ryu, Kushin-ryu, Koei-kan, Kyokushin tree, Taekwondo kwans, ITF/Kukkiwon, Tang Soo Do/Soo Bahk Do)/confirmed] One of the original ITF masters",proposed
A0179,itf-taekwondo,"[taxonomy:Mainland Japanese + Korean trees (Shotokan, Wado, Chito, Shudokan group, Shindo Jinen-ryu, Kushin-ryu, Koei-kan, Kyokushin tree, Taekwondo kwans, ITF/Kukkiwon, Tang Soo Do/Soo Bahk Do)/confirmed] ITF pioneer, father of British tae",proposed
A0180,itf-taekwondo,"[taxonomy:Mainland Japanese + Korean trees (Shotokan, Wado, Chito, Shudokan group, Shindo Jinen-ryu, Kushin-ryu, Koei-kan, Kyokushin tree, Taekwondo kwans, ITF/Kukkiwon, Tang Soo Do/Soo Bahk Do)/confirmed] Original ITF master, pioneer in Ca",proposed
A0181,itf-taekwondo,"[taxonomy:Mainland Japanese + Korean trees (Shotokan, Wado, Chito, Shudokan group, Shindo Jinen-ryu, Kushin-ryu, Koei-kan, Kyokushin tree, Taekwondo kwans, ITF/Kukkiwon, Tang Soo Do/Soo Bahk Do)/confirmed] Senior ITF master (later founded t",proposed
A0182,itf-taekwondo,"[taxonomy:Mainland Japanese + Korean trees (Shotokan, Wado, Chito, Shudokan group, Shindo Jinen-ryu, Kushin-ryu, Koei-kan, Kyokushin tree, Taekwondo kwans, ITF/Kukkiwon, Tang Soo Do/Soo Bahk Do)/confirmed] Original ITF master",proposed
A0183,itf-taekwondo,"[taxonomy:Mainland Japanese + Korean trees (Shotokan, Wado, Chito, Shudokan group, Shindo Jinen-ryu, Kushin-ryu, Koei-kan, Kyokushin tree, Taekwondo kwans, ITF/Kukkiwon, Tang Soo Do/Soo Bahk Do)/confirmed] Original ITF master",proposed
A0197,inoue-ha-shito-ryu,[taxonomy:shito-ryu/confirmed] Student of Yoshimi Inoue; 2012 world kata champion and one of the three students who promoted Inoue-ha Shito-ryu after Inoue's death.,proposed
A0204,shito-kai,[taxonomy:shito-ryu/confirmed] [repointed on the verifier's ruling] Ishimi trained under Tsuzikawa and Kenei Mabuni and was Shito-kai's European representative; no Sakagami/Itosu-kai link,proposed
A0211,genseiryu,"[taxonomy:kobudo + uechi-ryu + remaining trees (ryuei-ryu, kojo-ryu, toon-ryu, motobu, kishimoto-di, bugeikan, genseiryu/taido)/confirmed] Founder of Genseiryū (name first used 1953), built on his training under Sadoyama and Kishimoto Sōkō;",proposed
A0217,goju-kai,"[taxonomy:Goju-ryu complete tree (Okinawan branches, Japanese Goju-kai and its offshoots)/plausible] Senior Gōjū-ryū instructor in Gogen Yamaguchi's mainland organisation; teacher of Mas Oyama.",proposed
A0228,goju-kai,"[taxonomy:Goju-ryu complete tree (Okinawan branches, Japanese Goju-kai and its offshoots)/plausible] Duplicate roster entry for So Nei Chu (A0217); same Gōjū-kai assignment.",proposed
A0230,kajukenbo,"[taxonomy:kenpo + international trees (kenpo family, American karate offshoots, Nanbu styles)/confirmed] Principal founder (sijo) of Kajukenbo, created 1947 at the Palama Settlement, Hawaii; his kenpo came from William Chow's line. Roster h",proposed
A0232,tracy-kenpo,"[taxonomy:kenpo + international trees (kenpo family, American karate offshoots, Nanbu styles)/confirmed] Co-founder (with brother Jim) of the Tracy system, opened the first Tracy studio in San Francisco in 1962 after black belts under Ed Pa",proposed
C00001,kojo-ryu,"[taxonomy:kobudo + uechi-ryu + remaining trees (ryuei-ryu, kojo-ryu, toon-ryu, motobu, kishimoto-di, bugeikan, genseiryu/taido)/plausible] Kojō family member ('Akahige', the red-bearded doctor) in the family transmission.",proposed
C00035,ryukyu-kobudo-akamine,"[taxonomy:kobudo + uechi-ryu + remaining trees (ryuei-ryu, kojo-ryu, toon-ryu, motobu, kishimoto-di, bugeikan, genseiryu/taido)/confirmed] Taira's named successor and second president of the Hozon Shinkō Kai; built the Shinbukan dōjō (1971)",proposed
C00064,uechi-ryu,"[taxonomy:kobudo + uechi-ryu + remaining trees (ryuei-ryu, kojo-ryu, toon-ryu, motobu, kishimoto-di, bugeikan, genseiryu/taido)/confirmed] Early student of Uechi Kanbun in Wakayama and patriarch of the Shinjō family line (father of Seiyū).",proposed
C00075,ryuei-ryu,"[taxonomy:kobudo + uechi-ryu + remaining trees (ryuei-ryu, kojo-ryu, toon-ryu, motobu, kishimoto-di, bugeikan, genseiryu/taido)/confirmed] Son of Norisato; second-generation family transmission in secret.",proposed
C00085,goju-kai-usa,"[taxonomy:Goju-ryu complete tree (Okinawan branches, Japanese Goju-kai and its offshoots)/confirmed] Eldest son of Gogen Yamaguchi; arrived in San Francisco in 1964 and formally established Gōjū-Kai Karate-dō USA (1965).",proposed
C00086,goju-kai,"[taxonomy:Goju-ryu complete tree (Okinawan branches, Japanese Goju-kai and its offshoots)/confirmed] Son of Gogen Yamaguchi; president of the International Karate-dō Gōjū-kai Association (IKGA).",proposed
C00107,kojo-ryu,"[taxonomy:kobudo + uechi-ryu + remaining trees (ryuei-ryu, kojo-ryu, toon-ryu, motobu, kishimoto-di, bugeikan, genseiryu/taido)/confirmed] Son of Saikyō (1910–1996); last head of the family style.",proposed
C00108,kojo-ryu,"[taxonomy:kobudo + uechi-ryu + remaining trees (ryuei-ryu, kojo-ryu, toon-ryu, motobu, kishimoto-di, bugeikan, genseiryu/taido)/confirmed] Fourth-generation head (1849–1925); introduced the Tenkan, Kūkan and Chikan kata that define the styl",proposed
C00117,uechi-ryu,"[taxonomy:kobudo + uechi-ryu + remaining trees (ryuei-ryu, kojo-ryu, toon-ryu, motobu, kishimoto-di, bugeikan, genseiryu/taido)/confirmed] Son of Uechi Kanei; president of the Uechi-ryū Karate-dō Association (Sōke Shūbukai) after the 1991 s",proposed
C00141,kojo-ryu,"[taxonomy:kobudo + uechi-ryu + remaining trees (ryuei-ryu, kojo-ryu, toon-ryu, motobu, kishimoto-di, bugeikan, genseiryu/taido)/plausible] Kojō family head in the 19th-century transmission of the family style.",proposed
C00197,uechi-ryu,"[taxonomy:kobudo + uechi-ryu + remaining trees (ryuei-ryu, kojo-ryu, toon-ryu, motobu, kishimoto-di, bugeikan, genseiryu/taido)/confirmed] Uechi family instructor in the Wakayama/Kansai line per Uechi family histories; currently tagged only",proposed
C00201,bunbukan,"[taxonomy:kobudo + uechi-ryu + remaining trees (ryuei-ryu, kojo-ryu, toon-ryu, motobu, kishimoto-di, bugeikan, genseiryu/taido)/confirmed] Founder and chairman of the Okinawa Dentō Kobudō Hozonkai Bunbukan; studied Shōrin-ryū under Chibana ",proposed
C00212,toon-ryu,"[taxonomy:kobudo + uechi-ryu + remaining trees (ryuei-ryu, kojo-ryu, toon-ryu, motobu, kishimoto-di, bugeikan, genseiryu/taido)/confirmed] Student of Kyoda Jūhatsu who carried the tradition in his Fukuoka branch; currently tagged only karat",proposed
C00229,ryuei-ryu,"[taxonomy:kobudo + uechi-ryu + remaining trees (ryuei-ryu, kojo-ryu, toon-ryu, motobu, kishimoto-di, bugeikan, genseiryu/taido)/confirmed] Son of Kenkō and fourth-generation head of the Nakaima family line.",proposed
C00232,ryuei-ryu,"[taxonomy:kobudo + uechi-ryu + remaining trees (ryuei-ryu, kojo-ryu, toon-ryu, motobu, kishimoto-di, bugeikan, genseiryu/taido)/confirmed] Third-generation head; made the family style public in 1971 and founded the Ryūei-ryū Preservation So",proposed
C00244,ryuei-ryu,"[taxonomy:kobudo + uechi-ryu + remaining trees (ryuei-ryu, kojo-ryu, toon-ryu, motobu, kishimoto-di, bugeikan, genseiryu/taido)/confirmed] Brought the art from Ryū Ryū Ko in Fuzhou to Okinawa (c. 1870s); first-generation family head.",proposed
C00245,matayoshi-kobudo,"[taxonomy:kobudo + uechi-ryu + remaining trees (ryuei-ryu, kojo-ryu, toon-ryu, motobu, kishimoto-di, bugeikan, genseiryu/taido)/confirmed] Studied kobudō under Matayoshi Shinpō from 1963; founded the World Oshukai Federation spreading Matay",proposed
C00246,seito-shito-ryu,[taxonomy:shito-ryu/confirmed] Second son of Kenwa Mabuni; inherited the Osaka dojo and Nippon Karate-do Kai in 1952 and led the orthodox (Seito) line until 2005.,proposed
C00253,bugeikan,"[taxonomy:kobudo + uechi-ryu + remaining trees (ryuei-ryu, kojo-ryu, toon-ryu, motobu, kishimoto-di, bugeikan, genseiryu/taido)/confirmed] Current head of the Bugeikan, son of founder Higa Seitoku.",proposed
C00253,kishimoto-di,"[taxonomy:kobudo + uechi-ryu + remaining trees (ryuei-ryu, kojo-ryu, toon-ryu, motobu, kishimoto-di, bugeikan, genseiryu/taido)/confirmed] Son of Higa Seitoku; continues passing on the KishimotoDī system at the Bugeikan.",proposed
C00263,kojo-ryu,"[taxonomy:kobudo + uechi-ryu + remaining trees (ryuei-ryu, kojo-ryu, toon-ryu, motobu, kishimoto-di, bugeikan, genseiryu/taido)/confirmed] Grandson of Kaho (1873–1941); integrated other Okinawan methods and sai-jutsu into the family style.",proposed
C00268,kojo-ryu,"[taxonomy:kobudo + uechi-ryu + remaining trees (ryuei-ryu, kojo-ryu, toon-ryu, motobu, kishimoto-di, bugeikan, genseiryu/taido)/plausible] Kojō family lineage figure in the Kumemura family-art genealogy.",proposed
C00269,kojo-ryu,"[taxonomy:kobudo + uechi-ryu + remaining trees (ryuei-ryu, kojo-ryu, toon-ryu, motobu, kishimoto-di, bugeikan, genseiryu/taido)/confirmed] Kojō Uēkata (Cai Zhaogong, 1656–1737), founder figure of the Kojō family art of Kumemura.",proposed
C00334,goju-kensha,"[taxonomy:Goju-ryu complete tree (Okinawan branches, Japanese Goju-kai and its offshoots)/confirmed] Founded Gōjū Kensha in Tokyo in 1970 (renaming his Seishinkan dojo); student of Sosui Ichikawa in the Senbukan line.",proposed
C00352,kojo-ryu,"[taxonomy:kobudo + uechi-ryu + remaining trees (ryuei-ryu, kojo-ryu, toon-ryu, motobu, kishimoto-di, bugeikan, genseiryu/taido)/plausible] Kojō family member in the family lineage charts.",proposed
C00373,ryukyu-kobudo,"[taxonomy:kobudo + uechi-ryu + remaining trees (ryuei-ryu, kojo-ryu, toon-ryu, motobu, kishimoto-di, bugeikan, genseiryu/taido)/confirmed] Taira Shinken's kobudō teacher; founded the predecessor Ryūkyū Kobujutsu Kenkyūkai (1911) that Taira'",proposed
C00438,shohei-ryu,"[taxonomy:kobudo + uechi-ryu + remaining trees (ryuei-ryu, kojo-ryu, toon-ryu, motobu, kishimoto-di, bugeikan, genseiryu/taido)/confirmed] Son of Tomoyose Ryūyū and teacher of Mattson; leading founder-figure of Okikukai after Uechi Kanei's ",proposed
C00440,itosu-ryu,[taxonomy:shito-ryu/confirmed] 3rd soke of Itosu-ha from 1952; renamed his line Itosu-ryu in 1969 under the Japan Karatedo Itosu-kai.,proposed
C00441,uechi-ryu,"[taxonomy:kobudo + uechi-ryu + remaining trees (ryuei-ryu, kojo-ryu, toon-ryu, motobu, kishimoto-di, bugeikan, genseiryu/taido)/confirmed] Kanbun Uechi's first and senior student in Wakayama, who persuaded him to teach publicly.",proposed
C00449,yamanni-ryu,"[taxonomy:kobudo + uechi-ryu + remaining trees (ryuei-ryu, kojo-ryu, toon-ryu, motobu, kishimoto-di, bugeikan, genseiryu/taido)/confirmed] 'Yamane Usumei'; introduced the style's hallmark bouncing bō motion, and the style is named after him",proposed
C00450,ufuchiku-kobujutsu,"[taxonomy:kobudo + uechi-ryu + remaining trees (ryuei-ryu, kojo-ryu, toon-ryu, motobu, kishimoto-di, bugeikan, genseiryu/taido)/confirmed] Founder of Ufuchiku kobudō (1841–1921); police commissioner ('ufuchiku'), hence the style name.",proposed
C00475,shodokan-goju-ryu,"[taxonomy:Goju-ryu complete tree (Okinawan branches, Japanese Goju-kai and its offshoots)/confirmed] Son of Seko Higa (b. 1927); succeeded his father as head of the Shōdōkan.",proposed
C00478,motobu-udundi,"[taxonomy:kobudo + uechi-ryu + remaining trees (ryuei-ryu, kojo-ryu, toon-ryu, motobu, kishimoto-di, bugeikan, genseiryu/taido)/confirmed] Chōyū's student and the post-war preserver and head of Motobu Udundī; currently tagged only karate-ge",proposed
C00480,konan-ryu,"[taxonomy:kobudo + uechi-ryu + remaining trees (ryuei-ryu, kojo-ryu, toon-ryu, motobu, kishimoto-di, bugeikan, genseiryu/taido)/confirmed] Led the 1978 breakaway (initially Pangainoon-ryū) and renamed it Kōnan-ryū; currently tagged only kar",proposed
C00494,bugeikan,"[taxonomy:kobudo + uechi-ryu + remaining trees (ryuei-ryu, kojo-ryu, toon-ryu, motobu, kishimoto-di, bugeikan, genseiryu/taido)/confirmed] Founded the Bugeikan in 1951 to preserve old Okinawan systems (KishimotoDī, Motobu Udundī, Yamane-ryū",proposed
C00494,kishimoto-di,"[taxonomy:kobudo + uechi-ryu + remaining trees (ryuei-ryu, kojo-ryu, toon-ryu, motobu, kishimoto-di, bugeikan, genseiryu/taido)/confirmed] Inheritor of Kishimoto's art; preserved KishimotoDī within his Bugeikan curriculum.",proposed
C00506,kojo-ryu,"[taxonomy:kobudo + uechi-ryu + remaining trees (ryuei-ryu, kojo-ryu, toon-ryu, motobu, kishimoto-di, bugeikan, genseiryu/taido)/confirmed] Kojō family member of the post-war generation in the family lineage.",proposed
C00518,ufuchiku-kobujutsu,"[taxonomy:kobudo + uechi-ryu + remaining trees (ryuei-ryu, kojo-ryu, toon-ryu, motobu, kishimoto-di, bugeikan, genseiryu/taido)/confirmed] Listed among Kina Shōsei's Okinawan students of Ufuchiku kobujutsu; currently tagged only karate-gene",proposed
C00527,ufuchiku-kobujutsu,"[taxonomy:kobudo + uechi-ryu + remaining trees (ryuei-ryu, kojo-ryu, toon-ryu, motobu, kishimoto-di, bugeikan, genseiryu/taido)/confirmed] Second-generation sōke after Kanagusuku's death; trained from 1906 in the system's twenty-five weapon",proposed
C00542,kojo-ryu,"[taxonomy:kobudo + uechi-ryu + remaining trees (ryuei-ryu, kojo-ryu, toon-ryu, motobu, kishimoto-di, bugeikan, genseiryu/taido)/plausible] Kojō family member in the 20th-century transmission of the family style.",proposed
C00550,kishimoto-di,"[taxonomy:kobudo + uechi-ryu + remaining trees (ryuei-ryu, kojo-ryu, toon-ryu, motobu, kishimoto-di, bugeikan, genseiryu/taido)/confirmed] Namesake of the system (1862–1945); student of Tachimura, teacher of Higa Seitoku and Shukumine Seike",proposed
C00564,kojo-ryu,"[taxonomy:kobudo + uechi-ryu + remaining trees (ryuei-ryu, kojo-ryu, toon-ryu, motobu, kishimoto-di, bugeikan, genseiryu/taido)/confirmed] Kojō family head; associated with the family dōjō in Fuzhou where Okinawans trained.",proposed
C00566,konan-ryu,"[taxonomy:kobudo + uechi-ryu + remaining trees (ryuei-ryu, kojo-ryu, toon-ryu, motobu, kishimoto-di, bugeikan, genseiryu/taido)/confirmed] Co-led the 1978 breakaway with Itokazu Seiki and the renaming to Kōnan-ryū; currently tagged only kar",proposed
C00586,hayashi-ha-shito-ryu,[taxonomy:shito-ryu/confirmed] Founded Hayashi-ha Shito-ryu in Osaka in 1970 and led it until his death in 2004.,proposed
C00586,motobu-ha-shito-ryu,"[taxonomy:shito-ryu/confirmed] Chief disciple of Kosei Kuniba; president of Motobu-ha Seishin-kai from 1959 until 1970, when he handed leadership to Shogo Kuniba.",proposed
C00625,ryuei-ryu,"[taxonomy:kobudo + uechi-ryu + remaining trees (ryuei-ryu, kojo-ryu, toon-ryu, motobu, kishimoto-di, bugeikan, genseiryu/taido)/confirmed] Student of Nakaima Kenkō in the 1970s; world kata champion and the style's most prominent modern mast",proposed
C00628,shohei-ryu,"[taxonomy:kobudo + uechi-ryu + remaining trees (ryuei-ryu, kojo-ryu, toon-ryu, motobu, kishimoto-di, bugeikan, genseiryu/taido)/confirmed] Okikukai hanshi 10th dan, one of the senior masters of the 1991 Okikukai/Shōhei-ryū group; currently ",proposed
Q1046410,chung-do-kwan,"[taxonomy:Mainland Japanese + Korean trees (Shotokan, Wado, Chito, Shudokan group, Shindo Jinen-ryu, Kushin-ryu, Koei-kan, Kyokushin tree, Taekwondo kwans, ITF/Kukkiwon, Tang Soo Do/Soo Bahk Do)/confirmed] Trained in the Chung Do Kwan in Ko",proposed
Q106695378,senbukan,"[taxonomy:Goju-ryu complete tree (Okinawan branches, Japanese Goju-kai and its offshoots)/confirmed] Senior student of Kanki Izumigawa in the Senbukan line; founded the Sōsuikan dojo in Tokyo and taught Tadahiko Otsuka.",proposed
Q11449100,inoue-ha-shito-ryu,[taxonomy:shito-ryu/confirmed] Trained under Yoshimi Inoue from 2005; world kata champion 2012 and one of the three students who promoted Inoue-ha worldwide after his death.,proposed
Q115091,usa-goju,"[taxonomy:Goju-ryu complete tree (Okinawan branches, Japanese Goju-kai and its offshoots)/confirmed] Yamaguchi student who broke away and founded USA Gōjū (American Gōjū) in New York, opening the Chinatown Dojo in 1967.",proposed
Q130739281,shorin-ryu-reihokan,[taxonomy:shorin-ryu-tree/confirmed] Founder of the Reihokan branch of Kobayashi Shorin-ryu.,proposed
Q1473967,genbu-kai,[taxonomy:shito-ryu/confirmed] Trained under Ryusho Sakagami (Itosu-kai) from 1952; founded Shito-ryu Karate-do Genbu-kai International c. 1999 and led it until his death in 2023.,proposed
Q15987228,shorin-ryu-kyudokan,"[taxonomy:shorin-ryu-tree/confirmed] Founder of the Kyudokan dojo (Naha, 1947), Kobayashi line under Chibana.",proposed
Q15987278,ryukyu-hon-kenpo,[taxonomy:shorin-ryu-tree/confirmed] Student of Shigeru Nakamura; renamed his federation Ryukyu Hon Kenpo Kobujutsu in 1998.,proposed
Q1738762,goju-kai,"[taxonomy:Goju-ryu complete tree (Okinawan branches, Japanese Goju-kai and its offshoots)/confirmed] Trained in Gōjū-ryū under So Nei-chu within the Yamaguchi Gōjū-kai line before co-founding Kyokushin.",proposed
Q18230165,uechi-ryu,"[taxonomy:kobudo + uechi-ryu + remaining trees (ryuei-ryu, kojo-ryu, toon-ryu, motobu, kishimoto-di, bugeikan, genseiryu/taido)/confirmed] First American Uechi-ryū black belt; introduced the style to the United States (1958); currently tagg",proposed
Q1908088,kingai-ryu,"[taxonomy:kobudo + uechi-ryu + remaining trees (ryuei-ryu, kojo-ryu, toon-ryu, motobu, kishimoto-di, bugeikan, genseiryu/taido)/confirmed] Learned Kingai-ryū from his teacher Kingai in Fuzhou and passed it down as the Matayoshi family art.",proposed
Q1908090,kingai-ryu,"[taxonomy:kobudo + uechi-ryu + remaining trees (ryuei-ryu, kojo-ryu, toon-ryu, motobu, kishimoto-di, bugeikan, genseiryu/taido)/confirmed] Inherited and transmitted Kingai-ryū within the Matayoshi family curriculum.",proposed
Q2599967,iogkf,"[taxonomy:Goju-ryu complete tree (Okinawan branches, Japanese Goju-kai and its offshoots)/confirmed] Founded the International Okinawan Gōjū-ryū Karate-dō Federation in 1979 after training at the Jundōkan under An'ichi Miyagi.",proposed
Q27363,isshin-ryu-kobudo,"[taxonomy:kobudo + uechi-ryu + remaining trees (ryuei-ryu, kojo-ryu, toon-ryu, motobu, kishimoto-di, bugeikan, genseiryu/taido)/confirmed] Studied kobudō under Taira Shinken (and the Yabiku line) and embedded the weapons kata into Isshin-ry",proposed
Q294548,goju-kai,"[taxonomy:Goju-ryu complete tree (Okinawan branches, Japanese Goju-kai and its offshoots)/plausible] Studied Gōjū-ryū under So Nei Chu in the Japanese Gōjū line before founding Kyokushin.",proposed
Q303,american-kenpo,"[taxonomy:kenpo + international trees (kenpo family, American karate offshoots, Nanbu styles)/confirmed] Trained under Ed Parker and is listed among notable American Kenpo practitioners; Parker awarded him black-belt rank. Upgrades generic ",proposed
Q3139173,matsumura-seito,"[taxonomy:shorin-ryu-tree/confirmed] Head of Matsumura Seito (orthodox) Shorin-ryu, inherited the Matsumura family tradition from Nabe Matsumura.",proposed
Q356335,itf-taekwondo,"[taxonomy:Mainland Japanese + Korean trees (Shotokan, Wado, Chito, Shudokan group, Shindo Jinen-ryu, Kushin-ryu, Koei-kan, Kyokushin tree, Taekwondo kwans, ITF/Kukkiwon, Tang Soo Do/Soo Bahk Do)/confirmed] Founder of the International Taekw",proposed
Q356335,oh-do-kwan,"[taxonomy:Mainland Japanese + Korean trees (Shotokan, Wado, Chito, Shudokan group, Shindo Jinen-ryu, Kushin-ryu, Koei-kan, Kyokushin tree, Taekwondo kwans, ITF/Kukkiwon, Tang Soo Do/Soo Bahk Do)/confirmed] Co-founder of the army Oh Do Kwan ",proposed
Q3959901,kuniba-ha,[taxonomy:shito-ryu/confirmed] Renamed the Motobu-ha system Kuniba-ha Shito-ryu before his death in 1992.,proposed
Q4785266,isshin-ryu-kobudo,"[taxonomy:kobudo + uechi-ryu + remaining trees (ryuei-ryu, kojo-ryu, toon-ryu, motobu, kishimoto-di, bugeikan, genseiryu/taido)/confirmed] Direct student of Shimabuku Tatsuo and leading authority on Isshin-ryū weapons (roster tags isshin-ry",proposed
Q550492,american-kenpo,"[taxonomy:kenpo + international trees (kenpo family, American karate offshoots, Nanbu styles)/confirmed] Named among Ed Parker's notable students; earned his kenpo black belt under Parker before joining Bruce Lee. Upgrades generic roster ta",proposed
Q6167244,tracy-kenpo,"[taxonomy:kenpo + international trees (kenpo family, American karate offshoots, Nanbu styles)/confirmed] Trained under Ed Parker and Al Tracy in American Kenpo; promoted to 8th-degree black belt by Al Tracy. Upgrades generic roster tag kenp",proposed
Q6418995,uechi-ryu-kenyukai,"[taxonomy:kobudo + uechi-ryu + remaining trees (ryuei-ryu, kojo-ryu, toon-ryu, motobu, kishimoto-di, bugeikan, genseiryu/taido)/confirmed] Founded the Kenyūkai in 1981 in his father Seiyū's memory and heads the International Kenyūkai Associ",proposed
Q64574038,ryuei-ryu,"[taxonomy:kobudo + uechi-ryu + remaining trees (ryuei-ryu, kojo-ryu, toon-ryu, motobu, kishimoto-di, bugeikan, genseiryu/taido)/confirmed] Olympic kata champion; Ryūei-ryū practitioner and student of Sakumoto Tsuguo; currently tagged only g",proposed
Q64929894,shinkyokushin,"[taxonomy:Mainland Japanese + Korean trees (Shotokan, Wado, Chito, Shudokan group, Shindo Jinen-ryu, Kushin-ryu, Koei-kan, Kyokushin tree, Taekwondo kwans, ITF/Kukkiwon, Tang Soo Do/Soo Bahk Do)/confirmed] WKO Shinkyokushin world champion (",proposed
Q6753487,shito-kai,[taxonomy:shito-ryu/confirmed] Led the East Japan (Higashi-Nihon) headquarters from 1960 and co-founded the unified All Japan Karatedo Shito-kai in 1964; later its president.,proposed
Q6782576,kobayashi-shorin-ryu,[taxonomy:shorin-ryu-tree/plausible] Chairman of Shorin-ryu Shinkokai; Kobayashi lineage via Sokuichi Gibu and Seiki Toma.,proposed
Q6884566,world-oyama,"[taxonomy:Mainland Japanese + Korean trees (Shotokan, Wado, Chito, Shudokan group, Shindo Jinen-ryu, Kushin-ryu, Koei-kan, Kyokushin tree, Taekwondo kwans, ITF/Kukkiwon, Tang Soo Do/Soo Bahk Do)/confirmed] Co-founded World Oyama Karate with",proposed
Q6918025,ryukyu-kobujutsu-hozon-shinko-kai,"[taxonomy:kobudo + uechi-ryu + remaining trees (ryuei-ryu, kojo-ryu, toon-ryu, motobu, kishimoto-di, bugeikan, genseiryu/taido)/confirmed] Received the first hanshi diploma from Taira Shinken; headed the Ryūkyū Kobujutsu Hozon Shinkō Kai in",proposed
Q727360,shito-kai,[taxonomy:shito-ryu/confirmed] President of the West Japan (Nishi-Nihon) headquarters from 1960 and co-leader of the unified All Japan Karatedo Shito-kai from 1964.,proposed
Q7364578,chinese-goju,"[taxonomy:Goju-ryu complete tree (Okinawan branches, Japanese Goju-kai and its offshoots)/confirmed] Student of Peter Urban and Frank Ruiz; founded the Chinese Gōjū system on 25 January 1971.",proposed
Q7827674,matsubayashi-ryu,"[taxonomy:shorin-ryu-tree/confirmed] Matsubayashi lineage (Shima-ha Shorin-ryu, via Masao Shima) alongside his Yamanni-ryu kobudo.",proposed
Q9096235,chung-do-kwan,"[taxonomy:Mainland Japanese + Korean trees (Shotokan, Wado, Chito, Shudokan group, Shindo Jinen-ryu, Kushin-ryu, Koei-kan, Kyokushin tree, Taekwondo kwans, ITF/Kukkiwon, Tang Soo Do/Soo Bahk Do)/confirmed] Founder of the Chung Do Kwan (1944",proposed
